# This file uses centimeters as units for non-parametric coordinates.

mtllib polar_bear1.mtl
g default
v 1.086455 3.988616 2.259162
v 0.411000 4.245533 2.265661
v 1.062282 4.970566 2.120838
v 0.601778 4.957275 2.145897
v 0.954993 5.266350 1.843089
v 0.532680 5.182967 1.894171
v 1.046081 4.093717 1.936659
v 0.396066 4.303944 1.962144
v 0.901101 3.491963 2.002705
v 0.296079 3.737791 2.027515
v 0.296079 3.737790 2.282130
v 0.901101 3.491963 2.258687
v 0.657453 3.331440 2.071960
v 0.329367 3.450503 2.080765
v 0.329367 3.450503 2.254508
v 0.657453 3.331440 2.246026
v -1.446064 3.945120 2.260312
v -0.803154 4.275139 2.265661
v -1.530601 4.923722 2.128684
v -1.071451 4.961426 2.147749
v -1.456671 5.229556 1.861068
v -1.027728 5.193374 1.902017
v -1.417557 4.054041 1.941716
v -0.794769 4.334843 1.963293
v -1.206937 3.472004 2.002705
v -0.632803 3.783215 2.027515
v -0.632803 3.783215 2.282130
v -1.206937 3.472004 2.258687
v -0.947036 3.339403 2.071960
v -0.634124 3.494008 2.080765
v -0.634124 3.494008 2.254509
v -0.947036 3.339403 2.246026
v -1.649602 3.048786 1.626326
v 1.400920 3.071526 1.656032
v -1.496003 5.721520 1.552075
v 1.216062 5.817801 1.577585
v -1.510662 5.735220 -0.963392
v 1.207364 5.839276 -0.988903
v -1.665758 3.037820 -1.037113
v 1.417265 3.060240 -1.066231
v -1.524567 6.396823 1.025567
v 1.021083 7.185074 1.070513
v 0.851679 7.234088 -0.491650
v -1.538260 6.383038 -0.440545
v -1.704037 6.777551 1.353532
v 0.720287 7.956017 1.574435
v 0.696277 7.996995 -0.781544
v -1.861720 6.513906 -0.534397
v -2.076139 7.548900 1.348053
v 0.330536 8.835429 1.361974
v 0.443550 8.970126 -0.554366
v -2.352780 7.325148 -0.571668
v -2.153350 8.275354 1.001243
v -0.458742 9.289335 1.001774
v -0.436056 9.316902 -0.375054
v -2.188852 8.228533 -0.374524
v -1.700325 1.939678 -0.240954
v 1.454618 1.959067 -0.261487
v 1.454618 1.944356 0.803560
v -1.700325 1.923124 0.778735
v -0.474382 1.785853 0.772083
v -0.488460 2.612115 1.662042
v -0.451810 6.207910 1.584495
v -0.559220 6.804568 1.320546
v -0.744400 7.268213 1.781194
v -1.051874 8.031451 1.754504
v -1.459098 8.884840 1.076978
v -1.473436 8.849265 -0.465059
v -1.121935 7.859409 -1.030007
v -0.792053 7.167645 -0.991019
v -0.577802 6.803345 -0.882999
v -0.459746 6.240087 -1.034418
v -0.494621 2.587821 -1.077396
v -0.474382 1.803942 -0.239684
v 0.315528 2.612494 1.662740
v 0.226220 6.239366 1.584495
v 0.102458 6.993545 1.320546
v -0.103875 7.570055 1.781194
v -0.448282 8.334809 1.754504
v -0.931143 9.149332 1.076978
v -0.924588 9.159294 -0.465059
v -0.421003 8.377200 -1.030007
v -0.122972 7.589808 -0.991019
v 0.018258 7.063058 -0.882999
v 0.214041 6.284423 -1.034418
v 0.323206 2.587821 -1.077396
v 0.311082 1.803409 -0.239741
v 0.311082 1.786960 0.775844
v -1.316030 1.160102 -0.010823
v -0.740009 1.160103 -0.010823
v -0.740009 1.155035 0.508975
v -1.316030 1.155035 0.508975
v 0.556668 1.154935 -0.012840
v 0.556668 1.150029 0.510978
v 1.088538 1.154935 -0.012840
v 1.088538 1.150029 0.510978
v 1.881089 3.770028 -0.462807
v 1.881089 3.769376 1.056478
v 1.725556 5.210063 -0.407197
v 1.732728 5.208222 1.001685
v 1.483067 6.003913 -0.164098
v 1.520465 5.994314 0.753868
v 1.873975 3.064273 0.779227
v 1.873975 3.067671 -0.196358
v -2.132819 3.593139 -0.318278
v -2.132819 3.592402 0.911790
v -2.045878 4.920456 0.875032
v -2.045878 4.920456 -0.280543
v -1.965888 5.422959 0.681375
v -1.965888 5.422959 -0.091606
v -2.120029 2.925783 -0.101324
v -2.120029 2.921935 0.682854
v -2.166623 6.773354 0.802138
v -2.223003 6.727509 -0.128687
v -2.308034 7.153317 0.785669
v -2.352235 7.100187 -0.116210
v 1.167346 7.629010 0.771230
v 1.126779 7.638922 -0.168307
v 1.162724 8.078706 -0.345913
v 1.173886 8.070269 0.983283
v 0.982380 8.600340 -0.161467
v 0.959535 8.570266 0.828040
v -2.795286 7.802610 0.714083
v -2.829108 7.762352 -0.182396
v -2.721649 8.241372 0.694412
v -2.734039 8.226625 -0.089250
v -2.452456 7.427657 0.343667
v -2.492541 7.379944 -0.139824
v -2.691998 7.545024 0.260789
v -2.704388 7.530276 -0.104725
v 0.312655 9.483976 0.775787
v 0.329615 9.503379 -0.144113
v -0.203035 9.767170 -0.151112
v -0.208023 9.761462 0.751991
v -1.081021 3.747556 1.932608
v -0.385396 3.555456 1.965390
v -0.359371 5.299956 1.884120
v -1.013810 5.107856 1.869236
v 0.187087 3.555456 1.965390
v 0.154653 5.299956 1.884120
v 0.838239 3.747556 1.932608
v 0.769178 5.107856 1.869236
v -1.106769 5.171288 -1.266228
v -0.388841 5.398319 -1.278903
v -0.417801 3.457093 -1.369338
v -1.179812 3.684124 -1.335510
v 0.191380 5.398319 -1.278903
v 0.227471 3.457093 -1.369338
v 0.864238 5.171288 -1.266228
v 0.939337 3.684124 -1.335510
v 0.218661 9.731807 0.524331
v 0.218661 9.731809 0.069550
v -0.063081 9.874174 0.069550
v -0.063081 9.874175 0.524331
v -0.094506 3.555456 1.965390
v 0.150250 4.427706 1.958184
v -0.098185 5.299956 1.884120
v -0.107289 6.223894 1.584495
v 0.185726 6.628684 1.383322
v -0.223008 6.900591 1.325393
v 0.008222 7.285903 1.526496
v -0.416484 7.419976 1.807365
v -0.248502 7.917920 1.849389
v -0.733260 8.182470 1.780675
v -0.709367 8.794153 1.536608
v -1.182302 9.044442 1.081825
v -1.009346 9.276912 0.298744
v -1.185491 9.031370 -0.473869
v -0.749230 8.117647 -1.072916
v -0.689203 8.824891 -0.881682
v -0.437095 7.385013 -1.024488
v -0.234901 7.945951 -1.045452
v -0.264092 6.938381 -0.915404
v -0.054185 7.332426 -0.918319
v -0.115437 6.263072 -1.040841
v 0.128007 6.681423 -0.929844
v -0.094019 5.398320 -1.278903
v 0.194518 4.427705 -1.356733
v -0.089925 3.457093 -1.369338
v -0.079067 2.587821 -1.077396
v 0.338282 2.221546 -0.707018
v -0.076243 1.912111 -0.234296
v -0.332368 1.685834 0.262629
v 0.177658 1.685717 0.264243
v 0.555250 3.578872 1.961339
v 0.831283 4.427706 1.918835
v 0.488959 5.276540 1.882251
v 0.680882 6.218427 1.584033
v 1.109831 6.543350 1.336289
v 0.542209 7.112326 1.290315
v 0.842827 7.619318 1.389097
v 0.309113 7.772779 1.702941
v 0.544713 8.334183 1.594792
v -0.099112 8.554539 1.663470
v -0.155460 9.160183 1.357028
v -0.678461 9.195735 1.058795
v -0.560325 9.358668 0.300224
v -0.660879 9.220391 -0.436676
v -0.021980 8.665362 -0.893831
v -0.083609 9.247232 -0.654432
v 0.286599 7.815663 -0.896442
v 0.604582 8.423777 -0.772032
v 0.403977 7.182344 -0.777855
v 0.728354 7.658696 -0.702290
v 0.665242 6.261329 -1.016058
v 1.003880 6.579655 -0.773035
v 0.566095 5.370444 -1.277314
v 0.945330 4.427706 -1.318345
v 0.639604 3.484969 -1.365152
v 0.862734 2.630329 -1.076736
v 1.435657 2.442994 -0.713073
v 0.887978 1.817706 -0.371724
v 0.491375 1.095358 0.247404
v 0.815157 1.097819 -0.083417
v 1.138940 1.095358 0.247404
v 0.815157 1.092898 0.578225
v 0.846806 2.653755 1.662629
v 0.887978 1.799656 0.909213
v 1.434265 2.433619 1.282379
v -0.634544 1.397020 -0.098289
v -1.478926 1.409262 -0.098644
v -0.634545 1.386347 0.608126
v -1.478926 1.398715 0.608987
v -1.823482 1.883332 0.266911
v 0.460826 1.393908 -0.099677
v 0.460826 1.384060 0.611640
v 1.241875 1.407902 -0.101584
v 1.570015 1.910558 0.268993
v 1.241875 1.398196 0.614109
v 1.440516 4.439508 -1.073889
v 1.535341 5.478277 -0.790209
v 1.729872 3.472371 -0.856634
v 1.418526 4.438684 1.669025
v 1.728366 3.471426 1.447343
v 1.555466 5.471513 1.382879
v 1.254451 6.473334 -0.321672
v 1.046594 7.161287 0.288969
v 1.337788 6.451440 0.905386
v 1.757508 2.627824 0.874876
v 1.757508 2.635330 -0.306260
v -1.681236 4.397449 1.630827
v -1.861244 5.254910 1.272133
v -1.982943 3.367217 1.320486
v -1.705225 4.397677 -1.035740
v -1.984439 3.368425 -0.730261
v -1.862619 5.255952 -0.679463
v -1.815574 5.810967 0.839248
v -1.816687 5.809883 -0.254590
v -2.007704 2.544559 -0.220031
v -2.007704 2.536066 0.785883
v -2.036901 6.734757 1.062224
v -2.129613 6.631366 -0.315111
v -2.245773 7.277620 1.032570
v -2.301776 7.368166 0.355829
v -2.347555 7.162553 -0.294637
v 1.011574 7.541452 -0.323822
v 1.097750 7.519269 0.928651
v 0.990371 8.069793 -0.659811
v 1.010215 8.044469 1.378589
v 0.809503 8.736035 -0.332140
v 0.522855 8.981368 0.396957
v 0.754760 8.669423 1.071215
v -2.450068 7.380085 0.076722
v -2.556943 7.467357 0.297336
v -2.722643 7.545745 0.053766
v -2.582155 7.437346 -0.166849
v -2.507556 8.290160 0.876873
v -2.502691 7.733114 1.063647
v -2.531911 8.260713 -0.260765
v -2.621878 7.604656 -0.455095
v -2.356691 7.463387 0.676749
v -2.456850 7.357760 -0.246237
v -2.756358 7.633840 0.471782
v -2.780546 7.605050 -0.148016
v 0.354182 9.307542 -0.266632
v 0.416892 9.444469 0.318636
v 0.297764 9.242551 0.981988
v -0.292285 9.599364 -0.270721
v 0.065285 9.637556 -0.313340
v -0.307822 9.581429 0.886503
v -0.301286 9.813522 0.297640
v 0.050320 9.620437 0.929616
v -0.439011 2.998108 1.883083
v -1.318016 3.429664 1.860586
v -1.210158 5.418232 1.772714
v -0.398108 5.853765 1.759044
v 0.253903 2.998146 1.883152
v 0.198565 5.856911 1.759044
v 1.071446 3.431718 1.863196
v 0.959034 5.426637 1.775008
v -0.415410 5.940881 -1.161353
v -1.275401 5.475929 -1.172574
v -1.389368 3.372225 -1.265534
v -0.458639 2.911781 -1.289752
v 0.217921 5.945314 -1.161353
v 0.278364 2.911781 -1.289752
v 1.023005 5.485085 -1.174869
v 1.143797 3.374249 -1.268089
v 0.284907 9.645047 -0.040839
v 0.283211 9.643108 0.638499
v -0.132227 9.855294 -0.041539
v -0.132726 9.854722 0.636119
v 1.132356 4.525435 2.207127
v 0.853306 5.008348 2.159000
v 0.494491 4.640367 2.218665
v 0.753755 4.102210 2.319322
v 1.064613 5.244869 1.962397
v 0.728949 5.376002 1.819746
v 0.517642 5.139480 2.016348
v 1.017261 4.827518 1.851767
v 0.716046 4.213695 1.892491
v 0.447519 4.817423 1.909956
v 0.680621 3.302701 2.161345
v 0.484378 3.372838 2.274580
v 0.288135 3.442976 2.169651
v 0.484378 3.372838 2.056415
v 0.283036 4.317205 2.116810
v 1.186765 3.998699 2.095003
v 1.000964 3.674178 1.982952
v 0.598590 3.614877 1.968692
v 0.340654 3.958002 2.002068
v 0.186075 3.782487 2.159209
v 0.342147 3.952161 2.281502
v 0.598590 3.614877 2.316827
v 1.005002 3.663668 2.266053
v 1.011104 3.447267 2.126310
v 0.775027 3.376757 2.029569
v 0.287816 3.560364 2.047518
v 0.287816 3.560364 2.279298
v 0.775027 3.376757 2.262073
v -1.127962 4.094800 2.319438
v -0.929784 4.658321 2.218879
v -1.327084 4.984377 2.162983
v -1.551033 4.473575 2.211057
v -1.007974 5.151817 2.020333
v -1.244135 5.363526 1.835100
v -1.563244 5.196087 1.977751
v -0.902675 4.839486 1.913886
v -1.102810 4.209771 1.896053
v -1.470041 4.786530 1.866799
v -0.779599 3.399682 2.056415
v -0.592313 3.491086 2.169651
v -0.779599 3.399682 2.274580
v -0.966885 3.308278 2.161345
v -0.683898 4.360520 2.116925
v -1.546874 3.944052 2.098566
v -0.701451 3.997148 2.002182
v -0.919870 3.627610 1.968692
v -1.326334 3.642061 1.983458
v -0.702289 3.991177 2.281502
v -0.528415 3.839799 2.159209
v -1.329184 3.631169 2.266168
v -0.919870 3.627609 2.316827
v -1.311325 3.415421 2.126310
v -0.604974 3.607790 2.047518
v -1.068899 3.371444 2.029569
v -0.604974 3.607790 2.279297
v -1.068899 3.371444 2.262073
v -0.778457 3.578872 1.961339
v -0.355838 4.427706 1.958184
v -0.716037 5.276540 1.882251
v -1.080482 4.427706 1.918835
v -1.790273 8.622379 1.058743
v -1.526466 9.014025 0.298744
v -1.819234 8.573910 -0.436623
v -2.171604 8.342594 0.300224
v -0.788792 5.370443 -1.277314
v -0.391359 4.427705 -1.356733
v -0.857993 3.484969 -1.365152
v -1.192718 4.427706 -1.318345
v -1.020558 1.103495 -0.080530
v -0.669801 1.101053 0.247700
v -1.020558 1.098611 0.575931
v -1.371315 1.101053 0.247700
v 1.929722 3.873642 0.297416
v 1.819135 4.481520 -0.452823
v 1.790075 5.116015 0.297498
v 1.819853 4.481271 1.047737
v -2.180069 3.670539 0.297400
v -2.090834 4.274625 0.910673
v -2.105904 4.804216 0.297498
v -2.090834 4.274699 -0.315775
v -0.936226 6.146182 1.581820
v -0.501611 6.526113 1.383322
v -1.027228 6.659373 1.282908
v -1.484869 6.169991 1.302721
v 1.608863 5.689604 -0.330952
v 1.529175 5.942559 0.295362
v 1.632051 5.683652 0.923786
v -0.949508 6.173947 -1.013844
v -1.487442 6.170008 -0.739102
v -1.045752 6.638504 -0.769826
v -0.511017 6.537519 -0.929844
v -2.015070 5.242071 0.812512
v -1.998979 5.342436 0.295362
v -2.015070 5.242071 -0.219677
v -0.639376 7.026836 1.526496
v -1.202626 7.053878 1.683960
v -1.518956 6.633766 1.121725
v 1.166112 7.606809 0.297325
v 1.167175 7.801961 -0.320170
v 1.223764 8.077923 0.303717
v 1.196319 7.794801 0.939473
v -1.587552 6.549483 -0.415217
v -1.315908 6.886043 -0.874847
v -0.670603 6.985266 -0.918319
v -1.666404 6.315293 0.308409
v -1.877204 6.451748 0.400068
v -0.876723 7.605361 1.849389
v -1.498319 7.816715 1.662688
v -1.798318 7.169451 1.559024
v 1.088841 8.387967 -0.314052
v 0.991240 8.618654 0.323380
v 1.079884 8.368693 0.959655
v -2.000537 6.931691 -0.735033
v -1.656197 7.580646 -0.894936
v -0.943050 7.447324 -1.045452
v -2.207244 6.696949 0.327406
v -2.241292 6.951654 0.881131
v -2.368419 7.166127 0.325002
v -2.286534 6.906354 -0.228723
v -1.273320 8.507468 1.536608
v -2.097138 8.072034 1.357216
v 0.246976 9.729342 0.296940
v 0.077790 9.814833 0.023845
v -0.091396 9.900325 0.296940
v 0.077790 9.814834 0.570036
v -2.221407 7.925183 -0.657957
v -1.318466 8.395634 -0.881682
v -2.900122 7.820518 0.253526
v -2.788422 8.055315 0.789398
v -2.771622 8.282607 0.298247
v -2.812610 8.026525 -0.182793
v -1.070990 2.628394 -1.074143
v -0.505764 2.221594 -0.707006
v -1.093348 1.816893 -0.368938
v -1.677445 2.414512 -0.673099
v 1.900659 3.335402 0.990636
v 1.899138 3.128453 0.292528
v 1.900659 3.337509 -0.400750
v -1.055954 2.651306 1.659092
v -1.676074 2.403720 1.239718
v -1.093348 1.796695 0.902311
v -0.505148 2.210297 1.268925
v -2.145906 3.176388 -0.260039
v -2.143860 2.974841 0.291978
v -2.145906 3.174002 0.849353
v 0.337514 2.211430 1.271165
v -0.079937 2.612305 1.662391
v -0.076243 1.896586 0.775104
v 0.829439 4.545287 2.272737
v 0.796736 5.364056 1.968959
v 0.716953 4.877843 1.818911
v 0.468518 3.340997 2.169330
v 0.361983 4.744076 2.070043
v 1.184409 4.679054 2.021606
v 0.670306 3.817576 1.941370
v 0.221113 4.007110 2.144927
v 0.674077 3.806427 2.324917
v 1.123271 3.616893 2.121360
v 0.530602 3.466916 1.996526
v 0.199777 3.591452 2.166620
v 0.530602 3.466916 2.313098
v 0.861427 3.342380 2.143004
v -1.252168 4.526794 2.273443
v -1.310187 5.344160 1.980012
v -1.177138 4.869748 1.829902
v -0.760317 3.369790 2.169331
v -0.809555 4.776045 2.070749
v -1.619751 4.620496 2.032596
v -1.013557 3.821138 1.941727
v -0.588072 4.059171 2.144938
v -1.016072 3.809641 2.324928
v -1.441557 3.571607 2.121716
v -0.835941 3.488072 1.996526
v -0.520912 3.648420 2.166620
v -0.835941 3.488072 2.313098
v -1.150970 3.327725 2.143004
v -0.712763 4.427706 1.954237
v -1.837749 8.736507 0.299764
v -0.800776 4.427706 -1.352883
v -1.007457 1.001815 0.245285
v 1.872307 4.488603 0.297541
v -2.144254 4.253211 0.297539
v -0.987660 6.432305 1.373805
v 1.689754 5.537908 0.297172
v -0.991435 6.433827 -0.865620
v -2.076718 5.086845 0.297172
v -1.092999 6.843157 1.452657
v 1.226817 7.807970 0.301240
v -1.153155 6.765285 -0.794762
v -1.712622 6.428137 0.361257
v -1.333424 7.391397 1.753296
v 1.145713 8.370457 0.305627
v -1.483147 7.165929 -0.923539
v -2.297709 6.921731 0.309481
v -1.661147 8.283483 1.484111
v 0.077790 9.835627 0.296940
v -1.754766 8.130988 -0.797662
v -2.889185 8.063303 0.294515
v -1.103621 2.239994 -0.713811
v 1.946397 3.487216 0.296669
v -1.102161 2.228356 1.275802
v -2.189342 3.302686 0.296572
v -0.077047 2.219241 1.268142
v -0.098684 4.427706 1.958184
v -0.152361 6.578231 1.383807
v -0.310073 7.158313 1.542005
v -0.549796 7.759586 1.879438
v -0.975559 8.661590 1.552117
v -1.256184 9.177977 0.298348
v -0.985639 8.620337 -0.909408
v -0.566579 7.697444 -1.086253
v -0.343979 7.166133 -0.951958
v -0.180061 6.612165 -0.950169
v -0.093663 4.427706 -1.356732
v -0.076960 2.229755 -0.704617
v -0.075579 1.795111 0.266444
v 0.484785 4.427705 1.954237
v 0.641347 6.674443 1.377194
v 0.433187 7.455954 1.477979
v 0.138254 8.139250 1.757390
v -0.417492 8.955986 1.484263
v -0.768695 9.295348 0.299764
v -0.362878 9.032776 -0.797499
v 0.183225 8.219292 -0.927750
v 0.333476 7.509052 -0.822078
v 0.547984 6.726054 -0.869070
v 0.578009 4.427706 -1.352883
v 0.897995 2.242646 -0.717735
v 0.802083 0.995052 0.244481
v 0.896447 2.232622 1.282717
v -1.056577 1.396795 -0.224013
v -0.487599 1.378295 0.254524
v -1.056577 1.382859 0.733823
v -1.622752 1.397320 0.254937
v 0.324789 1.375509 0.255536
v 0.851125 1.393724 -0.226577
v 1.374890 1.397162 0.255995
v 0.851125 1.380864 0.738495
v 1.663720 4.461611 -0.869278
v 1.663486 4.460867 1.463828
v 1.373446 6.123009 -0.644200
v 1.273791 6.543010 0.291391
v 1.441734 6.104563 1.230851
v 1.753760 2.902234 1.262580
v 1.768382 2.566914 0.282646
v 1.753958 2.908369 -0.682510
v -1.931586 4.334191 1.343216
v -1.933902 4.334409 -0.748713
v -1.826382 5.679792 1.131720
v -1.826332 5.823072 0.293189
v -1.826743 5.679785 -0.545008
v -2.003981 2.812301 -0.557217
v -2.019064 2.475043 0.281116
v -2.003786 2.805332 1.135660
v -2.065034 6.537543 0.372210
v -2.095860 7.023001 1.278594
v -2.367610 7.295086 0.364594
v -2.221732 6.886096 -0.535713
v 1.065249 7.460635 0.293363
v 1.004396 7.760303 -0.600222
v 1.080535 7.739232 1.262340
v 0.911472 8.438062 -0.622506
v 0.760114 8.797298 0.367357
v 0.875380 8.381805 1.361183
v -2.566731 7.435753 0.021815
v -2.502184 8.043585 1.136454
v -2.517707 8.374682 0.299185
v -2.578964 7.953319 -0.482076
v -2.352726 7.370667 0.218283
v -2.537101 7.552794 0.691176
v -2.839361 7.658572 0.151288
v -2.611838 7.466101 -0.321633
v 0.439712 9.225183 0.364906
v 0.029546 9.470088 -0.479270
v -0.410313 9.647086 0.299130
v -0.017665 9.415609 1.143795
v -0.917989 3.040302 1.880580
v -0.816044 5.809341 1.759997
v -1.394099 4.424624 1.820713
v -0.086927 2.998127 1.883117
v -0.094926 5.855364 1.759044
v 0.701989 3.040612 1.881015
v 1.136064 4.428838 1.824391
v 0.590040 5.816456 1.760295
v -0.859313 5.893124 -1.160645
v -0.967426 2.956997 -1.287080
v -1.472102 4.424658 -1.222505
v -0.093408 5.943179 -1.161995
v -0.084153 2.911781 -1.289752
v 0.632906 5.901731 -1.160943
v 1.214095 4.428959 -1.226176
v 0.754304 2.957257 -1.287421
v 0.358718 9.607344 0.299110
v 0.076539 9.751473 -0.162816
v -0.207135 9.893890 0.297010
v 0.075043 9.749762 0.758936
v 0.040660 6.273870 -1.039235
v -0.143425 6.434033 -0.990009
v -0.033743 6.647151 -0.945088
v 0.178788 6.476733 -0.977163
v -0.275243 6.251865 -1.039235
v -0.332100 6.575833 -0.945088
v -0.221549 6.784577 -0.924306
v 0.071297 6.882272 -0.896957
v -0.232441 4.427706 -1.356733
v -0.092147 3.909263 -1.372732
v -0.242772 3.457093 -1.369338
v -0.231457 5.398318 -1.278903
v -0.094334 4.946148 -1.324427
v 0.041063 5.398318 -1.278903
v 0.188606 4.946148 -1.324427
v 0.042736 4.427706 -1.356733
v 0.207884 3.909264 -1.372732
v 0.060302 3.457094 -1.369338
v -0.276367 2.226488 -0.704791
v -0.076548 2.054825 -0.476960
v -0.256224 1.889192 -0.235488
v -0.272786 2.587821 -1.077396
v -0.077703 2.412341 -0.908041
v 0.111333 2.587821 -1.077396
v 0.335229 2.412341 -0.908041
v 0.119119 2.226465 -0.704792
v 0.331410 2.021991 -0.486564
v 0.101371 1.889065 -0.235376
v -0.362129 1.704122 0.509121
v -0.212494 1.768529 0.265218
v -0.075820 1.817011 0.520649
v -0.362129 1.713814 0.017651
v -0.075820 1.826176 0.014151
v 0.205610 1.713372 0.018316
v 0.060298 1.768682 0.266203
v 0.205610 1.704502 0.511794
v 0.309993 4.427706 1.958184
v 0.475372 4.876456 1.925207
v 0.316901 5.299955 1.884120
v 0.367787 3.555456 1.965390
v 0.510323 3.978956 1.967018
v 0.723853 3.649119 1.949187
v 0.843331 4.027671 1.931552
v 0.661043 4.427706 1.942398
v 0.801847 4.827740 1.894280
v 0.651559 5.206293 1.876644
v 0.402678 6.661060 1.382716
v 0.595175 6.902053 1.305370
v 0.311311 7.053194 1.314488
v 0.440235 6.249295 1.584495
v 0.674605 6.441609 1.476789
v 0.936434 6.104184 1.582648
v 1.164060 6.229296 1.452152
v 0.884565 6.644039 1.362081
v 1.058157 6.836620 1.215236
v 0.779760 7.159734 1.232334
v 0.212220 7.367944 1.507110
v 0.374987 7.612164 1.601646
v 0.094189 7.668027 1.748480
v 0.488570 7.293150 1.361026
v 0.908335 7.439417 1.249555
v 0.651661 7.541108 1.437112
v 0.784198 7.787529 1.499263
v 0.523583 7.872658 1.644839
v -0.063604 8.024364 1.811829
v 0.030232 8.343194 1.723023
v -0.282315 8.436663 1.721790
v 0.230708 7.948792 1.752777
v 0.638933 8.136745 1.608991
v 0.345349 8.249406 1.684222
v 0.442206 8.552795 1.523698
v 0.098099 8.683981 1.567022
v -0.564771 8.870426 1.517222
v -0.563472 9.095691 1.312740
v -0.803479 9.175548 1.070920
v -0.255530 8.767204 1.592528
v 0.053390 9.020432 1.404832
v -0.275625 9.051127 1.431913
v -0.328928 9.240548 1.225893
v -0.561684 9.222653 1.036961
v -0.887068 9.291158 0.299240
v -0.740422 9.275402 -0.098088
v -0.791224 9.194171 -0.454046
v -0.747455 9.265540 0.703264
v -0.536630 9.334348 0.675016
v -0.658392 9.304968 0.300149
v -0.527556 9.345375 -0.068000
v -0.540256 9.250399 -0.410996
v 0.197704 8.813777 -0.774933
v -0.184767 8.867238 -0.864317
v -0.208139 9.138381 -0.732095
v 0.150230 9.137055 -0.651941
v -0.230236 8.518573 -0.976372
v -0.526964 8.928157 -0.847026
v -0.528307 9.145005 -0.662383
v -0.283556 9.295684 -0.566334
v 0.499797 7.917027 -0.838619
v 0.244905 8.006649 -0.919784
v 0.401767 8.339931 -0.850053
v 0.659262 8.198297 -0.792627
v 0.073429 7.703169 -0.949184
v -0.033821 8.083658 -0.994451
v 0.097473 8.444120 -0.917038
v 0.534347 8.670184 -0.705073
v 0.618886 7.221605 -0.681160
v 0.361042 7.357397 -0.788128
v 0.539110 7.588832 -0.760423
v 0.758148 7.485720 -0.621884
v 0.199917 7.126498 -0.842492
v 0.130544 7.421372 -0.876269
v 0.312393 7.655803 -0.861027
v 0.713520 7.823124 -0.753471
v 0.922300 6.139776 -1.004331
v 0.619795 6.483765 -0.939969
v 0.779629 6.689036 -0.823947
v 1.104582 6.256364 -0.878352
v 0.425696 6.294893 -1.026390
v 0.326347 6.715621 -0.904437
v 0.471168 6.965405 -0.809934
v 0.912669 6.882156 -0.652957
v 0.379445 4.427706 -1.356733
v 0.602355 3.923828 -1.368430
v 0.431146 3.457093 -1.369338
v 0.374522 5.398318 -1.278903
v 0.563181 4.931584 -1.321482
v 0.741705 5.286815 -1.272547
v 0.908647 4.866314 -1.292137
v 0.770702 4.427706 -1.341332
v 0.953840 3.989098 -1.333003
v 0.821122 3.568597 -1.352593
v 0.606945 2.219926 -0.712996
v 0.897349 2.033043 -0.527874
v 0.599948 1.804029 -0.342078
v 0.581346 2.587821 -1.077396
v 0.888526 2.445113 -0.908100
v 1.144350 2.757855 -1.074755
v 1.429187 2.701141 -0.897435
v 1.184319 2.310747 -0.716242
v 1.442568 2.213256 -0.506411
v 1.173735 1.858173 -0.350340
v 0.512529 1.112845 0.403315
v 0.633552 1.020221 0.245215
v 0.805364 1.019128 0.425586
v 0.661100 1.111755 0.556003
v 0.512529 1.115626 0.092593
v 0.661100 1.116715 -0.060094
v 0.805364 1.021314 0.064843
v 0.974136 1.116715 -0.060094
v 1.122706 1.115625 0.092593
v 0.977176 1.020221 0.245215
v 1.122707 1.112845 0.403315
v 0.974136 1.111755 0.556003
v 1.126293 2.777310 1.661884
v 0.882332 2.447771 1.484927
v 1.182690 2.300828 1.282664
v 1.423617 2.700111 1.477739
v 0.569301 2.612546 1.662835
v 0.605741 2.209862 1.277356
v 0.599948 1.786143 0.878889
v 0.897349 2.016620 1.079383
v 1.173735 1.840972 0.889140
v 1.442568 2.199308 1.063271
v -1.076696 1.599122 -0.279978
v -1.288017 1.403798 -0.193223
v -1.573675 1.633183 -0.146759
v -0.575568 1.584215 -0.145338
v -0.825530 1.397392 -0.192948
v -0.688882 1.248642 -0.054511
v -1.036850 1.229047 -0.167525
v -1.390233 1.248642 -0.054511
v -0.417120 1.543921 0.258782
v -0.523292 1.387108 0.061701
v -0.575568 1.569718 0.665058
v -0.523292 1.381217 0.447684
v -0.688882 1.241290 0.556917
v -0.564650 1.224459 0.250704
v -1.076696 1.580973 0.800590
v -0.825530 1.384160 0.702797
v -1.573675 1.619187 0.668505
v -1.288017 1.390649 0.703332
v -1.390233 1.241290 0.556917
v -1.036850 1.219871 0.668933
v -1.797619 1.888952 0.518008
v -1.725055 1.620019 0.260436
v -1.588385 1.398240 0.448452
v -1.797619 1.897622 0.016599
v -1.588385 1.404048 0.061657
v -1.509050 1.224459 0.250704
v 0.259024 1.542688 0.260313
v 0.357859 1.378700 0.450054
v 0.406410 1.569271 0.668996
v 0.406410 1.582452 -0.146017
v 0.357859 1.384135 0.061400
v 0.510237 1.244291 -0.056387
v 0.395347 1.220093 0.251039
v 0.510237 1.237350 0.559673
v 0.871275 1.598035 -0.282490
v 0.637451 1.394151 -0.195015
v 1.332539 1.638429 -0.153647
v 1.065239 1.401484 -0.196329
v 1.157997 1.244291 -0.056387
v 0.831415 1.224470 -0.170388
v 1.545790 1.922964 0.004790
v 1.473241 1.629303 0.262148
v 1.343117 1.403445 0.060343
v 1.545790 1.915250 0.534010
v 1.332539 1.625814 0.678873
v 1.343117 1.398104 0.451914
v 1.157997 1.237350 0.559673
v 1.267484 1.220093 0.251039
v 0.871275 1.581624 0.806497
v 1.065239 1.389366 0.708587
v 0.637452 1.381938 0.706983
v 0.831415 1.215716 0.672466
v 1.464801 3.747339 -1.088819
v 1.555896 4.449853 -0.986200
v 1.703686 3.932963 -0.878837
v 1.604493 3.279234 -0.964022
v 1.361992 5.136138 -1.040010
v 1.395363 5.649332 -0.897186
v 1.606316 4.996814 -0.838083
v 1.645803 5.327394 -0.635466
v 1.752761 4.472636 -0.699822
v 1.820298 3.640429 -0.700435
v 1.348527 5.125144 1.634423
v 1.548936 4.448972 1.580781
v 1.612653 4.993914 1.432369
v 1.415621 5.637740 1.487825
v 1.442178 3.755039 1.682663
v 1.598467 3.280927 1.553687
v 1.701601 3.932889 1.472300
v 1.820298 3.639126 1.292654
v 1.754195 4.472138 1.294528
v 1.660146 5.323712 1.229321
v 1.203333 6.372995 -0.720300
v 1.454663 5.845700 -0.730614
v 1.075078 6.818297 -0.385848
v 1.300855 6.334131 -0.515870
v 1.395096 6.188265 -0.244716
v 1.509672 5.883650 -0.523187
v 0.984666 7.183547 -0.093709
v 1.140159 6.874600 0.289538
v 1.251793 6.534891 -0.037657
v 1.071807 7.159601 0.672327
v 1.196912 6.785011 0.964939
v 1.301352 6.521903 0.620684
v 1.450556 6.174029 0.832159
v 1.408536 6.223698 0.293490
v 1.294646 6.345882 1.298728
v 1.386407 6.311493 1.100658
v 1.498290 5.833150 1.320316
v 1.553818 5.872318 1.114112
v 1.620964 2.650133 1.287044
v 1.745151 3.137928 1.378517
v 1.638325 2.307854 0.850001
v 1.755997 2.734186 1.096290
v 1.835061 2.893514 0.844073
v 1.843629 3.141788 1.174909
v 1.672693 2.234972 0.276028
v 1.763937 2.577188 0.593564
v 1.638325 2.318664 -0.293142
v 1.763938 2.581636 -0.027588
v 1.835061 2.898553 -0.266530
v 1.844192 2.870750 0.288242
v 1.621752 2.658151 -0.712782
v 1.755997 2.741971 -0.522492
v 1.745939 3.141338 -0.792541
v 1.843629 3.145798 -0.589396
v -1.699233 3.723656 1.645521
v -1.814424 4.368297 1.501550
v -1.961055 3.822055 1.348210
v -1.852252 3.218595 1.472679
v -1.617571 5.065742 1.599603
v -1.712518 5.473657 1.417349
v -1.895112 4.835336 1.316504
v -1.970845 5.065755 1.095217
v -2.024060 4.301402 1.149387
v -2.073757 3.494822 1.139305
v -1.639122 5.074247 -1.005190
v -1.823687 4.368547 -0.907023
v -1.897110 4.836031 -0.722219
v -1.718019 5.477823 -0.826710
v -1.721768 3.716062 -1.051874
v -1.858235 3.217229 -0.883616
v -1.963133 3.822231 -0.754935
v -2.073757 3.496298 -0.547404
v -2.024060 4.301549 -0.554713
v -1.970845 5.065755 -0.501363
v -1.676704 5.938685 1.232237
v -1.839595 5.522335 1.214160
v -1.688774 6.093626 0.916038
v -1.817823 5.769464 1.013944
v -1.910920 5.573144 0.757627
v -1.937965 5.437212 0.995817
v -1.730681 6.097672 0.296728
v -1.821295 5.823916 0.586043
v -1.693223 6.089290 -0.333170
v -1.822036 5.823194 -0.000456
v -1.910920 5.573144 -0.170185
v -1.920390 5.561087 0.293490
v -1.678146 5.938657 -0.653566
v -1.818564 5.768741 -0.428912
v -1.840296 5.523029 -0.624459
v -1.937965 5.437212 -0.404892
v -1.870608 2.598901 -0.630152
v -1.997457 3.041920 -0.664071
v -1.888759 2.263725 -0.237320
v -2.005803 2.649151 -0.410551
v -2.083176 2.776639 -0.167644
v -2.091746 3.013992 -0.439597
v -1.925551 2.178032 0.274075
v -2.014467 2.490613 0.018384
v -1.888759 2.251515 0.790531
v -2.014467 2.485580 0.544587
v -2.083176 2.770933 0.743266
v -2.091824 2.745288 0.287224
v -1.869828 2.589734 1.202205
v -2.005803 2.640341 0.982090
v -1.996676 3.037967 1.249048
v -2.091746 3.009450 1.024060
v -1.973182 6.485128 0.392287
v -2.094135 6.553041 -0.006004
v -2.031482 6.559477 -0.407048
v -1.903928 6.745844 1.198476
v -2.043322 6.610145 0.751801
v -2.119167 6.748924 0.923502
v -2.143255 6.608383 0.348645
v -2.192603 6.685895 -0.220137
v -1.969333 7.085709 1.430396
v -2.053672 6.875292 1.232932
v -2.161816 7.370238 1.172244
v -2.165692 7.169138 1.213879
v -2.292401 7.208043 0.898766
v -2.183384 6.979946 1.100256
v -2.219973 7.431438 0.819816
v -2.330589 7.339421 0.373214
v -2.318711 7.312367 0.728452
v -2.356355 7.322401 -0.095204
v -2.341188 7.206353 -0.400742
v -2.375571 7.247479 0.004065
v -2.354280 7.130288 -0.200311
v -2.379230 7.242391 0.345354
v -2.143105 6.890834 -0.640586
v -2.288520 7.033311 -0.473014
v -2.170454 6.747250 -0.487379
v -2.265193 6.894135 -0.406258
v 1.032046 7.345891 0.290724
v 1.086737 7.470483 0.633085
v 1.053809 7.408233 0.982287
v 0.929867 7.441758 -0.383062
v 1.036066 7.483581 -0.042282
v 1.081162 7.602647 -0.249621
v 1.114935 7.537742 0.295448
v 1.139770 7.588101 0.853951
v 0.882119 7.716623 -0.658661
v 1.004160 7.636379 -0.501229
v 0.859298 8.045302 -0.731044
v 1.002854 7.905162 -0.646521
v 1.091009 8.078313 -0.540536
v 1.099176 7.787420 -0.497657
v 0.981870 7.686492 1.338523
v 1.053345 7.884692 1.339904
v 0.881912 8.011202 1.491989
v 1.095510 7.613138 1.131830
v 1.150567 7.774134 1.137502
v 1.106953 8.062074 1.215324
v 0.774447 8.449026 -0.704363
v 0.957780 8.253032 -0.659777
v 0.663714 8.827602 -0.416028
v 0.857835 8.608063 -0.524086
v 0.917918 8.659098 -0.246827
v 1.015767 8.413261 -0.501923
v 0.526769 9.001392 -0.071386
v 0.630644 8.883587 0.387789
v 0.779110 8.794973 -0.014290
v 0.467777 8.932178 0.868198
v 0.582614 8.730378 1.198683
v 0.745977 8.755430 0.750695
v 0.882489 8.614654 0.942737
v 0.882715 8.712873 0.343966
v 0.723381 8.372932 1.491569
v 0.804528 8.539329 1.264405
v 0.947418 8.213513 1.392463
v 0.994739 8.376951 1.190264
v -2.470778 7.374734 -0.056283
v -2.504029 7.400740 0.037564
v -2.572768 7.433574 -0.079809
v -2.529253 7.400273 -0.165865
v -2.447000 7.403037 0.226633
v -2.494406 7.441751 0.326136
v -2.562109 7.446261 0.145233
v -2.633370 7.508392 0.274278
v -2.712012 7.546608 0.164697
v -2.644292 7.487545 0.027859
v -2.717751 7.539776 -0.041379
v -2.650179 7.488385 -0.140882
v -2.309051 8.041801 1.260255
v -2.499427 7.882911 1.141914
v -2.309716 7.672678 1.202705
v -2.338803 8.259903 0.948529
v -2.504524 8.182761 1.050193
v -2.641329 8.276045 0.784541
v -2.665194 8.048549 0.981848
v -2.668469 7.775192 0.902891
v -2.349206 8.333779 0.299822
v -2.512384 8.355500 0.610236
v -2.370222 8.220678 -0.325836
v -2.522222 8.343608 -0.007377
v -2.658138 8.256038 -0.175356
v -2.660315 8.352166 0.298558
v -2.415767 7.919275 -0.578954
v -2.552758 8.124436 -0.412293
v -2.502362 7.497011 -0.529853
v -2.604732 7.765898 -0.490227
v -2.736113 7.694677 -0.340409
v -2.713091 7.991537 -0.353656
v -2.314782 7.374092 0.297055
v -2.395605 7.349994 -0.044269
v -2.434827 7.348175 -0.351157
v -2.260898 7.500833 0.947527
v -2.335186 7.412848 0.482151
v -2.418553 7.439756 0.473623
v -2.398727 7.371363 0.140900
v -2.477998 7.369000 -0.182460
v -2.518410 7.626571 0.898727
v -2.430943 7.509130 0.731486
v -2.780528 7.706687 0.603206
v -2.654321 7.597087 0.600631
v -2.724205 7.579598 0.348098
v -2.549276 7.501295 0.485015
v -2.877437 7.729868 0.206752
v -2.816970 7.654884 0.316564
v -2.811275 7.670089 -0.167306
v -2.826740 7.643254 -0.007732
v -2.741013 7.559591 -0.126363
v -2.787714 7.599975 0.097600
v -2.622216 7.512073 -0.395029
v -2.702218 7.540075 -0.257085
v -2.529488 7.400896 -0.328354
v -2.596831 7.444690 -0.246515
v 0.465296 9.100273 0.386555
v 0.395133 9.216308 0.707760
v 0.296223 9.078862 1.131645
v 0.379430 9.175848 -0.369327
v 0.428602 9.254852 0.019123
v 0.340799 9.414578 -0.196730
v 0.397941 9.462479 0.066546
v 0.427847 9.340979 0.340333
v 0.387964 9.451065 0.569327
v 0.306878 9.375772 0.866197
v -0.010149 9.361593 -0.568130
v 0.208834 9.385484 -0.429399
v -0.354981 9.452618 -0.326896
v -0.146692 9.542764 -0.426339
v -0.243218 9.698963 -0.210727
v -0.080844 9.708514 -0.273308
v 0.052781 9.561336 -0.393934
v 0.210418 9.565458 -0.270508
v -0.478657 9.495098 0.299822
v -0.379640 9.635744 -0.012533
v -0.375230 9.428808 0.949590
v -0.385855 9.628570 0.615174
v -0.253195 9.687550 0.818605
v -0.278345 9.800079 0.544132
v -0.352215 9.747452 0.298340
v -0.276349 9.802362 0.052548
v -0.073288 9.287492 1.256462
v -0.177767 9.506890 1.064021
v 0.150505 9.318241 1.121892
v 0.192460 9.544914 0.895183
v 0.022851 9.527096 1.032607
v -0.090821 9.697101 0.881186
v -0.993986 2.841021 1.790705
v -1.146202 3.166905 1.873115
v -1.465959 3.261493 1.771823
v -0.466219 2.797439 1.793257
v -0.671789 2.998103 1.883073
v -0.410760 3.241615 1.938225
v -0.842556 3.276119 1.934993
v -1.184255 3.596900 1.911924
v -0.880594 5.991313 1.677612
v -0.598555 5.852708 1.759044
v -0.424586 6.043818 1.678006
v -1.338196 5.563858 1.683635
v -1.029014 5.681555 1.762857
v -1.097446 5.258511 1.834515
v -0.757361 5.579293 1.827696
v -0.375371 5.613796 1.827713
v -1.540682 4.415382 1.737482
v -1.332166 4.968257 1.794658
v -1.395015 3.880332 1.842904
v -1.242821 4.427706 1.879719
v -0.083081 2.797515 1.793396
v -0.251059 2.998116 1.883098
v 0.287812 2.797591 1.793536
v 0.074391 2.998137 1.883136
v 0.218697 3.241615 1.938225
v -0.090921 3.241615 1.938225
v -0.097835 6.050211 1.678006
v 0.043986 5.856096 1.759044
v 0.218473 6.056400 1.678006
v -0.236261 5.854618 1.759044
v -0.095923 5.613797 1.827713
v 0.174593 5.613796 1.827713
v 0.781670 2.842263 1.792442
v 0.472616 2.998151 1.883162
v 1.218737 3.269707 1.782263
v 0.913483 3.167987 1.874560
v 0.939149 3.596900 1.911924
v 0.622827 3.276119 1.934993
v 1.280234 4.432235 1.752194
v 1.140229 3.883241 1.846320
v 1.078612 5.597476 1.692813
v 1.075189 4.974785 1.797872
v 0.850433 5.258511 1.834515
v 0.988019 4.427706 1.879719
v 0.646111 6.019772 1.678805
v 0.789035 5.689947 1.764050
v 0.386900 5.857904 1.759044
v 0.532419 5.579293 1.827696
v -0.907524 6.047104 -1.089569
v -1.084109 5.756182 -1.162856
v -1.378577 5.601293 -1.088240
v -0.436237 6.102976 -1.097112
v -0.628557 5.939630 -1.160550
v -0.399025 5.717945 -1.223247
v -0.816411 5.679263 -1.223464
v -1.181253 5.324568 -1.232061
v -1.024936 2.787141 -1.200042
v -0.706229 2.911781 -1.289752
v -0.478541 2.741434 -1.202848
v -1.510393 3.225087 -1.178760
v -1.208155 3.092646 -1.279064
v -1.274607 3.530843 -1.315625
v -0.908908 3.176150 -1.340075
v -0.437523 3.137466 -1.343463
v -1.590328 4.415515 -1.140962
v -1.472013 3.849233 -1.246317
v -1.405649 4.999489 -1.195191
v -1.343655 4.427706 -1.280184
v -0.099896 6.112171 -1.099681
v -0.243446 5.942059 -1.161834
v 0.224164 6.120711 -1.097112
v 0.053962 5.944260 -1.161834
v 0.204072 5.717945 -1.223247
v -0.092580 5.717946 -1.223247
v -0.081339 2.741433 -1.202848
v 0.087430 2.911781 -1.289752
v 0.303167 2.741433 -1.202848
v -0.258728 2.911781 -1.289752
v -0.087138 3.137467 -1.343463
v 0.252049 3.137466 -1.343463
v 0.662970 6.081535 -1.090762
v 0.417725 5.946362 -1.160550
v 1.110870 5.637920 -1.097418
v 0.842995 5.765754 -1.164049
v 0.935725 5.324568 -1.232061
v 0.594975 5.679263 -1.223464
v 1.328808 4.432718 -1.155646
v 1.147947 5.006383 -1.198404
v 1.263707 3.233181 -1.188979
v 1.217723 3.852127 -1.249704
v 1.031163 3.530843 -1.315625
v 1.089698 4.427706 -1.280184
v 0.814414 2.788181 -1.201409
v 0.977281 3.093686 -1.280431
v 0.510994 2.911781 -1.289752
v 0.693144 3.176150 -1.340075
v 0.394040 9.532469 0.305619
v 0.339728 9.615601 0.484569
v 0.304183 9.572610 0.702271
v 0.310967 9.580371 -0.093273
v 0.340726 9.616742 0.113511
v 0.251490 9.696905 0.016559
v 0.310352 9.671458 0.296940
v 0.251490 9.696905 0.577322
v 0.072788 9.700968 -0.238706
v 0.190416 9.693517 -0.132550
v -0.166987 9.819739 -0.096072
v -0.037437 9.808241 -0.132830
v -0.095910 9.872450 0.016559
v 0.077790 9.788974 -0.078454
v -0.254450 9.862617 0.297220
v -0.188545 9.884103 0.112111
v -0.168982 9.817457 0.692752
v -0.188744 9.883875 0.482049
v -0.095910 9.872449 0.577322
v -0.154772 9.906490 0.296940
v 0.066802 9.694119 0.841545
v -0.038435 9.807099 0.728110
v 0.188621 9.691463 0.729510
v 0.077790 9.788974 0.672334
v 1.119814 4.244695 2.239302
v 1.001285 4.517431 2.256275
v 0.794760 4.311948 2.302761
v 0.937484 4.034442 2.303898
v 1.108032 4.788276 2.162744
v 0.982650 4.999509 2.143092
v 0.850745 4.781558 2.226112
v 0.709449 4.989160 2.157796
v 0.549799 4.826025 2.182111
v 0.649119 4.588459 2.259635
v 0.449594 4.438661 2.246431
v 0.567512 4.177409 2.306292
v 1.079334 5.111631 2.051969
v 0.942380 5.358290 1.958232
v 0.831753 5.213241 2.067512
v 1.013265 5.293015 1.885962
v 0.858257 5.353323 1.820158
v 0.758904 5.428614 1.880651
v 0.609931 5.297321 1.851811
v 0.513247 5.185198 1.942935
v 0.648278 5.283564 1.989931
v 0.554441 5.049468 2.091993
v 0.986791 5.113758 1.835812
v 0.874276 4.867468 1.817517
v 0.717560 5.175308 1.803405
v 1.039067 4.454896 1.892079
v 0.893808 4.154059 1.899193
v 0.719341 4.534919 1.853549
v 0.540797 4.265898 1.914244
v 0.419727 4.555482 1.934809
v 0.567525 4.855144 1.851978
v 0.487353 5.043601 1.895241
v 0.673347 3.312021 2.108966
v 0.575226 3.312716 2.166613
v 0.472498 3.348987 2.109186
v 0.583558 3.344031 2.060497
v 0.673347 3.312021 2.212077
v 0.583558 3.344031 2.264193
v 0.472498 3.348987 2.227552
v 0.391167 3.413630 2.268950
v 0.301378 3.445639 2.220481
v 0.369770 3.385258 2.170125
v 0.301378 3.445639 2.117580
v 0.391167 3.413630 2.065464
v 0.399719 4.694429 2.151519
v 0.317427 4.523849 2.095153
v 0.316462 4.292073 2.198285
v 0.425465 4.954469 2.043413
v 0.378460 4.782738 1.986083
v 0.309858 4.321104 2.033881
v 1.123676 4.761497 1.925634
v 1.196673 4.323019 2.061157
v 1.144859 4.039394 2.007199
v 1.142840 5.002398 1.986104
v 1.190350 4.589838 2.122170
v 1.168423 3.979237 2.184261
v 1.032174 3.841799 1.965419
v 0.850440 3.739939 1.948831
v 0.698390 3.981332 1.920909
v 0.956067 3.565887 1.993850
v 0.763596 3.547833 1.973489
v 0.635729 3.702176 1.956442
v 0.433584 3.681921 1.987104
v 0.315390 3.838464 2.016212
v 0.490425 3.894470 1.959480
v 0.368627 4.108973 1.984304
v 0.250855 3.995554 2.068043
v 0.250044 4.147565 2.133080
v 0.213576 3.771313 2.088713
v 0.198903 3.888023 2.153315
v 0.213576 3.771313 2.227511
v 0.315390 3.838464 2.282596
v 0.251515 3.992651 2.220239
v 0.374601 4.085608 2.276604
v 0.493096 3.885621 2.316234
v 0.713474 3.936738 2.325557
v 0.433584 3.681921 2.311574
v 0.635729 3.702176 2.320856
v 0.763596 3.547833 2.298870
v 0.956067 3.565887 2.261938
v 0.854807 3.727978 2.308030
v 1.048324 3.799758 2.266603
v 1.094377 3.626893 2.199466
v 1.161819 3.770504 2.113385
v 0.983603 3.458441 2.197261
v 1.072554 3.516328 2.123983
v 0.983603 3.458441 2.057552
v 1.092021 3.632909 2.044826
v 0.839681 3.427438 2.014110
v 0.664048 3.417587 2.002044
v 0.562823 3.535427 1.980686
v 0.710357 3.344362 2.050585
v 0.504100 3.412434 2.020316
v 0.304397 3.493665 2.063393
v 0.397976 3.517889 2.011921
v 0.285966 3.643415 2.036754
v 0.221771 3.584197 2.102607
v 0.185290 3.682684 2.163573
v 0.232764 3.511628 2.168564
v 0.304397 3.493665 2.269046
v 0.221771 3.584196 2.228987
v 0.285966 3.643415 2.282345
v 0.397976 3.517890 2.307141
v 0.562823 3.535427 2.316283
v 0.504100 3.412434 2.301147
v 0.710357 3.344362 2.256733
v 0.664048 3.417587 2.297747
v 0.839681 3.427438 2.260729
v 0.840253 3.351280 2.207060
v 0.940356 3.388170 2.133396
v 0.775435 3.313239 2.152897
v 0.840253 3.351280 2.080198
v -1.303073 4.007136 2.304357
v -1.191904 4.298720 2.302991
v -1.419881 4.480112 2.258099
v -1.507530 4.195942 2.241600
v -0.951175 4.190129 2.306292
v -0.862863 4.462816 2.246431
v -1.077726 4.589637 2.259901
v -1.005280 4.836728 2.182970
v -1.181987 4.981212 2.160309
v -1.299464 4.759262 2.227971
v -1.454657 4.961293 2.149161
v -1.555917 4.737493 2.168812
v -1.328315 5.190397 2.074888
v -1.454300 5.322327 1.972268
v -1.563144 5.062039 2.063369
v -1.034596 5.058287 2.094506
v -1.153739 5.280574 1.997306
v -1.008661 5.197740 1.949003
v -1.117149 5.298487 1.863212
v -1.279724 5.412504 1.894687
v -1.370143 5.326690 1.837811
v -1.517534 5.249615 1.903614
v -1.210628 5.165322 1.817441
v -1.332349 4.842042 1.831339
v -1.471403 5.074384 1.853464
v -0.967271 5.059874 1.901309
v -1.026116 4.863708 1.859318
v -0.846094 4.582224 1.937108
v -0.934407 4.281030 1.916543
v -1.141598 4.528662 1.860674
v -1.272889 4.130848 1.903789
v -1.450517 4.413782 1.902192
v -0.874986 3.360086 2.060497
v -0.765155 3.377290 2.109186
v -0.863243 3.329884 2.166613
v -0.960686 3.318346 2.108966
v -0.691470 3.450529 2.065464
v -0.605770 3.492269 2.117580
v -0.667067 3.424697 2.170125
v -0.605770 3.492269 2.220481
v -0.691470 3.450529 2.268950
v -0.765155 3.377290 2.227552
v -0.874986 3.360086 2.264193
v -0.960686 3.318346 2.212077
v -0.714341 4.331846 2.198285
v -0.740925 4.562094 2.095383
v -0.841571 4.722530 2.151784
v -0.710987 4.361429 2.034341
v -0.830205 4.812648 1.987906
v -0.895909 4.978130 2.045273
v -1.509724 3.989130 2.011796
v -1.592577 4.265287 2.068283
v -1.568504 4.709148 1.939456
v -1.526492 3.926737 2.186559
v -1.615792 4.531171 2.129510
v -1.614184 4.946454 2.000140
v -1.059572 3.980785 1.922334
v -1.184002 3.724062 1.949291
v -1.375885 3.805205 1.967442
v -0.745943 4.144101 1.984764
v -0.843279 3.917447 1.959710
v -0.663126 3.881136 2.016212
v -0.763288 3.712485 1.987104
v -0.966433 3.710267 1.956442
v -1.076452 3.542734 1.973489
v -1.269740 3.539399 1.993850
v -0.632354 4.195567 2.133126
v -0.616354 4.044398 2.068089
v -0.749297 4.120219 2.276603
v -0.616689 4.041440 2.220239
v -0.663126 3.881136 2.282596
v -0.554512 3.825653 2.227511
v -0.552832 3.943270 2.153315
v -0.554512 3.825653 2.088713
v -1.069633 3.934796 2.325603
v -0.844956 3.908357 2.316234
v -1.387287 3.761636 2.267063
v -1.187021 3.711691 2.308075
v -1.269740 3.539399 2.261938
v -1.076452 3.542734 2.298870
v -0.966433 3.710267 2.320856
v -0.763288 3.712485 2.311574
v -1.496852 3.720013 2.114810
v -1.413946 3.584739 2.199696
v -1.412269 3.590979 2.045285
v -1.285228 3.429566 2.057552
v -1.380033 3.477264 2.123983
v -1.285228 3.429566 2.197261
v -0.875539 3.552601 1.980686
v -0.963115 3.424293 2.002044
v -1.138760 3.414666 2.014110
v -0.612317 3.690536 2.036754
v -0.709763 3.553396 2.011921
v -0.614079 3.539666 2.063393
v -0.803578 3.436855 2.020316
v -1.001045 3.346397 2.050585
v -0.516601 3.740694 2.163573
v -0.541969 3.638778 2.102607
v -0.612317 3.690536 2.282345
v -0.541969 3.638778 2.228987
v -0.614079 3.539666 2.269046
v -0.544872 3.565439 2.168564
v -0.875539 3.552601 2.316283
v -0.709763 3.553396 2.307141
v -1.138760 3.414666 2.260729
v -0.963115 3.424293 2.297747
v -1.001045 3.346397 2.256733
v -0.803578 3.436854 2.301147
v -1.234477 3.364507 2.133396
v -1.130909 3.338911 2.207061
v -1.130909 3.338911 2.080198
v -1.062283 3.308270 2.152897
v -0.959000 3.649119 1.949188
v -0.736460 3.978956 1.967018
v -0.900718 4.427706 1.942398
v -1.090240 4.027671 1.931552
v -0.577717 3.555456 1.965390
v -0.366845 3.967124 1.971284
v -0.525854 4.427706 1.958184
v -0.353103 4.888288 1.928370
v -0.532053 5.299955 1.884120
v -0.703563 4.876456 1.925207
v -0.889371 5.206293 1.876644
v -1.049774 4.827740 1.894280
v -1.969480 8.426597 1.036749
v -1.823882 8.711246 0.703236
v -2.001692 8.514265 0.300149
v -2.165426 8.327112 0.674727
v -1.618808 8.771454 1.070920
v -1.508549 8.984397 0.711142
v -1.678051 8.897038 0.299240
v -1.514284 8.970166 -0.110046
v -1.640604 8.727880 -0.454046
v -1.835467 8.691858 -0.098059
v -2.003586 8.376869 -0.410784
v -2.179627 8.308383 -0.067711
v -0.976506 5.286815 -1.272547
v -0.786428 4.931584 -1.321482
v -1.007023 4.427706 -1.341332
v -1.154684 4.866314 -1.292137
v -0.583761 5.398318 -1.278903
v -0.386615 4.946148 -1.324427
v -0.588179 4.427706 -1.356733
v -0.402084 3.909264 -1.372732
v -0.634575 3.457094 -1.369338
v -0.823290 3.923828 -1.368430
v -1.052954 3.568597 -1.352593
v -1.198738 3.989098 -1.333003
v -1.192544 1.122227 -0.057497
v -1.010744 1.027752 0.066952
v -1.196910 1.026716 0.245891
v -1.353500 1.121155 0.093991
v -0.853504 1.122227 -0.057497
v -0.692548 1.121155 0.093991
v -0.824579 1.026716 0.245891
v -0.692548 1.118303 0.402318
v -0.853504 1.117230 0.553806
v -1.010744 1.025681 0.424829
v -1.192544 1.117230 0.553806
v -1.353500 1.118303 0.402318
v 1.917563 3.847527 0.705676
v 1.905034 4.161742 0.297503
v 1.859247 4.486751 0.698309
v 1.854725 4.102722 1.058177
v 1.917564 3.847787 -0.111134
v 1.854725 4.102983 -0.463635
v 1.858960 4.486850 -0.103269
v 1.775639 4.864321 -0.433100
v 1.773408 5.139665 -0.079639
v 1.833376 4.818575 0.297536
v 1.776276 5.138928 0.674509
v 1.778508 4.863585 1.027969
v -2.168257 3.651244 -0.026117
v -2.163934 3.946064 0.297497
v -2.130899 4.258588 -0.022653
v -2.113904 3.915137 -0.322341
v -2.168257 3.650949 0.620596
v -2.113904 3.914842 0.916819
v -2.130899 4.258559 0.617686
v -2.067022 4.625310 0.895896
v -2.090897 4.833276 0.600007
v -2.123940 4.552442 0.297536
v -2.090897 4.833276 -0.005137
v -2.067022 4.625311 -0.301026
v -1.206716 6.015870 1.573794
v -0.968152 6.294923 1.473899
v -1.246816 6.329808 1.348525
v -1.487177 6.004529 1.420569
v -0.679589 6.197343 1.584495
v -0.476785 6.369997 1.478404
v -0.732516 6.491655 1.382716
v -0.528389 6.672293 1.322840
v -0.781506 6.741083 1.314488
v -1.006037 6.553099 1.301493
v -1.277017 6.553440 1.202707
v -1.493153 6.288699 1.180434
v 1.744242 5.345273 0.297435
v 1.677589 5.573061 0.635150
v 1.684548 5.473745 0.971696
v 1.670205 5.477426 -0.377842
v 1.667868 5.575556 -0.041180
v 1.540808 5.869783 -0.252440
v 1.508804 5.964693 0.025407
v 1.620490 5.725482 0.296535
v 1.530988 5.958998 0.564979
v 1.573319 5.861438 0.843740
v -0.689940 6.227571 -1.026390
v -0.973729 6.306392 -0.937080
v -0.737968 6.496590 -0.904437
v -0.484181 6.388062 -0.977163
v -1.222138 6.038840 -0.995477
v -1.492065 6.010140 -0.846769
v -1.249899 6.330016 -0.810148
v -1.498559 6.283154 -0.616694
v -1.295672 6.532487 -0.649043
v -1.013871 6.545640 -0.805813
v -0.798661 6.726959 -0.842492
v -0.541732 6.679075 -0.896957
v -2.093054 4.968993 0.297435
v -2.061312 5.125494 0.024180
v -2.030814 5.113618 -0.256772
v -2.030814 5.113618 0.850626
v -2.061312 5.125494 0.569790
v -1.991882 5.343089 0.750523
v -1.988019 5.369211 0.520979
v -2.048224 5.197841 0.296535
v -1.988019 5.369211 0.069407
v -1.991882 5.343089 -0.159223
v -1.055178 6.753201 1.343997
v -1.323147 6.743345 1.335826
v -1.492718 6.549139 1.045600
v -0.596205 6.918976 1.400030
v -0.857133 6.939938 1.507110
v -0.688764 7.139475 1.665149
v -0.961597 7.168135 1.748480
v -1.143805 6.937812 1.576786
v -1.449491 6.930535 1.568915
v -1.584563 6.699119 1.227690
v 1.171918 7.612768 0.575413
v 1.203789 7.697437 0.299341
v 1.222145 7.804840 0.643719
v 1.185294 7.692115 0.862867
v 1.147959 7.618637 0.021695
v 1.148185 7.700914 -0.253606
v 1.209108 7.807910 -0.036963
v 1.173011 7.930884 -0.344924
v 1.207029 8.078815 -0.048633
v 1.234051 7.936750 0.302769
v 1.212769 8.075314 0.663551
v 1.193521 7.924113 0.974276
v -1.091793 6.709090 -0.769827
v -0.901370 6.878106 -0.876269
v -0.620704 6.900945 -0.892466
v -1.529761 6.511658 -0.405565
v -1.394853 6.653800 -0.651159
v -1.695361 6.527209 -0.456577
v -1.596315 6.702305 -0.752240
v -1.230995 6.814973 -0.833572
v -1.039498 7.038568 -0.949184
v -0.727664 7.069703 -0.953517
v -1.641838 6.329880 -0.067515
v -1.666469 6.406341 0.332531
v -1.692340 6.458167 -0.056691
v -1.632754 6.338731 0.677581
v -1.651804 6.507684 0.775466
v -1.814767 6.573499 0.883107
v -1.786609 6.438012 0.386747
v -1.896987 6.433436 -0.079187
v -1.264493 7.208064 1.741761
v -1.577329 7.275604 1.667843
v -1.734954 6.981933 1.521022
v -0.806315 7.424373 1.839835
v -1.093663 7.504054 1.811829
v -0.957839 7.808585 1.818173
v -1.259885 7.931247 1.721790
v -1.413438 7.594906 1.721672
v -1.760316 7.693346 1.563895
v -1.897961 7.358366 1.508729
v 1.194230 8.225630 0.303874
v 1.129242 8.367357 0.650199
v 1.134397 8.223491 0.982500
v 1.133342 8.236448 -0.341179
v 1.132201 8.375513 -0.030329
v 1.033195 8.517113 -0.247858
v 0.991218 8.616848 0.035389
v 1.078478 8.502991 0.311365
v 0.977562 8.599020 0.617916
v 1.015178 8.490788 0.902472
v -1.398486 7.006379 -0.907175
v -1.200121 7.307602 -0.994451
v -0.863935 7.292485 -1.023787
v -1.917092 6.721995 -0.693619
v -1.765251 7.032007 -0.833209
v -2.135454 7.125736 -0.697285
v -1.981376 7.451555 -0.779354
v -1.574307 7.354635 -0.916922
v -1.368299 7.719679 -0.976372
v -1.029136 7.635265 -1.049648
v -2.220490 6.702177 0.056408
v -2.256402 6.802542 0.314310
v -2.298801 6.914161 0.020387
v -2.252028 6.799849 -0.198560
v -2.183851 6.729510 0.604568
v -2.196980 6.846347 0.858435
v -2.278970 6.933239 0.606968
v -2.282422 7.070075 0.847836
v -2.343055 7.170088 0.592868
v -2.338147 7.051083 0.313045
v -2.368966 7.139374 0.063561
v -2.326742 7.020196 -0.190306
v -1.581850 8.054945 1.592142
v -1.877786 8.163116 1.431306
v -2.070729 7.857995 1.407802
v -1.161043 8.271364 1.666698
v -1.457376 8.401565 1.517222
v -1.376680 8.718913 1.346084
v -1.733325 8.476209 1.312673
v -2.127633 8.200743 1.225218
v 0.237924 9.730001 0.430391
v 0.166627 9.785519 0.296940
v 0.077790 9.830409 0.440338
v 0.160464 9.769143 0.555424
v 0.237924 9.730001 0.163490
v 0.160464 9.769143 0.038456
v 0.077790 9.830408 0.153543
v -0.004884 9.852696 0.038456
v -0.082344 9.891837 0.163490
v -0.011047 9.875299 0.296940
v -0.082344 9.891836 0.430391
v -0.004884 9.852695 0.555424
v -1.713050 7.852104 -0.865193
v -1.526195 8.264500 -0.847026
v -1.221185 8.122857 -0.980164
v -2.269592 7.663897 -0.668255
v -1.993788 8.006818 -0.732749
v -2.198636 8.107097 -0.565659
v -1.791247 8.379272 -0.662315
v -1.405357 8.647761 -0.716126
v -2.884905 7.802958 0.022344
v -2.905596 7.937172 0.281142
v -2.871981 8.050878 0.041413
v -2.829953 7.889485 -0.191449
v -2.871376 7.819061 0.490867
v -2.799206 7.926084 0.776130
v -2.862210 8.062508 0.552065
v -2.759069 8.168516 0.753937
v -2.754337 8.270423 0.529244
v -2.846220 8.182384 0.298558
v -2.760077 8.263591 0.069862
v -2.775878 8.148509 -0.144753
v -1.373480 2.750116 -1.064384
v -1.095139 2.442572 -0.904561
v -1.410307 2.299853 -0.700756
v -1.672678 2.673400 -0.858967
v -0.769363 2.587821 -1.077396
v -0.504268 2.412341 -0.908041
v -0.791811 2.220002 -0.712953
v -0.497390 2.022182 -0.486516
v -0.783662 1.804891 -0.341545
v -1.102673 2.030975 -0.524409
v -1.400389 1.851968 -0.341400
v -1.684983 2.187080 -0.471906
v 1.944534 3.659949 0.297271
v 1.934942 3.450569 -0.083882
v 1.896907 3.523977 -0.447610
v 1.896907 3.522674 1.039829
v 1.934942 3.449686 0.676366
v 1.890823 3.180346 0.891307
v 1.890823 3.106401 0.579330
v 1.932235 3.321996 0.295212
v 1.890823 3.108417 0.004951
v 1.890823 3.183300 -0.304935
v -0.758553 2.612063 1.661947
v -1.089300 2.444187 1.479468
v -0.790730 2.208446 1.274530
v -0.501804 2.414641 1.482733
v -1.355960 2.769105 1.650657
v -1.667197 2.671490 1.437653
v -1.408730 2.288354 1.264224
v -1.684983 2.171328 1.025116
v -1.400389 1.832666 0.876006
v -1.102673 2.012507 1.072066
v -0.783662 1.784984 0.874358
v -0.497390 2.004366 1.034215
v -2.189751 3.466177 0.297239
v -2.178463 3.270900 0.593489
v -2.144169 3.353748 0.893041
v -2.144169 3.355223 -0.301140
v -2.178463 3.271901 -0.001294
v -2.135985 3.031633 -0.184090
v -2.135985 2.958720 0.062551
v -2.175205 3.149774 0.294956
v -2.135985 2.956438 0.520545
v -2.135985 3.028288 0.769506
v 0.331410 2.005705 1.037310
v 0.118709 2.216206 1.268728
v -0.076548 2.038546 1.028151
v 0.101371 1.873556 0.775813
v 0.332158 2.415400 1.484129
v 0.107240 2.612408 1.662581
v -0.078051 2.415020 1.483431
v -0.270379 2.612201 1.662200
v -0.276127 2.215584 1.267501
v -0.256224 1.872833 0.773894
v -0.218562 4.427706 1.958184
v -0.099071 4.888288 1.928370
v -0.219942 5.299955 1.884120
v -0.230111 3.555456 1.965390
v -0.097128 3.967124 1.971284
v 0.038775 3.555456 1.965390
v 0.163968 3.967124 1.971284
v 0.019139 4.427706 1.958184
v 0.146842 4.888288 1.928370
v 0.021486 5.299955 1.884120
v -0.315172 6.553935 1.383686
v -0.185186 6.746504 1.324779
v -0.379741 6.855828 1.324181
v -0.267896 6.216443 1.584495
v -0.125930 6.401964 1.478404
v 0.050564 6.231217 1.584495
v 0.213711 6.432909 1.478404
v 0.007659 6.602111 1.383686
v 0.147048 6.818345 1.322840
v -0.068962 6.944587 1.324181
v -0.463553 7.097002 1.538128
v -0.360551 7.283310 1.686474
v -0.569028 7.349017 1.800823
v -0.264431 7.034300 1.409723
v 0.056739 7.145939 1.400030
v -0.159345 7.218653 1.538128
v -0.044760 7.423816 1.665149
v -0.267766 7.490513 1.800823
v -0.701283 7.687108 1.871925
v -0.633643 7.961002 1.847252
v -0.881144 8.111833 1.774132
v -0.478488 7.578990 1.868914
v -0.170791 7.734998 1.839835
v -0.404718 7.833093 1.871925
v -0.340001 8.118098 1.818173
v -0.593785 8.253436 1.774132
v -1.115826 8.591299 1.548240
v -1.090348 8.875888 1.355777
v -1.315156 8.973557 1.080613
v -0.851881 8.423224 1.688023
v -0.576337 8.567327 1.666698
v -0.843184 8.726874 1.548240
v -0.832569 8.993788 1.346084
v -1.055857 9.104333 1.080613
v -1.386864 9.105640 0.298447
v -1.238750 9.140346 -0.113570
v -1.323472 8.948557 -0.471666
v -1.237474 9.145575 0.713081
v -0.990287 9.243886 0.711142
v -1.131365 9.237125 0.298447
v -0.987665 9.247870 -0.110046
v -1.054270 9.103322 -0.471666
v -0.588223 8.245039 -1.062189
v -0.865413 8.368014 -1.017062
v -0.838406 8.723346 -0.902476
v -0.550743 8.606598 -0.980164
v -0.921356 7.990584 -1.062189
v -1.141970 8.512671 -0.902476
v -1.096726 8.849744 -0.733746
v -0.819459 9.013712 -0.716126
v -0.285859 7.485847 -1.016121
v -0.496175 7.527727 -1.060553
v -0.405549 7.819088 -1.076052
v -0.171440 7.755613 -1.023787
v -0.598539 7.281036 -1.016120
v -0.738807 7.575398 -1.076052
v -0.650275 7.894104 -1.093176
v -0.316906 8.155066 -1.049647
v -0.129446 7.001017 -0.907302
v -0.303894 7.060686 -0.926446
v -0.205207 7.248848 -0.943549
v -0.021510 7.207562 -0.892466
v -0.406578 6.873155 -0.907302
v -0.491958 7.079774 -0.943549
v -0.387371 7.269361 -0.986464
v -0.085946 7.454294 -0.953517
v 0.976575 4.263651 2.286922
v 0.998604 4.765892 2.209548
v 0.690107 4.796062 2.217263
v 0.607917 4.375110 2.288653
v 0.967543 5.208761 2.053259
v 0.896261 5.412738 1.876197
v 0.626496 5.340843 1.908655
v 0.685717 5.158999 2.077498
v 0.857441 5.161256 1.803119
v 0.889224 4.502884 1.855790
v 0.554486 4.552089 1.881255
v 0.588141 5.119488 1.837541
v 0.574005 3.321755 2.110320
v 0.574005 3.321755 2.220826
v 0.378482 3.391258 2.224557
v 0.378482 3.391258 2.114152
v 0.353339 4.488124 2.177929
v 0.462930 4.888078 2.119770
v 0.433367 4.997452 1.966218
v 0.340132 4.546185 2.010111
v 1.143801 4.389870 1.966515
v 1.084617 5.069240 1.900612
v 1.153377 4.887928 2.080872
v 1.190929 4.269555 2.158067
v 0.879552 3.907546 1.928977
v 0.810459 3.627836 1.962439
v 0.460999 3.776515 1.974740
v 0.518234 4.052145 1.939817
v 0.279116 4.140802 2.052975
v 0.228025 3.875633 2.079739
v 0.228025 3.875633 2.224936
v 0.281757 4.129190 2.211872
v 0.528920 4.016749 2.314527
v 0.460999 3.776515 2.314291
v 0.810459 3.627836 2.303126
v 0.897022 3.859699 2.309610
v 1.136140 3.771041 2.196452
v 1.043432 3.528718 2.198128
v 1.043432 3.528718 2.051794
v 1.126714 3.795104 2.031631
v 0.713836 3.476524 1.985666
v 0.617097 3.374699 2.025696
v 0.394380 3.456748 2.032885
v 0.411810 3.594330 1.998079
v 0.210459 3.672867 2.095619
v 0.250609 3.509203 2.111830
v 0.250609 3.509203 2.223967
v 0.210459 3.672867 2.229515
v 0.411810 3.594330 2.310961
v 0.394380 3.456748 2.294808
v 0.617097 3.374699 2.287951
v 0.713836 3.476524 2.299232
v 0.915187 3.397987 2.201692
v 0.760868 3.322244 2.209006
v 0.760868 3.322244 2.096538
v 0.915187 3.397987 2.067111
v -1.367265 4.230618 2.287842
v -1.013189 4.382152 2.288653
v -1.141414 4.791435 2.218325
v -1.444685 4.727345 2.212981
v -1.462777 5.170932 2.063311
v -1.177178 5.152634 2.082238
v -1.138424 5.339910 1.918707
v -1.414483 5.381541 1.892869
v -1.348098 5.135891 1.819791
v -1.075831 5.124153 1.847593
v -0.979652 4.563953 1.885852
v -1.306898 4.478041 1.864984
v -0.863029 3.339003 2.110320
v -0.676388 3.429696 2.114152
v -0.676388 3.429696 2.224557
v -0.863029 3.339004 2.220826
v -0.772667 4.522617 2.177929
v -0.765960 4.581783 2.011030
v -0.908514 5.019977 1.969650
v -0.925804 4.908003 2.120832
v -1.547420 4.337575 1.975709
v -1.580957 4.212787 2.162663
v -1.612002 4.831520 2.090924
v -1.563708 5.019323 1.917284
v -1.231466 3.887422 1.930816
v -0.888350 4.071081 1.940736
v -0.800992 3.803468 1.974740
v -1.131873 3.617066 1.962439
v -0.660500 4.185632 2.053159
v -0.661841 4.173799 2.211872
v -0.580405 3.927737 2.224936
v -0.580405 3.927737 2.079739
v -0.895057 4.034721 2.314527
v -1.243539 3.837937 2.309794
v -1.131873 3.617066 2.303126
v -0.800992 3.803468 2.314291
v -1.471389 3.723386 2.197371
v -1.464682 3.748344 2.033470
v -1.352460 3.492798 2.051794
v -1.352460 3.492798 2.198128
v -1.019114 3.477364 1.985666
v -0.731963 3.627838 1.998079
v -0.699430 3.493028 2.032885
v -0.911710 3.386858 2.025696
v -0.540530 3.728155 2.095619
v -0.540530 3.728155 2.229515
v -0.562339 3.561056 2.223967
v -0.562339 3.561056 2.111830
v -0.731964 3.627838 2.310961
v -1.019114 3.477364 2.299232
v -0.911710 3.386858 2.287951
v -0.699430 3.493028 2.294808
v -1.210548 3.377047 2.201692
v -1.210548 3.377047 2.067111
v -1.048800 3.318830 2.096538
v -1.048800 3.318830 2.209006
v -0.919352 4.014451 1.954222
v -0.545168 3.967124 1.971284
v -0.521055 4.888288 1.928370
v -0.882838 4.840961 1.915717
v -1.991780 8.494621 0.692602
v -1.661605 8.868909 0.708719
v -1.670324 8.851480 -0.105641
v -2.005423 8.474730 -0.085888
v -0.982452 4.887892 -1.312647
v -0.579855 4.946148 -1.324427
v -0.606997 3.909264 -1.372732
v -1.022880 3.967520 -1.355524
v -1.189661 1.051266 0.079917
v -0.838016 1.051266 0.079917
v -0.838016 1.049039 0.413006
v -1.189661 1.049039 0.413006
v 1.892457 4.146968 0.704682
v 1.892457 4.147072 -0.109791
v 1.818726 4.830067 -0.092806
v 1.819874 4.829772 0.687827
v -2.151426 3.938354 -0.026677
v -2.151426 3.938236 0.621542
v -2.109711 4.570659 0.610137
v -2.109711 4.570659 -0.015115
v -1.237752 6.179446 1.460386
v -0.708751 6.348862 1.478404
v -0.755296 6.623227 1.320417
v -1.260747 6.450292 1.250536
v 1.730394 5.377115 0.659624
v 1.724657 5.378587 -0.065008
v 1.598434 5.759293 -0.000423
v 1.613223 5.755497 0.593065
v -0.714580 6.363031 -0.961106
v -1.243290 6.188009 -0.903538
v -1.267542 6.442561 -0.716991
v -0.764523 6.620486 -0.862770
v -2.077494 5.005150 0.006209
v -2.077494 5.005149 0.588406
v -2.034163 5.233520 0.538612
v -2.034163 5.233520 0.054030
v -1.293096 6.651794 1.241326
v -0.815557 6.842729 1.387914
v -0.905919 7.044482 1.638493
v -1.381334 6.826081 1.455636
v 1.203507 7.698393 0.603528
v 1.186161 7.702441 -0.001924
v 1.216673 7.935849 -0.049132
v 1.226037 7.933026 0.660624
v -0.844801 6.808246 -0.849990
v -1.333744 6.606638 -0.631281
v -1.492099 6.662756 -0.696133
v -0.966793 6.950294 -0.912332
v -1.638954 6.434914 -0.063895
v -1.617449 6.455868 0.722515
v -1.719553 6.546759 0.845596
v -1.786038 6.441895 -0.071464
v -1.509453 7.087238 1.643824
v -1.023851 7.322669 1.803486
v -1.172014 7.708257 1.781824
v -1.669226 7.475044 1.628452
v 1.179931 8.224066 0.661812
v 1.178349 8.229364 -0.045671
v 1.070153 8.505278 0.007311
v 1.062423 8.493257 0.623504
v -1.117911 7.156683 -0.977828
v -1.678336 6.841244 -0.805516
v -1.884148 7.227031 -0.812566
v -1.284221 7.494280 -0.995237
v -2.262206 6.801208 0.038303
v -2.234930 6.822669 0.598151
v -2.318000 7.057042 0.592380
v -2.338235 7.034841 0.041672
v -1.825765 7.938303 1.512414
v -1.358259 8.168993 1.640043
v -1.547478 8.609029 1.333968
v -1.928586 8.320988 1.277867
v 0.162189 9.782850 0.433175
v 0.162189 9.782850 0.160706
v -0.006609 9.868146 0.160706
v -0.006609 9.868146 0.433175
v -1.450448 7.986760 -0.934042
v -2.003285 7.730822 -0.769338
v -1.996798 8.221533 -0.619818
v -1.591071 8.521879 -0.694101
v -2.888991 7.922505 0.030631
v -2.876692 7.937145 0.537252
v -2.823287 8.176588 0.537643
v -2.830393 8.168130 0.062708
v -1.403329 2.533267 -0.894120
v -0.786291 2.412341 -0.908041
v -0.785802 2.015811 -0.510305
v -1.414665 2.076005 -0.504213
v 1.932628 3.626054 -0.106060
v 1.932628 3.625533 0.700021
v 1.921801 3.288688 0.623360
v 1.921801 3.290031 -0.033917
v -0.781967 2.414537 1.482542
v -1.397024 2.533274 1.470499
v -1.414665 2.058339 1.053315
v -0.785802 1.997394 1.057437
v -2.178355 3.437959 0.613735
v -2.178355 3.438550 -0.019901
v -2.165323 3.122930 0.036439
v -2.165323 3.121408 0.552384
v 0.114704 2.025536 1.028897
v 0.116105 2.415227 1.483811
v -0.275593 2.414813 1.483050
v -0.270775 2.024786 1.027188
v -0.217494 4.888288 1.928370
v -0.222863 3.967124 1.971284
v 0.026451 3.967124 1.971284
v 0.017322 4.888288 1.928370
v -0.345178 6.711909 1.324294
v -0.289489 6.387062 1.478404
v 0.034825 6.416611 1.478404
v -0.027937 6.780507 1.324294
v -0.513427 7.216174 1.681143
v -0.419095 6.980539 1.407300
v -0.112418 7.087139 1.407300
v -0.210781 7.349614 1.681143
v -0.783798 7.889384 1.839983
v -0.630670 7.506491 1.861645
v -0.331338 7.651836 1.861644
v -0.491127 8.033791 1.839983
v -1.226560 8.805327 1.353354
v -0.996254 8.352970 1.682692
v -0.715912 8.491540 1.682692
v -0.961274 8.938213 1.353354
v -1.371640 9.064495 -0.112689
v -1.368313 9.074495 0.712596
v -1.112607 9.204002 0.712596
v -1.111972 9.203599 -0.112689
v -0.710133 8.485917 -1.007837
v -1.030968 8.248468 -1.007837
v -1.243194 8.755325 -0.729341
v -0.958100 8.936193 -0.729341
v -0.339222 7.639505 -1.051362
v -0.663885 7.414110 -1.051362
v -0.824300 7.766892 -1.082294
v -0.487622 8.021848 -1.082294
v -0.168955 7.134131 -0.917951
v -0.447439 6.984025 -0.917951
v -0.541778 7.174184 -0.978227
v -0.242681 7.360857 -0.978227
v 0.009386 6.455628 -0.986798
v -0.300871 6.411620 -0.986798
v -0.367734 6.733384 -0.917469
v -0.082198 6.833818 -0.917469
v -0.236631 3.909264 -1.372732
v -0.230587 4.946148 -1.324427
v 0.039584 4.946148 -1.324427
v 0.049860 3.909264 -1.372732
v -0.270775 2.041759 -0.477656
v -0.276556 2.412341 -0.908041
v 0.117742 2.412341 -0.908041
v 0.114704 2.041666 -0.477661
v -0.229157 1.790139 0.519399
v -0.229157 1.799831 0.012863
v 0.075996 1.799786 0.013333
v 0.075996 1.790605 0.520972
v 0.304646 4.888288 1.928370
v 0.331515 3.967124 1.971284
v 0.681622 4.014451 1.954221
v 0.643660 4.840961 1.915717
v 0.360244 6.864445 1.320417
v 0.431660 6.452767 1.478404
v 0.928478 6.364861 1.471945
v 0.835363 6.914412 1.266046
v 0.156870 7.514645 1.638493
v 0.262835 7.217577 1.387914
v 0.716642 7.363752 1.309443
v 0.590470 7.706439 1.555079
v -0.164019 8.224277 1.781824
v 0.021582 7.838440 1.803486
v 0.441516 8.052685 1.687885
v 0.236161 8.465711 1.633856
v -0.697461 9.044096 1.333968
v -0.421144 8.659998 1.640043
v -0.084691 8.886599 1.513958
v -0.438121 9.155128 1.278137
v -0.862188 9.266773 -0.105641
v -0.867090 9.259325 0.708719
v -0.635822 9.277752 0.692718
v -0.627251 9.288850 -0.086003
v 0.005252 9.002557 -0.765833
v -0.372860 8.734478 -0.934042
v -0.672950 9.081343 -0.694101
v -0.395263 9.210618 -0.620088
v 0.460559 8.116232 -0.855951
v 0.028754 7.882218 -0.977828
v -0.118687 8.298704 -0.995237
v 0.322012 8.582674 -0.813027
v 0.569755 7.420618 -0.704484
v 0.159555 7.284181 -0.849990
v 0.104597 7.555295 -0.912332
v 0.520885 7.747764 -0.805956
v 0.868899 6.400313 -0.915098
v 0.386008 6.497675 -0.961106
v 0.259915 6.931103 -0.862770
v 0.692568 6.970272 -0.733474
v 0.400415 3.909264 -1.372732
v 0.370169 4.946148 -1.324427
v 0.746546 4.887892 -1.312647
v 0.788604 3.967520 -1.355524
v 0.602001 2.015509 -0.510476
v 0.600210 2.412341 -0.908041
v 1.176020 2.543428 -0.908277
v 1.188325 2.085415 -0.517232
v 0.646166 1.042767 0.413773
v 0.646166 1.045052 0.078037
v 0.970737 1.045052 0.078037
v 0.970738 1.042767 0.413773
v 1.169507 2.544435 1.486496
v 0.595392 2.415504 1.484319
v 0.602001 1.999001 1.061276
v 1.188325 2.069757 1.070217
v -1.351462 1.617986 -0.249225
v -0.800791 1.592363 -0.248123
v -0.846221 1.239141 -0.138929
v -1.230187 1.239141 -0.138929
v -0.452852 1.561182 0.036697
v -0.452852 1.553093 0.481712
v -0.595415 1.232658 0.417548
v -0.595415 1.236768 0.084359
v -0.800791 1.574816 0.768391
v -1.351462 1.600773 0.770534
v -1.230187 1.230284 0.640836
v -0.846221 1.230284 0.640836
v -1.691923 1.621185 0.484784
v -1.691923 1.628940 0.036525
v -1.480992 1.236768 0.084359
v -1.480992 1.232658 0.417548
v 0.292339 1.552280 0.484537
v 0.292339 1.559642 0.037007
v 0.423841 1.232391 0.083488
v 0.423841 1.228522 0.419194
v 0.615358 1.590424 -0.249397
v 1.126248 1.619758 -0.254655
v 1.010085 1.234665 -0.141512
v 0.655447 1.234665 -0.141512
v 1.442410 1.636879 0.032780
v 1.442410 1.629894 0.491981
v 1.241691 1.228522 0.419194
v 1.241691 1.232391 0.083488
v 1.126248 1.604224 0.779416
v 0.615358 1.574513 0.773003
v 0.655447 1.226249 0.644195
v 1.010085 1.226249 0.644195
v 1.590151 3.819705 -0.997336
v 1.486130 5.086012 -0.952436
v 1.703827 4.921411 -0.673249
v 1.791839 4.029500 -0.710460
v 1.487381 5.080593 1.546340
v 1.581811 3.821599 1.590694
v 1.791839 4.028979 1.304422
v 1.709565 4.919938 1.267864
v 1.298105 6.060965 -0.821594
v 1.120027 6.637511 -0.587948
v 1.441365 6.069808 -0.414145
v 1.579452 5.642159 -0.591204
v 1.095376 6.879137 -0.075312
v 1.168667 6.859255 0.654581
v 1.424579 6.218142 0.582501
v 1.391430 6.226651 0.004456
v 1.240906 6.603772 1.165733
v 1.352130 6.041687 1.405689
v 1.608138 5.634796 1.183789
v 1.497463 6.055409 1.003132
v 1.611366 2.909412 1.447366
v 1.627719 2.446168 1.088032
v 1.839627 2.987212 1.039833
v 1.837373 3.351244 1.254333
v 1.659479 2.245528 0.572620
v 1.659479 2.251970 -0.019634
v 1.839627 2.869702 -0.006166
v 1.839627 2.866690 0.582599
v 1.627719 2.457197 -0.523271
v 1.614518 2.912107 -0.864434
v 1.837374 3.353850 -0.665018
v 1.839627 2.992309 -0.458753
v -1.840206 3.754249 1.510439
v -1.763585 4.973550 1.471334
v -1.995873 4.716396 1.128021
v -2.051367 3.875850 1.154689
v -1.771575 4.976327 -0.877429
v -1.848518 3.752472 -0.917296
v -2.051367 3.876441 -0.560855
v -1.995873 4.716396 -0.533406
v -1.686054 5.772268 1.337156
v -1.676979 6.042213 1.104075
v -1.921279 5.529080 0.902530
v -1.953015 5.294399 1.055597
v -1.713982 6.103695 0.631497
v -1.716948 6.100805 -0.041992
v -1.914852 5.572549 0.043961
v -1.914852 5.572549 0.542996
v -1.679945 6.039323 -0.525316
v -1.688856 5.775045 -0.753060
v -1.953015 5.294399 -0.463012
v -1.921279 5.529079 -0.313543
v -1.865004 2.851945 -0.781350
v -1.876830 2.400380 -0.449676
v -2.087500 2.866637 -0.327554
v -2.087191 3.216347 -0.509932
v -1.911487 2.196274 0.009518
v -1.911487 2.189000 0.539584
v -2.087500 2.742944 0.528094
v -2.087500 2.746355 0.046297
v -1.876830 2.387912 1.011402
v -1.861880 2.848526 1.362949
v -2.087191 3.213396 1.098612
v -2.087500 2.860866 0.907099
v -2.002126 6.480126 -0.050831
v -1.931516 6.588312 0.838197
v -2.123708 6.657940 0.664855
v -2.165695 6.623256 0.035691
v -1.917217 6.913888 1.384704
v -2.058224 7.254572 1.369069
v -2.236038 7.107540 1.047568
v -2.141743 6.858333 1.063769
v -2.258034 7.382465 0.811443
v -2.363190 7.289268 -0.055894
v -2.379454 7.203884 0.047454
v -2.345172 7.248386 0.646909
v -2.249933 7.065022 -0.586195
v -2.074381 6.709349 -0.592251
v -2.225557 6.779639 -0.364968
v -2.312147 7.019027 -0.351460
v 1.056055 7.352339 0.662055
v 0.982153 7.372281 -0.078042
v 1.094631 7.555692 -0.000397
v 1.129176 7.547045 0.594735
v 0.898675 7.564569 -0.563154
v 0.873739 7.873827 -0.709926
v 1.102175 7.922419 -0.534454
v 1.087424 7.680360 -0.409044
v 0.937051 7.845499 1.434670
v 1.024935 7.530176 1.197752
v 1.149129 7.665406 1.029584
v 1.137397 7.909449 1.193571
v 0.824557 8.240170 -0.736110
v 0.713895 8.662471 -0.615045
v 0.963345 8.555493 -0.413340
v 1.060264 8.248065 -0.537008
v 0.644714 8.891522 -0.055183
v 0.595252 8.833155 0.833191
v 0.872747 8.681899 0.669625
v 0.894407 8.708414 0.022045
v 0.636807 8.565414 1.401924
v 0.807885 8.187604 1.516273
v 1.056574 8.222724 1.220295
v 0.929932 8.510300 1.107014
v -2.516617 7.398129 -0.072920
v -2.500765 7.416997 0.169308
v -2.637408 7.492792 0.140229
v -2.644514 7.484334 -0.064744
v -2.297466 7.852945 1.285251
v -2.324834 8.172846 1.150394
v -2.651042 8.175945 0.921414
v -2.670062 7.907648 0.974945
v -2.344947 8.316796 0.647521
v -2.357515 8.301106 -0.042115
v -2.656881 8.326593 0.038225
v -2.649776 8.335051 0.562126
v -2.387672 8.094399 -0.498888
v -2.460409 7.692318 -0.583720
v -2.731557 7.834452 -0.362270
v -2.682746 8.138210 -0.298667
v -2.369114 7.340031 -0.076649
v -2.261361 7.432044 0.677507
v -2.394437 7.402416 0.331387
v -2.429967 7.360126 -0.042107
v -2.365439 7.567407 0.989940
v -2.663235 7.673134 0.767870
v -2.641687 7.542665 0.431923
v -2.472532 7.469854 0.511874
v -2.850904 7.726818 0.410571
v -2.863203 7.712179 0.008531
v -2.778375 7.589268 -0.023372
v -2.771269 7.597726 0.229041
v -2.724730 7.599939 -0.303975
v -2.522388 7.416837 -0.434020
v -2.532660 7.398285 -0.244989
v -2.673390 7.504929 -0.203859
v 0.410753 9.069613 0.806800
v 0.460825 9.127919 -0.033650
v 0.411821 9.365940 0.048026
v 0.391868 9.343114 0.629840
v 0.203203 9.267356 -0.535990
v -0.202917 9.417707 -0.500237
v -0.108220 9.636924 -0.349182
v 0.211786 9.483464 -0.343583
v -0.446220 9.483240 -0.042693
v -0.454319 9.473716 0.648099
v -0.328208 9.731621 0.579449
v -0.324217 9.736187 0.020031
v -0.243414 9.370089 1.151744
v 0.120733 9.170953 1.265647
v 0.175870 9.442377 0.999053
v -0.128173 9.614098 0.971058
v -1.261951 2.971856 1.783215
v -0.719530 2.797418 1.793218
v -0.622221 3.241615 1.938225
v -1.039917 3.379631 1.925295
v -0.640616 6.039591 1.678006
v -1.126866 5.855745 1.676430
v -0.943973 5.475780 1.827643
v -0.560126 5.613796 1.827713
v -1.473351 5.046618 1.708407
v -1.548544 3.781505 1.757599
v -1.245521 3.972677 1.897667
v -1.195262 4.882735 1.855271
v -0.261690 2.797474 1.793320
v 0.092466 2.797556 1.793472
v 0.055624 3.241615 1.938225
v -0.240021 3.241615 1.938225
v 0.051877 6.053141 1.678006
v -0.250157 6.047231 1.678006
v -0.226194 5.613796 1.827713
v 0.032115 5.613796 1.827713
v 0.525816 2.797612 1.793574
v 1.030567 2.976187 1.788998
v 0.806193 3.379631 1.925295
v 0.417380 3.241615 1.938225
v 1.292408 3.793142 1.771261
v 1.210869 5.072731 1.721261
v 0.942269 4.882735 1.855271
v 0.993368 3.972677 1.897667
v 0.877762 5.889314 1.681201
v 0.421449 6.060372 1.678006
v 0.348185 5.613796 1.827713
v 0.706825 5.475781 1.827643
v -1.160862 5.904811 -1.084280
v -0.659629 6.097970 -1.093901
v -0.601631 5.717946 -1.223247
v -1.016525 5.563214 -1.224114
v -0.741150 2.741433 -1.202848
v -1.300506 2.924263 -1.191627
v -1.120175 3.292198 -1.329913
v -0.669178 3.137467 -1.343463
v -1.597129 3.761899 -1.162601
v -1.519605 5.066754 -1.111655
v -1.289879 4.918095 -1.254168
v -1.343832 3.937317 -1.299859
v -0.256408 6.107688 -1.099039
v 0.053546 6.116490 -1.099039
v 0.047829 5.717946 -1.223247
v -0.235436 5.717945 -1.223247
v 0.100651 2.741433 -1.202848
v -0.266504 2.741433 -1.202848
v -0.250477 3.137467 -1.343463
v 0.073403 3.137467 -1.343463
v 0.432206 6.124899 -1.093901
v 0.901755 5.943099 -1.089051
v 0.781750 5.563214 -1.224114
v 0.394435 5.717945 -1.223247
v 1.252626 5.094330 -1.124509
v 1.341201 3.773473 -1.176150
v 1.092742 3.937317 -1.299859
v 1.037867 4.918095 -1.254168
v 1.070230 2.928423 -1.197092
v 0.549907 2.741433 -1.202848
v 0.469706 3.137467 -1.343463
v 0.889130 3.292198 -1.329913
v 0.370428 9.541192 0.522509
v 0.374419 9.545757 0.088169
v 0.296332 9.676394 0.143188
v 0.296332 9.676394 0.450693
v 0.203085 9.635623 -0.202138
v -0.057908 9.765856 -0.203258
v -0.017462 9.834958 -0.055824
v 0.173042 9.738695 -0.055824
v -0.232434 9.852070 0.082570
v -0.233233 9.851157 0.512431
v -0.140752 9.897258 0.450693
v -0.140752 9.897259 0.143188
v -0.061898 9.761292 0.802737
v 0.195902 9.627405 0.808336
v 0.173042 9.738694 0.649705
v -0.017462 9.834957 0.649705
vt 0.327971 0.883691
vt 0.326126 0.898107
vt 0.320433 0.901576
vt 0.322187 0.886187
vt 0.323907 0.911638
vt 0.318572 0.916277
vt 0.314566 0.904277
vt 0.316245 0.887748
vt 0.329394 0.869992
vt 0.323701 0.871748
vt 0.321967 0.922915
vt 0.316681 0.929204
vt 0.313178 0.919280
vt 0.309247 0.906701
vt 0.310983 0.888398
vt 0.317906 0.872021
vt 0.334102 0.866740
vt 0.332758 0.880235
vt 0.324838 0.859895
vt 0.330343 0.858611
vt 0.311551 0.932399
vt 0.308219 0.922505
vt 0.312893 0.870822
vt 0.319240 0.859422
vt 0.334866 0.855566
vt 0.325665 0.850081
vt 0.330928 0.849070
vt 0.314835 0.939272
vt 0.309156 0.943274
vt 0.308144 0.932243
vt 0.314442 0.857198
vt 0.320293 0.849273
vt 0.335208 0.846241
vt 0.326251 0.841760
vt 0.331256 0.840894
vt 0.305184 0.940233
vt 0.304187 0.927807
vt 0.315683 0.846649
vt 0.321110 0.840894
vt 0.335285 0.838297
vt 0.326663 0.834385
vt 0.331436 0.833604
vt 0.307199 0.949407
vt 0.302944 0.945731
vt 0.316671 0.838297
vt 0.321737 0.833604
vt 0.335252 0.831262
vt 0.326968 0.827412
vt 0.331576 0.826726
vt 0.317461 0.831262
vt 0.322220 0.826726
vt 0.335267 0.824668
vt 0.327181 0.821037
vt 0.331539 0.820530
vt 0.318107 0.824668
vt 0.322708 0.820530
vt 0.335054 0.818865
vt 0.327317 0.815459
vt 0.331188 0.815290
vt 0.318859 0.818865
vt 0.323353 0.815290
vt 0.334338 0.814204
vt 0.327393 0.810662
vt 0.330945 0.810848
vt 0.319968 0.814204
vt 0.323754 0.810848
vt 0.333322 0.811188
vt 0.327426 0.806629
vt 0.331229 0.807048
vt 0.321182 0.811188
vt 0.323515 0.807048
vt 0.334331 0.808612
vt 0.320113 0.808612
vt 0.221963 0.855333
vt 0.224806 0.879822
vt 0.218193 0.875151
vt 0.215828 0.852489
vt 0.226892 0.859128
vt 0.230007 0.884365
vt 0.227663 0.905789
vt 0.220957 0.900028
vt 0.211422 0.871415
vt 0.209591 0.851129
vt 0.214544 0.836544
vt 0.220256 0.838263
vt 0.232824 0.910402
vt 0.224883 0.841526
vt 0.229411 0.927292
vt 0.223437 0.922622
vt 0.213930 0.893794
vt 0.205745 0.869678
vt 0.204358 0.851784
vt 0.208739 0.836582
vt 0.213986 0.825811
vt 0.219334 0.826930
vt 0.233939 0.930403
vt 0.223658 0.829813
vt 0.230435 0.942928
vt 0.225094 0.939564
vt 0.216816 0.914623
vt 0.207994 0.889294
vt 0.203838 0.838588
vt 0.208529 0.826509
vt 0.213803 0.818784
vt 0.218847 0.819649
vt 0.233430 0.941065
vt 0.231117 0.951294
vt 0.225385 0.947489
vt 0.218835 0.930254
vt 0.211095 0.907660
vt 0.203876 0.829079
vt 0.208622 0.819649
vt 0.213641 0.813958
vt 0.218445 0.814739
vt 0.214023 0.920398
vt 0.208683 0.814739
vt 0.213146 0.809829
vt 0.217777 0.810515
vt 0.208373 0.810515
vt 0.207998 0.807251
vt 0.212474 0.806629
vt 0.451187 0.747983
vt 0.456872 0.749987
vt 0.458377 0.764072
vt 0.452609 0.761313
vt 0.450237 0.736940
vt 0.455740 0.738461
vt 0.462642 0.750050
vt 0.464271 0.765448
vt 0.460098 0.779022
vt 0.454436 0.775282
vt 0.449653 0.727691
vt 0.454914 0.728930
vt 0.461327 0.737767
vt 0.467607 0.748193
vt 0.469436 0.765478
vt 0.465887 0.781579
vt 0.461879 0.793142
vt 0.456599 0.788242
vt 0.449325 0.719746
vt 0.454329 0.720832
vt 0.460284 0.727898
vt 0.466106 0.734865
vt 0.471059 0.783454
vt 0.467163 0.796066
vt 0.463621 0.805278
vt 0.458438 0.798743
vt 0.449145 0.712613
vt 0.453917 0.713602
vt 0.459470 0.719746
vt 0.464889 0.724597
vt 0.471938 0.798854
vt 0.468605 0.808487
vt 0.445296 0.716490
vt 0.445328 0.709648
vt 0.449005 0.705801
vt 0.453612 0.706677
vt 0.458843 0.712613
vt 0.463909 0.716490
vt 0.471888 0.808182
vt 0.465230 0.814275
vt 0.470722 0.818421
vt 0.445313 0.703172
vt 0.449041 0.699556
vt 0.453399 0.700229
vt 0.458361 0.705801
vt 0.463119 0.709648
vt 0.474600 0.815527
vt 0.475691 0.803345
vt 0.445526 0.697390
vt 0.449392 0.694125
vt 0.453264 0.694431
vt 0.457872 0.699556
vt 0.462474 0.703172
vt 0.446242 0.692630
vt 0.449636 0.689318
vt 0.453188 0.689236
vt 0.457228 0.694125
vt 0.461722 0.697390
vt 0.447258 0.689440
vt 0.453155 0.684597
vt 0.449351 0.684946
vt 0.456826 0.689318
vt 0.460612 0.692630
vt 0.446249 0.686402
vt 0.457066 0.684946
vt 0.453210 0.680760
vt 0.449142 0.681284
vt 0.459399 0.689440
vt 0.460468 0.686402
vt 0.457413 0.681284
vt 0.462744 0.689371
vt 0.354743 0.724405
vt 0.360806 0.721256
vt 0.358690 0.743702
vt 0.352221 0.748753
vt 0.356257 0.707581
vt 0.361941 0.705601
vt 0.366954 0.720046
vt 0.365285 0.740033
vt 0.356196 0.768522
vt 0.349688 0.774716
vt 0.349846 0.728941
vt 0.347085 0.754078
vt 0.351644 0.711554
vt 0.357083 0.696585
vt 0.362424 0.695231
vt 0.367710 0.705837
vt 0.372108 0.721330
vt 0.370800 0.738856
vt 0.362968 0.762280
vt 0.353929 0.791298
vt 0.348139 0.796390
vt 0.344611 0.780123
vt 0.357538 0.689725
vt 0.362582 0.688639
vt 0.367872 0.696149
vt 0.372580 0.708509
vt 0.368666 0.758256
vt 0.360272 0.783267
vt 0.352364 0.808741
vt 0.347184 0.812481
vt 0.343680 0.800237
vt 0.357940 0.685306
vt 0.362745 0.684318
vt 0.367763 0.689725
vt 0.372517 0.699393
vt 0.365714 0.776697
vt 0.358347 0.799374
vt 0.351981 0.817562
vt 0.346433 0.821699
vt 0.344211 0.811079
vt 0.358608 0.681636
vt 0.363240 0.680760
vt 0.367702 0.685306
vt 0.362910 0.789710
vt 0.358343 0.806983
vt 0.342586 0.817867
vt 0.368012 0.681636
vt 0.052556 0.188837
vt 0.077068 0.194298
vt 0.077137 0.215221
vt 0.052437 0.212130
vt 0.053719 0.171599
vt 0.077463 0.178786
vt 0.105594 0.196123
vt 0.105588 0.216254
vt 0.077582 0.238963
vt 0.053166 0.238580
vt 0.035231 0.206977
vt 0.036053 0.179736
vt 0.038731 0.159621
vt 0.057156 0.158514
vt 0.079116 0.166499
vt 0.105605 0.181191
vt 0.134142 0.194316
vt 0.134048 0.215229
vt 0.105586 0.239093
vt 0.078315 0.262932
vt 0.054548 0.265294
vt 0.035922 0.237942
vt 0.023500 0.200263
vt 0.025244 0.168018
vt 0.030053 0.144715
vt 0.044280 0.144985
vt 0.064097 0.147679
vt 0.082819 0.155250
vt 0.105647 0.169122
vt 0.133787 0.178823
vt 0.158715 0.188883
vt 0.158772 0.212148
vt 0.133592 0.238970
vt 0.105586 0.262149
vt 0.079245 0.284534
vt 0.056384 0.289376
vt 0.037785 0.269232
vt 0.024092 0.237155
vt 0.015227 0.192486
vt 0.017813 0.154707
vt 0.025242 0.128748
vt 0.038154 0.128246
vt 0.053719 0.134184
vt 0.071928 0.139569
vt 0.085896 0.142512
vt 0.105748 0.157577
vt 0.132237 0.166561
vt 0.157653 0.171690
vt 0.175319 0.179827
vt 0.176019 0.207013
vt 0.158017 0.238598
vt 0.132861 0.262952
vt 0.105589 0.282933
vt 0.080285 0.301177
vt 0.058480 0.307929
vt 0.040478 0.297445
vt 0.026290 0.274401
vt 0.015920 0.236324
vt 0.008801 0.187836
vt 0.010662 0.140075
vt 0.023120 0.114123
vt 0.036445 0.110631
vt 0.049774 0.116504
vt 0.067397 0.127637
vt 0.085668 0.125763
vt 0.105936 0.144053
vt 0.128746 0.155343
vt 0.154378 0.158661
vt 0.172844 0.159803
vt 0.186233 0.168084
vt 0.187784 0.200268
vt 0.175276 0.237977
vt 0.156639 0.265346
vt 0.131941 0.284585
vt 0.105593 0.298952
vt 0.081996 0.314869
vt 0.061827 0.322596
vt 0.043660 0.319182
vt 0.029748 0.307773
vt 0.018327 0.280458
vt 0.009754 0.235605
vt 0.002611 0.190498
vt 0.001842 0.153923
vt 0.036771 0.095502
vt 0.050351 0.096379
vt 0.065245 0.109072
vt 0.084901 0.105534
vt 0.106236 0.126046
vt 0.126030 0.142653
vt 0.147683 0.147886
vt 0.167560 0.145265
vt 0.181755 0.144954
vt 0.193737 0.154589
vt 0.196064 0.192354
vt 0.187116 0.237207
vt 0.173419 0.269335
vt 0.154829 0.289504
vt 0.130919 0.301280
vt 0.105612 0.312412
vt 0.084936 0.327616
vt 0.067420 0.335019
vt 0.048528 0.335779
vt 0.034120 0.333042
vt 0.022415 0.319388
vt 0.012172 0.283571
vt 0.003943 0.235154
vt 0.052081 0.079130
vt 0.066983 0.086714
vt 0.086365 0.082359
vt 0.106627 0.104816
vt 0.126807 0.125973
vt 0.140097 0.139806
vt 0.158431 0.134540
vt 0.174066 0.128675
vt 0.186778 0.128936
vt 0.200878 0.139287
vt 0.202457 0.187297
vt 0.195286 0.236385
vt 0.184937 0.274604
vt 0.170779 0.297703
vt 0.152778 0.308186
vt 0.129254 0.315043
vt 0.105656 0.325519
vt 0.086899 0.341836
vt 0.073700 0.344303
vt 0.056283 0.348572
vt 0.040371 0.352007
vt 0.028155 0.347614
vt 0.016143 0.331970
vt 0.006104 0.279908
vt 0.070228 0.061315
vt 0.089063 0.059281
vt 0.107089 0.081622
vt 0.128304 0.105845
vt 0.145000 0.127989
vt 0.162885 0.117048
vt 0.176181 0.111191
vt 0.189084 0.114195
vt 0.209455 0.151371
vt 0.208559 0.189124
vt 0.201413 0.235662
vt 0.192927 0.280836
vt 0.181592 0.308246
vt 0.167686 0.319697
vt 0.149501 0.323012
vt 0.126406 0.327881
vt 0.105738 0.340687
vt 0.085674 0.359943
vt 0.068230 0.356861
vt 0.049468 0.366466
vt 0.035628 0.368869
vt 0.024908 0.360723
vt 0.078940 0.039057
vt 0.091999 0.039342
vt 0.107581 0.058954
vt 0.127748 0.082810
vt 0.147776 0.109597
vt 0.162939 0.097150
vt 0.176202 0.096157
vt 0.207126 0.235188
vt 0.199046 0.284339
vt 0.189067 0.320198
vt 0.177427 0.333919
vt 0.162934 0.336571
vt 0.144015 0.335602
vt 0.124601 0.342234
vt 0.105869 0.360331
vt 0.083006 0.381168
vt 0.063113 0.376245
vt 0.044921 0.386889
vt 0.033004 0.382667
vt 0.083466 0.023153
vt 0.094799 0.023146
vt 0.108059 0.039301
vt 0.126042 0.059820
vt 0.146859 0.087470
vt 0.161761 0.080104
vt 0.213698 0.194619
vt 0.212054 0.234925
vt 0.204951 0.281418
vt 0.195475 0.333470
vt 0.183785 0.348960
vt 0.171389 0.353296
vt 0.155314 0.349578
vt 0.137843 0.344974
vt 0.126065 0.360538
vt 0.106015 0.382643
vt 0.080638 0.404741
vt 0.058952 0.399553
vt 0.041462 0.403159
vt 0.087269 0.011914
vt 0.097085 0.011297
vt 0.108489 0.023080
vt 0.124086 0.039830
vt 0.144647 0.062343
vt 0.210114 0.275272
vt 0.203058 0.319401
vt 0.187751 0.362614
vt 0.176707 0.370763
vt 0.162422 0.368048
vt 0.143476 0.357856
vt 0.129007 0.382076
vt 0.106145 0.405813
vt 0.079398 0.425727
vt 0.051575 0.427507
vt 0.090672 0.005812
vt 0.098195 0.003214
vt 0.108835 0.010708
vt 0.122160 0.023519
vt 0.137112 0.039939
vt 0.180392 0.385204
vt 0.167459 0.389246
vt 0.148853 0.377775
vt 0.131639 0.406130
vt 0.106185 0.425845
vt 0.080116 0.439194
vt 0.057740 0.443100
vt 0.109089 0.001992
vt 0.120543 0.011567
vt 0.133474 0.023831
vt 0.172001 0.406341
vt 0.153337 0.401879
vt 0.132924 0.427400
vt 0.106062 0.438744
vt 0.082140 0.447450
vt 0.061487 0.450859
vt 0.039064 0.445279
vt 0.042684 0.451621
vt 0.119906 0.003408
vt 0.130316 0.012399
vt 0.160730 0.430932
vt 0.131829 0.440588
vt 0.105878 0.446762
vt 0.084820 0.452799
vt 0.066707 0.455668
vt 0.047290 0.457418
vt 0.029314 0.457849
vt 0.032848 0.462543
vt 0.127273 0.006155
vt 0.177627 0.412498
vt 0.173972 0.430059
vt 0.153142 0.445443
vt 0.129331 0.448365
vt 0.105732 0.452149
vt 0.086170 0.457392
vt 0.072487 0.458527
vt 0.054435 0.461070
vt 0.038171 0.466228
vt 0.175602 0.443965
vt 0.169830 0.448514
vt 0.165726 0.454024
vt 0.149003 0.452409
vt 0.126404 0.453404
vt 0.105601 0.456975
vt 0.084205 0.463375
vt 0.066084 0.462936
vt 0.046894 0.468667
vt 0.026130 0.473654
vt 0.032751 0.476392
vt 0.161399 0.459042
vt 0.143818 0.456685
vt 0.124860 0.457802
vt 0.105460 0.463308
vt 0.081397 0.470813
vt 0.060731 0.470111
vt 0.042976 0.478122
vt 0.022125 0.485232
vt 0.030048 0.487557
vt 0.172400 0.464649
vt 0.168316 0.467701
vt 0.154958 0.462115
vt 0.138137 0.459219
vt 0.126511 0.463658
vt 0.105327 0.471031
vt 0.080216 0.479770
vt 0.058299 0.479147
vt 0.041456 0.488787
vt 0.020428 0.497558
vt 0.029079 0.499368
vt 0.161150 0.469595
vt 0.144097 0.463551
vt 0.128959 0.471027
vt 0.105220 0.480030
vt 0.080011 0.489712
vt 0.057670 0.489359
vt 0.041109 0.500012
vt 0.022154 0.510508
vt 0.031264 0.511128
vt 0.171551 0.477823
vt 0.163721 0.479028
vt 0.148748 0.470612
vt 0.129809 0.479967
vt 0.105154 0.489894
vt 0.080133 0.500106
vt 0.057725 0.500066
vt 0.043207 0.510789
vt 0.028418 0.523957
vt 0.038027 0.522135
vt 0.172480 0.489326
vt 0.164146 0.489921
vt 0.150478 0.479620
vt 0.129774 0.489956
vt 0.105143 0.500215
vt 0.080944 0.510118
vt 0.059321 0.510212
vt 0.049024 0.520106
vt 0.042619 0.535484
vt 0.051526 0.531225
vt 0.172478 0.502130
vt 0.163899 0.501783
vt 0.150547 0.489949
vt 0.129567 0.500476
vt 0.105021 0.510335
vt 0.082809 0.518915
vt 0.063317 0.518743
vt 0.060503 0.527398
vt 0.068158 0.542666
vt 0.073922 0.537235
vt 0.169873 0.515059
vt 0.161448 0.513326
vt 0.150216 0.500971
vt 0.128495 0.510688
vt 0.104620 0.519596
vt 0.083200 0.526305
vt 0.068517 0.524296
vt 0.079587 0.532097
vt 0.065711 0.549585
vt 0.031209 0.542824
vt 0.099280 0.546189
vt 0.100707 0.540160
vt 0.162996 0.526937
vt 0.155258 0.523264
vt 0.148320 0.511558
vt 0.125865 0.519755
vt 0.103780 0.527677
vt 0.102342 0.534261
vt 0.070002 0.559188
vt 0.047303 0.559834
vt 0.098639 0.553022
vt 0.130232 0.546744
vt 0.127375 0.539998
vt 0.175593 0.515825
vt 0.169352 0.530739
vt 0.149584 0.535879
vt 0.143623 0.530503
vt 0.143695 0.520582
vt 0.123903 0.527551
vt 0.124836 0.533949
vt 0.099366 0.561330
vt 0.076922 0.569438
vt 0.057760 0.571272
vt 0.028215 0.555751
vt 0.037940 0.566269
vt 0.131364 0.554421
vt 0.155446 0.542278
vt 0.137659 0.526398
vt 0.128727 0.563262
vt 0.100879 0.570058
vt 0.082367 0.578299
vt 0.065851 0.580581
vt 0.047985 0.576561
vt 0.165112 0.552236
vt 0.175643 0.531278
vt 0.152183 0.566611
vt 0.125040 0.572131
vt 0.102596 0.578149
vt 0.086595 0.585842
vt 0.072169 0.588141
vt 0.056568 0.585235
vt 0.171930 0.563900
vt 0.163828 0.573005
vt 0.145007 0.575813
vt 0.123020 0.579893
vt 0.104112 0.585381
vt 0.089866 0.592139
vt 0.077306 0.594334
vt 0.063826 0.592399
vt 0.156380 0.581259
vt 0.140123 0.583292
vt 0.121726 0.586639
vt 0.105021 0.591530
vt 0.092517 0.597338
vt 0.081761 0.599260
vt 0.069894 0.598163
vt 0.150384 0.588105
vt 0.136446 0.589497
vt 0.120215 0.592458
vt 0.105476 0.596761
vt 0.094884 0.601586
vt 0.086036 0.603019
vt 0.075402 0.602639
vt 0.145278 0.593835
vt 0.132894 0.594877
vt 0.118445 0.597418
vt 0.105628 0.601241
vt 0.096303 0.605332
vt 0.089739 0.605458
vt 0.080979 0.605939
vt 0.140501 0.598737
vt 0.129230 0.599396
vt 0.116371 0.601586
vt 0.105628 0.605286
vt 0.096108 0.609025
vt 0.087566 0.608067
vt 0.135638 0.602783
vt 0.125219 0.603019
vt 0.114952 0.605332
vt 0.105628 0.609211
vt 0.130277 0.605940
vt 0.121517 0.605458
vt 0.115147 0.609025
vt 0.123689 0.608067
vt 0.776675 0.635246
vt 0.797090 0.639306
vt 0.797050 0.659368
vt 0.776391 0.657745
vt 0.777873 0.618622
vt 0.797524 0.624444
vt 0.819695 0.640654
vt 0.819702 0.659906
vt 0.797332 0.681744
vt 0.776850 0.682870
vt 0.759725 0.655042
vt 0.760665 0.628479
vt 0.763283 0.608918
vt 0.780744 0.606126
vt 0.798824 0.612800
vt 0.819684 0.626375
vt 0.842278 0.639286
vt 0.842344 0.659359
vt 0.819705 0.681368
vt 0.797858 0.703550
vt 0.777880 0.707368
vt 0.760154 0.684746
vt 0.746164 0.651254
vt 0.747888 0.619544
vt 0.752513 0.596730
vt 0.768198 0.594778
vt 0.786051 0.596011
vt 0.801461 0.602390
vt 0.819637 0.614951
vt 0.841799 0.624403
vt 0.862625 0.635194
vt 0.862977 0.657725
vt 0.842075 0.681742
vt 0.819705 0.702277
vt 0.798555 0.721900
vt 0.779312 0.727991
vt 0.761643 0.713733
vt 0.746599 0.687042
vt 0.734819 0.646379
vt 0.737172 0.608980
vt 0.744318 0.583456
vt 0.759979 0.580685
vt 0.776027 0.584482
vt 0.791835 0.588615
vt 0.803285 0.590916
vt 0.819524 0.604266
vt 0.840384 0.612730
vt 0.861315 0.618519
vt 0.878523 0.628376
vt 0.879598 0.655000
vt 0.862547 0.682864
vt 0.841547 0.703550
vt 0.819702 0.719869
vt 0.799348 0.733909
vt 0.780973 0.741488
vt 0.763882 0.738144
vt 0.748450 0.722092
vt 0.735537 0.689427
vt 0.725416 0.643835
vt 0.726447 0.596443
vt 0.738895 0.570980
vt 0.754883 0.565774
vt 0.770227 0.569285
vt 0.787200 0.578194
vt 0.802149 0.576077
vt 0.819316 0.592043
vt 0.837512 0.602284
vt 0.858262 0.605959
vt 0.875679 0.608712
vt 0.891183 0.619460
vt 0.893120 0.651241
vt 0.879227 0.684735
vt 0.861515 0.707368
vt 0.840839 0.721900
vt 0.819697 0.731383
vt 0.800604 0.742318
vt 0.783565 0.750464
vt 0.766562 0.754120
vt 0.751437 0.751434
vt 0.737605 0.731895
vt 0.726543 0.691463
vt 0.717678 0.647038
vt 0.716549 0.609529
vt 0.751882 0.552890
vt 0.767494 0.551903
vt 0.783540 0.561977
vt 0.800199 0.558208
vt 0.818984 0.576003
vt 0.835287 0.590757
vt 0.852683 0.595777
vt 0.870470 0.594461
vt 0.886191 0.596454
vt 0.901817 0.609075
vt 0.904455 0.646503
vt 0.892771 0.687027
vt 0.877734 0.713733
vt 0.860057 0.727991
vt 0.840029 0.733909
vt 0.819679 0.739618
vt 0.802690 0.749867
vt 0.787789 0.757523
vt 0.770623 0.764099
vt 0.755281 0.770096
vt 0.741149 0.766937
vt 0.728677 0.738738
vt 0.719190 0.692709
vt 0.711829 0.653140
vt 0.710486 0.619810
vt 0.765940 0.536999
vt 0.782332 0.542354
vt 0.799580 0.537641
vt 0.818557 0.557120
vt 0.835815 0.575839
vt 0.846628 0.588346
vt 0.862297 0.584079
vt 0.878268 0.580198
vt 0.894150 0.583217
vt 0.912553 0.597210
vt 0.913894 0.644366
vt 0.903834 0.689410
vt 0.890904 0.722044
vt 0.875442 0.738144
vt 0.858351 0.741488
vt 0.838728 0.742318
vt 0.819635 0.747374
vt 0.803764 0.759348
vt 0.792514 0.763103
vt 0.777006 0.770519
vt 0.760832 0.781049
vt 0.746295 0.787705
vt 0.731598 0.784922
vt 0.721238 0.738214
vt 0.713493 0.693348
vt 0.782078 0.519711
vt 0.800074 0.516773
vt 0.818065 0.536366
vt 0.836967 0.557856
vt 0.850850 0.577795
vt 0.867537 0.568670
vt 0.882918 0.565134
vt 0.899370 0.570846
vt 0.922719 0.612072
vt 0.921726 0.648408
vt 0.912867 0.691447
vt 0.901723 0.731701
vt 0.887804 0.751361
vt 0.872674 0.754120
vt 0.855688 0.750464
vt 0.836550 0.749867
vt 0.819553 0.757477
vt 0.801986 0.773556
vt 0.787023 0.773598
vt 0.768945 0.787265
vt 0.753247 0.799137
vt 0.739747 0.804132
vt 0.722874 0.775564
vt 0.715401 0.733514
vt 0.788660 0.498295
vt 0.801467 0.497999
vt 0.817565 0.515774
vt 0.836617 0.537133
vt 0.853828 0.561384
vt 0.869585 0.551032
vt 0.885539 0.552136
vt 0.920320 0.692700
vt 0.910686 0.738143
vt 0.897951 0.766646
vt 0.883753 0.770047
vt 0.868496 0.764099
vt 0.851357 0.757523
vt 0.835317 0.759348
vt 0.819422 0.772755
vt 0.798883 0.791070
vt 0.781125 0.790140
vt 0.762208 0.806172
vt 0.747270 0.815303
vt 0.716982 0.766805
vt 0.792022 0.482649
vt 0.803223 0.482285
vt 0.817112 0.497376
vt 0.835110 0.516167
vt 0.854152 0.541501
vt 0.870544 0.535898
vt 0.918288 0.736807
vt 0.907365 0.783965
vt 0.892347 0.787511
vt 0.877993 0.781049
vt 0.861978 0.770519
vt 0.846525 0.763103
vt 0.836856 0.773556
vt 0.819401 0.791061
vt 0.795980 0.810468
vt 0.775634 0.809663
vt 0.755823 0.823209
vt 0.735780 0.816561
vt 0.742306 0.826483
vt 0.795106 0.471426
vt 0.804809 0.470596
vt 0.816728 0.481815
vt 0.832788 0.497457
vt 0.853328 0.518555
vt 0.916557 0.772949
vt 0.898176 0.803740
vt 0.885016 0.799140
vt 0.869763 0.787315
vt 0.851853 0.773598
vt 0.839864 0.791120
vt 0.819648 0.810249
vt 0.794197 0.826474
vt 0.768132 0.830188
vt 0.748815 0.834348
vt 0.798158 0.465239
vt 0.805482 0.462518
vt 0.816432 0.469736
vt 0.830250 0.481879
vt 0.845626 0.497317
vt 0.889941 0.815302
vt 0.876061 0.806374
vt 0.857556 0.790215
vt 0.843040 0.810669
vt 0.820464 0.825455
vt 0.794450 0.833813
vt 0.770576 0.839176
vt 0.753563 0.840631
vt 0.816222 0.461113
vt 0.828090 0.470309
vt 0.841467 0.481912
vt 0.881396 0.823597
vt 0.862922 0.809966
vt 0.846260 0.827092
vt 0.822150 0.831817
vt 0.754804 0.845812
vt 0.827026 0.462318
vt 0.837829 0.470912
vt 0.893142 0.826469
vt 0.886295 0.834888
vt 0.870575 0.831152
vt 0.849400 0.835277
vt 0.834479 0.464885
vt 0.882953 0.842095
vt 0.871975 0.841795
vt 0.853100 0.838898
vt 0.824157 0.833340
vt 0.885651 0.848967
vt 0.877294 0.847708
vt 0.019127 0.929408
vt 0.017357 0.916475
vt 0.024277 0.917740
vt 0.024182 0.934290
vt 0.016220 0.935798
vt 0.011843 0.917922
vt 0.016992 0.897539
vt 0.024370 0.898454
vt 0.032170 0.918992
vt 0.031624 0.936398
vt 0.022770 0.945918
vt 0.012409 0.942434
vt 0.006937 0.920836
vt 0.010804 0.896055
vt 0.019267 0.878172
vt 0.025777 0.878621
vt 0.032699 0.898791
vt 0.040602 0.917504
vt 0.039579 0.933714
vt 0.030770 0.948803
vt 0.020507 0.954471
vt 0.007386 0.948858
vt 0.001842 0.923968
vt 0.005854 0.894408
vt 0.014266 0.873960
vt 0.022331 0.864367
vt 0.027431 0.860434
vt 0.033503 0.878005
vt 0.041737 0.898542
vt 0.047906 0.915975
vt 0.045168 0.928536
vt 0.039497 0.944974
vt 0.030209 0.957849
vt 0.017859 0.961799
vt 0.002191 0.893005
vt 0.010927 0.867885
vt 0.020624 0.855887
vt 0.028269 0.846086
vt 0.034789 0.858848
vt 0.042153 0.879024
vt 0.049776 0.897707
vt 0.052414 0.917100
vt 0.047271 0.934413
vt 0.040495 0.953468
vt 0.030540 0.965177
vt 0.019634 0.846194
vt 0.029454 0.834266
vt 0.036766 0.843536
vt 0.043064 0.861174
vt 0.050052 0.878990
vt 0.055105 0.896285
vt 0.055460 0.920132
vt 0.049526 0.941004
vt 0.042711 0.961376
vt 0.039775 0.831075
vt 0.045682 0.847218
vt 0.048881 0.865518
vt 0.055523 0.875214
vt 0.058787 0.894940
vt 0.058380 0.924322
vt 0.052586 0.948418
vt 0.046953 0.969138
vt 0.033395 0.971776
vt 0.032151 0.823661
vt 0.044156 0.820468
vt 0.049986 0.835597
vt 0.052704 0.857616
vt 0.059994 0.869516
vt 0.061884 0.894338
vt 0.060695 0.927069
vt 0.060887 0.960361
vt 0.055956 0.824753
vt 0.057566 0.848266
vt 0.064892 0.863717
vt 0.063893 0.895553
vt 0.050008 0.811480
vt 0.063208 0.814995
vt 0.064038 0.838506
vt 0.068314 0.863132
vt 0.064307 0.899660
vt 0.061927 0.925772
vt 0.076522 0.826222
vt 0.068356 0.873076
vt 0.071361 0.806629
vt 0.086615 0.811140
vt 0.073163 0.854208
vt 0.085171 0.836378
vt 0.077815 0.851245
vt 0.098119 0.822047
vt 0.097767 0.830610
vt 0.089393 0.846095
vt 0.081949 0.857618
vt 0.099860 0.840626
vt 0.092334 0.857327
vt 0.085202 0.866762
vt 0.110963 0.832357
vt 0.111087 0.841007
vt 0.101589 0.852292
vt 0.094249 0.870520
vt 0.087547 0.878268
vt 0.079889 0.878447
vt 0.076794 0.872121
vt 0.111434 0.851810
vt 0.102877 0.866185
vt 0.095399 0.886117
vt 0.088954 0.891728
vt 0.082457 0.887451
vt 0.076086 0.890236
vt 0.073195 0.886526
vt 0.120812 0.847035
vt 0.120336 0.856033
vt 0.111907 0.865258
vt 0.103650 0.882876
vt 0.095501 0.902701
vt 0.089167 0.905970
vt 0.083927 0.898296
vt 0.078667 0.896093
vt 0.119817 0.867735
vt 0.112410 0.881841
vt 0.103652 0.900771
vt 0.094274 0.918855
vt 0.087931 0.919820
vt 0.084185 0.909845
vt 0.079933 0.904412
vt 0.076251 0.902194
vt 0.073691 0.901251
vt 0.127330 0.865597
vt 0.124908 0.871895
vt 0.120381 0.882849
vt 0.112465 0.899837
vt 0.102627 0.918276
vt 0.091436 0.933161
vt 0.084990 0.932107
vt 0.083115 0.920956
vt 0.080090 0.913596
vt 0.076361 0.908908
vt 0.072601 0.910618
vt 0.131453 0.881138
vt 0.126938 0.883436
vt 0.120786 0.899555
vt 0.111597 0.917522
vt 0.100320 0.933794
vt 0.086708 0.944202
vt 0.080088 0.941656
vt 0.080445 0.930759
vt 0.079342 0.922049
vt 0.076301 0.916659
vt 0.069350 0.910268
vt 0.070824 0.899640
vt 0.072234 0.918469
vt 0.132649 0.899555
vt 0.127789 0.899576
vt 0.119790 0.916034
vt 0.109895 0.933189
vt 0.096474 0.945729
vt 0.080418 0.952216
vt 0.073948 0.948019
vt 0.075905 0.938380
vt 0.077269 0.929246
vt 0.075884 0.923307
vt 0.068616 0.918892
vt 0.072010 0.924940
vt 0.130862 0.917745
vt 0.126460 0.915535
vt 0.118419 0.930531
vt 0.107451 0.945128
vt 0.091684 0.954670
vt 0.072896 0.957439
vt 0.067294 0.950743
vt 0.070736 0.942890
vt 0.073449 0.934661
vt 0.075220 0.927734
vt 0.068463 0.925993
vt 0.072293 0.930260
vt 0.125932 0.932669
vt 0.123877 0.926652
vt 0.117699 0.941285
vt 0.104780 0.954101
vt 0.086543 0.961203
vt 0.062496 0.944953
vt 0.066180 0.943360
vt 0.069240 0.937641
vt 0.065987 0.925511
vt 0.066169 0.917791
vt 0.068727 0.932075
vt 0.116737 0.949225
vt 0.063166 0.937622
vt 0.065998 0.937535
vt 0.066136 0.932006
vt 0.063951 0.933165
vt 0.064716 0.930186
vt 0.905757 0.946624
vt 0.904551 0.962141
vt 0.892978 0.961844
vt 0.893593 0.948371
vt 0.916422 0.945293
vt 0.914467 0.962410
vt 0.905191 0.977719
vt 0.893182 0.975341
vt 0.882228 0.961577
vt 0.883088 0.949954
vt 0.907366 0.933904
vt 0.894286 0.937191
vt 0.922432 0.944958
vt 0.920245 0.962591
vt 0.915745 0.979634
vt 0.922719 0.927312
vt 0.906353 0.990530
vt 0.893540 0.986552
vt 0.882801 0.973235
vt 0.873605 0.961367
vt 0.875010 0.950627
vt 0.883918 0.940250
vt 0.921755 0.980352
vt 0.921455 0.998008
vt 0.883404 0.982973
vt 0.874811 0.972171
vt 0.877732 0.943303
vt 0.877377 0.979624
vt 0.902477 0.873013
vt 0.901807 0.888680
vt 0.890125 0.889014
vt 0.890348 0.875422
vt 0.913114 0.871108
vt 0.911801 0.888406
vt 0.902992 0.904284
vt 0.890728 0.902579
vt 0.879266 0.889328
vt 0.879855 0.877578
vt 0.903664 0.860124
vt 0.890723 0.864132
vt 0.919130 0.870467
vt 0.917598 0.888269
vt 0.913733 0.905590
vt 0.918875 0.852658
vt 0.904585 0.917072
vt 0.891411 0.913834
vt 0.880125 0.901036
vt 0.870550 0.889582
vt 0.871772 0.878688
vt 0.880472 0.867763
vt 0.919772 0.905938
vt 0.920025 0.923621
vt 0.880957 0.910809
vt 0.871966 0.900400
vt 0.874370 0.871165
vt 0.874713 0.907767
vt 0.575775 0.787598
vt 0.576603 0.763665
vt 0.587224 0.763713
vt 0.586431 0.785490
vt 0.566142 0.789366
vt 0.567070 0.763637
vt 0.575109 0.739329
vt 0.585930 0.741630
vt 0.594236 0.763768
vt 0.593449 0.783215
vt 0.573635 0.807456
vt 0.583889 0.803531
vt 0.565371 0.737448
vt 0.564152 0.810821
vt 0.571971 0.718263
vt 0.582636 0.722671
vt 0.593130 0.744126
vt 0.598853 0.763817
vt 0.598073 0.780943
vt 0.590848 0.799339
vt 0.571196 0.819568
vt 0.579934 0.814405
vt 0.562226 0.714616
vt 0.562670 0.824187
vt 0.567869 0.704137
vt 0.577427 0.710267
vt 0.590051 0.727415
vt 0.597914 0.746594
vt 0.602284 0.763847
vt 0.601547 0.778845
vt 0.595614 0.795174
vt 0.558817 0.698956
vt 0.595215 0.732070
vt 0.601483 0.748809
vt 0.604469 0.763861
vt 0.603785 0.776781
vt 0.599288 0.791328
vt 0.599128 0.736209
vt 0.603769 0.750932
vt 0.743654 0.961778
vt 0.746240 0.960667
vt 0.746335 0.967609
vt 0.742853 0.966941
vt 0.745372 0.954552
vt 0.742161 0.958081
vt 0.749900 0.960159
vt 0.750268 0.967524
vt 0.746256 0.974701
vt 0.742568 0.973871
vt 0.740422 0.964598
vt 0.749310 0.953534
vt 0.744230 0.949005
vt 0.740692 0.953562
vt 0.753445 0.960667
vt 0.754056 0.967609
vt 0.750458 0.974980
vt 0.746602 0.981271
vt 0.743200 0.980384
vt 0.740046 0.972493
vt 0.738769 0.961317
vt 0.753230 0.954552
vt 0.748619 0.947525
vt 0.743316 0.943769
vt 0.739612 0.949045
vt 0.755817 0.961778
vt 0.757087 0.966941
vt 0.754526 0.974701
vt 0.750513 0.981880
vt 0.740924 0.980160
vt 0.756565 0.958081
vt 0.753094 0.949005
vt 0.747947 0.942010
vt 0.758747 0.964598
vt 0.757812 0.973871
vt 0.754317 0.981271
vt 0.744270 0.984703
vt 0.743056 0.986447
vt 0.756938 0.953562
vt 0.759669 0.972493
vt 0.757419 0.980384
vt 0.756845 0.949045
vt 0.752719 0.943769
vt 0.702361 0.960999
vt 0.700683 0.951125
vt 0.704560 0.949639
vt 0.706524 0.958512
vt 0.696399 0.963127
vt 0.695190 0.952195
vt 0.702488 0.970415
vt 0.706335 0.967317
vt 0.689770 0.964394
vt 0.689256 0.953833
vt 0.696940 0.973197
vt 0.688399 0.943870
vt 0.693582 0.942010
vt 0.690578 0.973789
vt 0.717082 0.960922
vt 0.716281 0.955887
vt 0.719763 0.955052
vt 0.719668 0.961875
vt 0.715589 0.964695
vt 0.713850 0.958453
vt 0.715996 0.949222
vt 0.719683 0.948213
vt 0.723696 0.955067
vt 0.723328 0.962308
vt 0.718800 0.968032
vt 0.714120 0.969437
vt 0.712197 0.962045
vt 0.713474 0.950897
vt 0.716628 0.943064
vt 0.720030 0.942010
vt 0.723886 0.947875
vt 0.727484 0.955052
vt 0.726873 0.961875
vt 0.722738 0.968974
vt 0.717658 0.973769
vt 0.714352 0.943620
vt 0.727954 0.948213
vt 0.730514 0.955887
vt 0.729245 0.960922
vt 0.726658 0.968032
vt 0.722046 0.975171
vt 0.716743 0.979334
vt 0.713040 0.974318
vt 0.731240 0.949222
vt 0.732175 0.958453
vt 0.729993 0.964695
vt 0.726522 0.973769
vt 0.721375 0.981006
vt 0.716076 0.984552
vt 0.712243 0.979082
vt 0.727745 0.942010
vt 0.730847 0.943064
vt 0.733097 0.950897
vt 0.730366 0.969437
vt 0.726147 0.979334
vt 0.730272 0.974318
vt 0.770526 0.947202
vt 0.779154 0.943940
vt 0.779356 0.953542
vt 0.767908 0.954525
vt 0.765341 0.944149
vt 0.776524 0.938250
vt 0.791172 0.942331
vt 0.791858 0.952636
vt 0.778849 0.965139
vt 0.766663 0.965266
vt 0.790033 0.936252
vt 0.802845 0.943940
vt 0.803927 0.953542
vt 0.792087 0.965097
vt 0.779356 0.976816
vt 0.767908 0.976070
vt 0.803353 0.938250
vt 0.810775 0.947202
vt 0.814091 0.954525
vt 0.804866 0.965139
vt 0.791858 0.977643
vt 0.779154 0.986655
vt 0.770526 0.983522
vt 0.814347 0.944149
vt 0.815681 0.965266
vt 0.803927 0.976816
vt 0.791172 0.988201
vt 0.776524 0.992736
vt 0.765341 0.986872
vt 0.814091 0.976070
vt 0.802845 0.986655
vt 0.790033 0.994699
vt 0.810775 0.983522
vt 0.803353 0.992736
vt 0.814347 0.986872
vt 0.180980 0.631151
vt 0.167515 0.647637
vt 0.159982 0.644747
vt 0.174185 0.628008
vt 0.185250 0.632540
vt 0.171553 0.648312
vt 0.160193 0.672689
vt 0.153646 0.671657
vt 0.148358 0.639310
vt 0.166903 0.624088
vt 0.197868 0.621117
vt 0.192429 0.618405
vt 0.163923 0.672186
vt 0.202156 0.622859
vt 0.158776 0.701893
vt 0.153606 0.703674
vt 0.145893 0.671117
vt 0.144489 0.628184
vt 0.161172 0.620365
vt 0.186496 0.615521
vt 0.215462 0.615422
vt 0.210890 0.612902
vt 0.162001 0.699886
vt 0.163025 0.730835
vt 0.158292 0.735736
vt 0.147276 0.704605
vt 0.138547 0.673099
vt 0.136496 0.648208
vt 0.133498 0.635267
vt 0.172308 0.755030
vt 0.167724 0.762434
vt 0.151639 0.738357
vt 0.140569 0.704061
vt 0.185990 0.769990
vt 0.181924 0.778362
vt 0.159376 0.771227
vt 0.143481 0.735219
vt 0.174141 0.749711
vt 0.188090 0.763387
vt 0.202072 0.778154
vt 0.198522 0.786827
vt 0.177162 0.786277
vt 0.145408 0.760393
vt 0.135668 0.729182
vt 0.134151 0.702658
vt 0.204714 0.770561
vt 0.218553 0.781959
vt 0.215144 0.791139
vt 0.194411 0.794316
vt 0.172972 0.791511
vt 0.157215 0.782931
vt 0.144480 0.773406
vt 0.136117 0.750873
vt 0.221458 0.773630
vt 0.233768 0.783313
vt 0.230317 0.793002
vt 0.211253 0.798824
vt 0.134945 0.762801
vt 0.206667 0.766293
vt 0.223837 0.768499
vt 0.236785 0.774477
vt 0.246054 0.784126
vt 0.242569 0.794119
vt 0.226430 0.801110
vt 0.239369 0.768923
vt 0.249160 0.774984
vt 0.256778 0.784397
vt 0.253251 0.794492
vt 0.238684 0.802482
vt 0.251910 0.769177
vt 0.259967 0.775154
vt 0.267310 0.784126
vt 0.263716 0.794119
vt 0.249343 0.802939
vt 0.262862 0.769261
vt 0.270589 0.774984
vt 0.279019 0.783313
vt 0.275317 0.793002
vt 0.259734 0.802482
vt 0.282409 0.774477
vt 0.293273 0.781959
vt 0.289405 0.791139
vt 0.271186 0.801110
vt 0.296810 0.773630
vt 0.308713 0.779923
vt 0.304646 0.788564
vt 0.312583 0.771751
vt 0.396441 0.478282
vt 0.405960 0.477972
vt 0.405960 0.484179
vt 0.395940 0.484179
vt 0.415479 0.478282
vt 0.415980 0.484179
vt 0.405960 0.490387
vt 0.396441 0.490077
vt 0.387898 0.478402
vt 0.386877 0.484179
vt 0.424021 0.478402
vt 0.425042 0.484179
vt 0.415479 0.490077
vt 0.405960 0.496001
vt 0.396635 0.495368
vt 0.387898 0.489956
vt 0.379729 0.484179
vt 0.381311 0.477524
vt 0.430609 0.477524
vt 0.432190 0.484179
vt 0.424021 0.489956
vt 0.415285 0.495368
vt 0.405960 0.500429
vt 0.395216 0.499450
vt 0.390071 0.494023
vt 0.381311 0.490835
vt 0.373678 0.484371
vt 0.375734 0.476435
vt 0.435970 0.476310
vt 0.438085 0.484267
vt 0.430609 0.490835
vt 0.421849 0.494023
vt 0.416703 0.499450
vt 0.405955 0.504088
vt 0.393025 0.502803
vt 0.386368 0.496316
vt 0.375832 0.492300
vt 0.367906 0.484947
vt 0.370226 0.475926
vt 0.440833 0.475424
vt 0.443388 0.484529
vt 0.435990 0.492231
vt 0.425551 0.496316
vt 0.418875 0.502789
vt 0.382260 0.498889
vt 0.370618 0.493940
vt 0.361752 0.486099
vt 0.364158 0.476167
vt 0.445610 0.474912
vt 0.448603 0.485053
vt 0.440911 0.493661
vt 0.429611 0.498854
vt 0.390903 0.505912
vt 0.378303 0.501422
vt 0.365136 0.495961
vt 0.354556 0.488018
vt 0.356900 0.477326
vt 0.450716 0.474816
vt 0.454234 0.485927
vt 0.445805 0.495264
vt 0.433421 0.501283
vt 0.420939 0.505856
vt 0.374163 0.504150
vt 0.358856 0.498571
vt 0.346786 0.490849
vt 0.348317 0.479098
vt 0.456712 0.475023
vt 0.460197 0.487550
vt 0.451107 0.497177
vt 0.437267 0.503802
vt 0.369509 0.507307
vt 0.352361 0.502036
vt 0.338914 0.494736
vt 0.338272 0.481179
vt 0.464160 0.475416
vt 0.466406 0.490324
vt 0.456498 0.499865
vt 0.441433 0.506609
vt 0.364765 0.511124
vt 0.346231 0.506623
vt 0.331887 0.500477
vt 0.328547 0.485884
vt 0.472262 0.479118
vt 0.472436 0.495457
vt 0.461662 0.503794
vt 0.445625 0.510038
vt 0.341050 0.512598
vt 0.326654 0.508874
vt 0.320921 0.495532
vt 0.466280 0.509428
vt 0.337399 0.520228
vt 0.477863 0.504158
vt 0.470037 0.517233
vt 0.334981 0.528987
vt 0.322996 0.518787
vt 0.354251 0.528862
vt 0.356710 0.521669
vt 0.482433 0.514971
vt 0.472992 0.526530
vt 0.455426 0.527365
vt 0.452915 0.520084
vt 0.333498 0.538349
vt 0.320693 0.529078
vt 0.352726 0.537022
vt 0.378305 0.534042
vt 0.379542 0.527111
vt 0.485894 0.526436
vt 0.475208 0.536637
vt 0.457221 0.535793
vt 0.432718 0.533444
vt 0.431460 0.526477
vt 0.332652 0.547790
vt 0.319339 0.539181
vt 0.351878 0.545757
vt 0.377568 0.541843
vt 0.405736 0.535619
vt 0.405730 0.528767
vt 0.488315 0.537772
vt 0.476747 0.546874
vt 0.458435 0.544901
vt 0.433562 0.541351
vt 0.332144 0.556783
vt 0.318526 0.548532
vt 0.351455 0.554678
vt 0.377187 0.550202
vt 0.405762 0.543327
vt 0.489768 0.548198
vt 0.477670 0.556561
vt 0.459204 0.554220
vt 0.434090 0.549860
vt 0.331974 0.565802
vt 0.318255 0.557781
vt 0.351201 0.563392
vt 0.377018 0.558810
vt 0.405799 0.551598
vt 0.459666 0.563281
vt 0.434398 0.558627
vt 0.332144 0.575320
vt 0.318526 0.567582
vt 0.351116 0.572227
vt 0.376916 0.567357
vt 0.405834 0.560142
vt 0.477978 0.566248
vt 0.459820 0.572450
vt 0.434582 0.567313
vt 0.332652 0.585809
vt 0.319339 0.578587
vt 0.351201 0.581510
vt 0.376882 0.576082
vt 0.405855 0.568668
vt 0.477670 0.576482
vt 0.459666 0.582092
vt 0.434644 0.576172
vt 0.320693 0.591448
vt 0.333498 0.597744
vt 0.351455 0.591568
vt 0.376916 0.585225
vt 0.405861 0.577390
vt 0.476747 0.587813
vt 0.459204 0.592570
vt 0.434582 0.585457
vt 0.351878 0.602728
vt 0.377018 0.595024
vt 0.405855 0.586521
vt 0.475208 0.600790
vt 0.458435 0.604251
vt 0.434398 0.595424
vt 0.377187 0.605718
vt 0.334986 0.610730
vt 0.352729 0.614709
vt 0.405834 0.596276
vt 0.472987 0.614777
vt 0.457217 0.616732
vt 0.434090 0.606328
vt 0.405799 0.606867
vt 0.377570 0.617057
vt 0.337418 0.624373
vt 0.354266 0.627231
vt 0.470018 0.629140
vt 0.455412 0.629614
vt 0.433560 0.617867
vt 0.405762 0.618026
vt 0.378313 0.628789
vt 0.341097 0.638282
vt 0.356747 0.640079
vt 0.466233 0.643243
vt 0.452878 0.642559
vt 0.432710 0.629742
vt 0.405736 0.629482
vt 0.379562 0.640922
vt 0.331874 0.636151
vt 0.326697 0.620824
vt 0.360430 0.653037
vt 0.346325 0.652061
vt 0.461568 0.656452
vt 0.449476 0.655232
vt 0.431440 0.641915
vt 0.405730 0.641354
vt 0.381463 0.653466
vt 0.338649 0.650958
vt 0.365437 0.664829
vt 0.353327 0.664617
vt 0.455517 0.667987
vt 0.444929 0.666530
vt 0.429651 0.654345
vt 0.405758 0.653764
vt 0.384068 0.665166
vt 0.347299 0.664453
vt 0.371889 0.674176
vt 0.362325 0.674855
vt 0.447578 0.677070
vt 0.438961 0.675350
vt 0.427224 0.665853
vt 0.405803 0.665538
vt 0.387430 0.674766
vt 0.424037 0.675263
vt 0.405847 0.675502
vt 0.633438 0.609604
vt 0.615063 0.601760
vt 0.615781 0.592469
vt 0.633564 0.594360
vt 0.615869 0.581755
vt 0.633649 0.581784
vt 0.651263 0.595377
vt 0.651754 0.611211
vt 0.598021 0.591305
vt 0.598106 0.581738
vt 0.615892 0.571147
vt 0.633698 0.569373
vt 0.651330 0.581805
vt 0.668055 0.595751
vt 0.668154 0.611754
vt 0.653377 0.631364
vt 0.640584 0.631215
vt 0.580388 0.592469
vt 0.580478 0.581755
vt 0.598090 0.572243
vt 0.615250 0.562090
vt 0.633700 0.554720
vt 0.651382 0.568442
vt 0.668099 0.581840
vt 0.683116 0.595714
vt 0.683094 0.611520
vt 0.668546 0.631709
vt 0.654399 0.653505
vt 0.642537 0.652854
vt 0.563034 0.594360
vt 0.563118 0.581784
vt 0.580420 0.571147
vt 0.651970 0.553300
vt 0.668140 0.568162
vt 0.683143 0.581910
vt 0.695634 0.595349
vt 0.695623 0.610588
vt 0.683080 0.631096
vt 0.668635 0.653470
vt 0.653089 0.675306
vt 0.640699 0.674308
vt 0.580722 0.601760
vt 0.562741 0.609604
vt 0.546113 0.595377
vt 0.546162 0.581805
vt 0.563042 0.569373
vt 0.653645 0.534392
vt 0.640901 0.534536
vt 0.668311 0.552873
vt 0.683169 0.568344
vt 0.695647 0.582042
vt 0.704796 0.594742
vt 0.704791 0.609034
vt 0.695616 0.629460
vt 0.682866 0.652571
vt 0.667826 0.674891
vt 0.651118 0.694194
vt 0.633903 0.695266
vt 0.545494 0.611211
vt 0.530242 0.595768
vt 0.530254 0.581834
vt 0.546113 0.568442
vt 0.562737 0.554720
vt 0.580769 0.562090
vt 0.668743 0.534131
vt 0.654910 0.513755
vt 0.643019 0.514410
vt 0.683191 0.553247
vt 0.695661 0.568963
vt 0.704801 0.582262
vt 0.704789 0.626733
vt 0.695417 0.650241
vt 0.682239 0.674073
vt 0.666113 0.693571
vt 0.543832 0.631364
vt 0.555624 0.631215
vt 0.530087 0.611797
vt 0.516040 0.595781
vt 0.516040 0.581886
vt 0.530242 0.568133
vt 0.545491 0.553300
vt 0.683205 0.534854
vt 0.669118 0.513818
vt 0.654270 0.493423
vt 0.641617 0.494443
vt 0.695672 0.554409
vt 0.704807 0.569996
vt 0.704613 0.645911
vt 0.694827 0.671203
vt 0.679944 0.692951
vt 0.529672 0.631784
vt 0.542846 0.653505
vt 0.553710 0.652854
vt 0.516040 0.611692
vt 0.504206 0.595518
vt 0.504206 0.581981
vt 0.516040 0.568230
vt 0.530086 0.552819
vt 0.543820 0.534392
vt 0.555586 0.534536
vt 0.695678 0.536677
vt 0.683247 0.514804
vt 0.669114 0.493817
vt 0.653784 0.475658
vt 0.635637 0.474816
vt 0.704811 0.556346
vt 0.516040 0.631398
vt 0.529612 0.653572
vt 0.544257 0.675306
vt 0.555634 0.674308
vt 0.504206 0.611018
vt 0.495441 0.595079
vt 0.495441 0.582140
vt 0.504206 0.568677
vt 0.516040 0.553033
vt 0.529669 0.534047
vt 0.542604 0.513755
vt 0.553515 0.514410
vt 0.704814 0.539716
vt 0.695664 0.517287
vt 0.683357 0.494738
vt 0.669094 0.476238
vt 0.504206 0.630215
vt 0.516283 0.652979
vt 0.530524 0.675001
vt 0.546515 0.694194
vt 0.562652 0.695266
vt 0.495441 0.609895
vt 0.495441 0.569424
vt 0.504206 0.553873
vt 0.516040 0.534517
vt 0.529338 0.513710
vt 0.543348 0.493423
vt 0.555009 0.494443
vt 0.704735 0.521838
vt 0.695612 0.497758
vt 0.682745 0.476982
vt 0.495441 0.628244
vt 0.504434 0.651291
vt 0.517013 0.674513
vt 0.532456 0.693667
vt 0.495441 0.555273
vt 0.504206 0.535836
vt 0.516036 0.514372
vt 0.529442 0.493703
vt 0.544104 0.475658
vt 0.561218 0.474816
vt 0.495637 0.648073
vt 0.505116 0.672428
vt 0.519469 0.693334
vt 0.495441 0.538032
vt 0.504253 0.516174
vt 0.516024 0.494283
vt 0.529663 0.476141
vt 0.496225 0.667329
vt 0.495541 0.519550
vt 0.504391 0.496496
vt 0.516781 0.476593
vt 0.495843 0.501675
vt 0.825916 0.983862
vt 0.822831 0.976339
vt 0.832169 0.977070
vt 0.833213 0.987008
vt 0.821353 0.965445
vt 0.831288 0.965292
vt 0.843293 0.977895
vt 0.843977 0.988561
vt 0.832818 0.993170
vt 0.822671 0.987265
vt 0.822831 0.954628
vt 0.832169 0.953611
vt 0.843064 0.965241
vt 0.854848 0.977070
vt 0.855086 0.987008
vt 0.845113 0.995146
vt 0.825916 0.947261
vt 0.833213 0.943959
vt 0.843293 0.952689
vt 0.855298 0.965292
vt 0.865467 0.976339
vt 0.863080 0.983862
vt 0.857598 0.993170
vt 0.822671 0.944218
vt 0.832818 0.938270
vt 0.843977 0.942329
vt 0.854848 0.953611
vt 0.866601 0.965445
vt 0.867933 0.987265
vt 0.845113 0.936252
vt 0.855086 0.943959
vt 0.865467 0.954628
vt 0.857598 0.938270
vt 0.863080 0.947261
vt 0.867933 0.944218
vt 0.621494 0.729131
vt 0.623015 0.734968
vt 0.619812 0.733806
vt 0.618929 0.727311
vt 0.622510 0.726152
vt 0.625867 0.735959
vt 0.624462 0.744262
vt 0.620692 0.741526
vt 0.623988 0.721695
vt 0.628268 0.735808
vt 0.628049 0.748746
vt 0.624676 0.754737
vt 0.620920 0.750731
vt 0.625527 0.714364
vt 0.630119 0.733545
vt 0.631264 0.754153
vt 0.618913 0.715958
vt 0.618691 0.721783
vt 0.628349 0.762057
vt 0.624295 0.762915
vt 0.621364 0.761690
vt 0.616633 0.749049
vt 0.616310 0.740425
vt 0.631260 0.698956
vt 0.631010 0.732249
vt 0.633915 0.759658
vt 0.632489 0.772591
vt 0.626664 0.771995
vt 0.622892 0.774668
vt 0.616994 0.759677
vt 0.637648 0.786241
vt 0.630987 0.786188
vt 0.625798 0.790013
vt 0.617530 0.772791
vt 0.637680 0.805109
vt 0.630375 0.808073
vt 0.618381 0.787197
vt 0.611073 0.769081
vt 0.611654 0.758066
vt 0.619687 0.801699
vt 0.194902 0.851646
vt 0.197233 0.869539
vt 0.187224 0.870864
vt 0.184493 0.854848
vt 0.198109 0.889156
vt 0.188951 0.888597
vt 0.174520 0.874239
vt 0.171655 0.859583
vt 0.181665 0.842638
vt 0.192238 0.838450
vt 0.196410 0.907522
vt 0.188763 0.905958
vt 0.176943 0.890543
vt 0.161464 0.878652
vt 0.158641 0.864838
vt 0.168840 0.848021
vt 0.178716 0.833434
vt 0.189210 0.828940
vt 0.193213 0.920259
vt 0.187649 0.922281
vt 0.178432 0.907052
vt 0.164343 0.893560
vt 0.150402 0.883093
vt 0.147705 0.869598
vt 0.155945 0.853612
vt 0.166087 0.838916
vt 0.175617 0.826437
vt 0.185791 0.822108
vt 0.194404 0.930116
vt 0.186593 0.936903
vt 0.178611 0.922899
vt 0.167207 0.908066
vt 0.153539 0.897187
vt 0.145162 0.858423
vt 0.153441 0.844449
vt 0.163408 0.831631
vt 0.172342 0.820846
vt 0.181950 0.816943
vt 0.191896 0.819511
vt 0.195456 0.826371
vt 0.193376 0.939426
vt 0.184835 0.947351
vt 0.177105 0.937216
vt 0.168559 0.921558
vt 0.157403 0.910159
vt 0.146917 0.900964
vt 0.143676 0.886549
vt 0.142894 0.849099
vt 0.151199 0.836825
vt 0.160813 0.825531
vt 0.168865 0.815864
vt 0.177659 0.812434
vt 0.187715 0.814600
vt 0.174658 0.947754
vt 0.166901 0.933426
vt 0.161035 0.919330
vt 0.151334 0.914495
vt 0.141024 0.841154
vt 0.149283 0.830216
vt 0.158314 0.819980
vt 0.165387 0.811746
vt 0.173141 0.808893
vt 0.182935 0.810376
vt 0.181612 0.951156
vt 0.172015 0.952265
vt 0.164285 0.942130
vt 0.157728 0.925772
vt 0.139675 0.834120
vt 0.147762 0.824095
vt 0.156062 0.815192
vt 0.162106 0.808749
vt 0.168622 0.806629
vt 0.162763 0.946132
vt 0.155157 0.932062
vt 0.138968 0.827525
vt 0.146795 0.818754
vt 0.154210 0.811386
vt 0.139098 0.821722
vt 0.146544 0.814482
vt 0.140256 0.817061
vt 0.146319 0.811469
vt 0.152832 0.808619
vt 0.142001 0.814046
vt 0.290696 0.816104
vt 0.286624 0.817967
vt 0.279865 0.811890
vt 0.282520 0.807738
vt 0.288846 0.828630
vt 0.279808 0.825311
vt 0.270829 0.810305
vt 0.272922 0.806629
vt 0.290975 0.848630
vt 0.280984 0.845839
vt 0.270034 0.824329
vt 0.292499 0.874667
vt 0.282028 0.871314
vt 0.269991 0.845114
vt 0.260990 0.828229
vt 0.262513 0.815803
vt 0.292989 0.899904
vt 0.282349 0.895688
vt 0.270158 0.869075
vt 0.259550 0.846700
vt 0.292017 0.917507
vt 0.281353 0.912913
vt 0.269928 0.891521
vt 0.258639 0.867876
vt 0.251165 0.849336
vt 0.253948 0.833532
vt 0.289836 0.929219
vt 0.279318 0.924624
vt 0.268694 0.907757
vt 0.257682 0.887873
vt 0.249223 0.867639
vt 0.286699 0.936786
vt 0.276525 0.932457
vt 0.266732 0.919199
vt 0.256106 0.902809
vt 0.247569 0.885215
vt 0.296199 0.932103
vt 0.292804 0.939383
vt 0.282858 0.941951
vt 0.273250 0.938047
vt 0.264316 0.927263
vt 0.254163 0.913826
vt 0.245652 0.898838
vt 0.288623 0.944294
vt 0.278567 0.946460
vt 0.269773 0.943030
vt 0.261721 0.933363
vt 0.252106 0.922069
vt 0.243697 0.909387
vt 0.283843 0.948518
vt 0.274049 0.950001
vt 0.266294 0.947148
vt 0.259221 0.938914
vt 0.250191 0.928678
vt 0.241932 0.917740
vt 0.256970 0.943702
vt 0.248669 0.934799
vt 0.240583 0.924774
vt 0.263014 0.950145
vt 0.255118 0.947508
vt 0.247703 0.940140
vt 0.239876 0.931369
vt 0.247452 0.944412
vt 0.240005 0.937172
vt 0.241164 0.941833
vt 0.491317 0.740792
vt 0.501308 0.745125
vt 0.496823 0.760741
vt 0.487022 0.758318
vt 0.495424 0.727971
vt 0.505468 0.733302
vt 0.513544 0.751250
vt 0.509076 0.765499
vt 0.493147 0.778174
vt 0.483982 0.777717
vt 0.499484 0.718854
vt 0.509417 0.724481
vt 0.517620 0.740070
vt 0.525897 0.757911
vt 0.521564 0.771329
vt 0.504865 0.781436
vt 0.491413 0.795449
vt 0.483641 0.796158
vt 0.503638 0.712442
vt 0.513271 0.717869
vt 0.521362 0.731325
vt 0.529818 0.747052
vt 0.536240 0.763851
vt 0.532068 0.776965
vt 0.517054 0.785827
vt 0.501561 0.797679
vt 0.490717 0.811796
vt 0.485410 0.809171
vt 0.493561 0.715610
vt 0.497858 0.709186
vt 0.508026 0.707733
vt 0.517143 0.712675
vt 0.524831 0.724381
vt 0.533319 0.738223
vt 0.540003 0.753027
vt 0.542446 0.767814
vt 0.538370 0.781144
vt 0.527392 0.790626
vt 0.512604 0.799927
vt 0.499631 0.813409
vt 0.490149 0.826444
vt 0.483136 0.818836
vt 0.502555 0.704768
vt 0.512790 0.703727
vt 0.521150 0.708107
vt 0.528085 0.718606
vt 0.536391 0.730894
vt 0.543288 0.744010
vt 0.546114 0.756770
vt 0.533556 0.795113
vt 0.522117 0.803092
vt 0.509769 0.813188
vt 0.499545 0.827804
vt 0.507774 0.701098
vt 0.517671 0.700706
vt 0.525063 0.704399
vt 0.531182 0.713365
vt 0.539026 0.724536
vt 0.546024 0.736321
vt 0.549269 0.747522
vt 0.527670 0.808073
vt 0.517493 0.811805
vt 0.510105 0.825166
vt 0.522412 0.698956
vt 0.528655 0.701783
vt 0.533949 0.708856
vt 0.541214 0.718622
vt 0.548143 0.729479
vt 0.551804 0.739577
vt 0.520068 0.818573
vt 0.536210 0.705277
vt 0.542766 0.713420
vt 0.549574 0.723003
vt 0.543488 0.709202
vt 0.550088 0.717221
vt 0.537886 0.702679
vt 0.544044 0.706232
vt 0.549451 0.712461
vt 0.548051 0.709270
vt 0.379654 0.690121
vt 0.385700 0.683334
vt 0.387240 0.696666
vt 0.378624 0.700964
vt 0.394505 0.680760
vt 0.396846 0.694610
vt 0.388341 0.717199
vt 0.378720 0.721078
vt 0.403378 0.685305
vt 0.406265 0.697486
vt 0.399186 0.715263
vt 0.390119 0.742633
vt 0.380084 0.747123
vt 0.409739 0.715685
vt 0.401669 0.739096
vt 0.392495 0.766893
vt 0.382387 0.772260
vt 0.413850 0.701978
vt 0.418364 0.717377
vt 0.412985 0.736630
vt 0.404380 0.761378
vt 0.395390 0.783902
vt 0.385299 0.789647
vt 0.422317 0.735353
vt 0.416147 0.756399
vt 0.407401 0.777378
vt 0.398706 0.795317
vt 0.388761 0.801046
vt 0.425904 0.752639
vt 0.419365 0.771069
vt 0.410616 0.788534
vt 0.402349 0.802793
vt 0.392715 0.808220
vt 0.379094 0.793620
vt 0.382756 0.804616
vt 0.429315 0.765967
vt 0.422514 0.781804
vt 0.413909 0.796281
vt 0.406221 0.807987
vt 0.397104 0.812929
vt 0.386935 0.811476
vt 0.432424 0.776235
vt 0.425469 0.789768
vt 0.417162 0.802056
vt 0.410228 0.812555
vt 0.401868 0.816936
vt 0.391633 0.815894
vt 0.435102 0.784341
vt 0.428104 0.796126
vt 0.420260 0.807297
vt 0.414141 0.816263
vt 0.406749 0.819956
vt 0.437221 0.791183
vt 0.430292 0.802040
vt 0.423027 0.811806
vt 0.438652 0.797659
vt 0.431844 0.807242
vt 0.425288 0.815385
vt 0.417733 0.818879
vt 0.439166 0.803441
vt 0.432566 0.811460
vt 0.438529 0.808201
vt 0.594171 0.086839
vt 0.602697 0.079961
vt 0.605467 0.105488
vt 0.593527 0.106412
vt 0.586957 0.076312
vt 0.597043 0.061131
vt 0.615312 0.075052
vt 0.618247 0.103008
vt 0.606769 0.134364
vt 0.594209 0.134364
vt 0.582677 0.102569
vt 0.577611 0.064627
vt 0.589616 0.046267
vt 0.610833 0.053898
vt 0.629339 0.073416
vt 0.631613 0.102181
vt 0.619903 0.134364
vt 0.608019 0.163240
vt 0.596354 0.162316
vt 0.582865 0.134364
vt 0.572231 0.096117
vt 0.567274 0.052876
vt 0.581528 0.032638
vt 0.605563 0.037420
vt 0.626229 0.051487
vt 0.642777 0.073416
vt 0.644073 0.102181
vt 0.632963 0.134364
vt 0.620545 0.165720
vt 0.607562 0.188767
vt 0.598867 0.181889
vt 0.586188 0.166159
vt 0.572295 0.134149
vt 0.561503 0.089211
vt 0.554442 0.038013
vt 0.574960 0.018471
vt 0.600252 0.023496
vt 0.622766 0.034472
vt 0.641005 0.051487
vt 0.653628 0.073416
vt 0.654134 0.102181
vt 0.644843 0.134364
vt 0.633298 0.166547
vt 0.619674 0.193676
vt 0.603747 0.207598
vt 0.593023 0.192416
vt 0.576622 0.172135
vt 0.562052 0.133503
vt 0.553212 0.011650
vt 0.572090 0.001992
vt 0.595922 0.010239
vt 0.619430 0.020449
vt 0.639031 0.034472
vt 0.652935 0.051487
vt 0.663103 0.073416
vt 0.662920 0.102181
vt 0.654435 0.134364
vt 0.645034 0.166547
vt 0.632530 0.195312
vt 0.616786 0.214831
vt 0.597805 0.221976
vt 0.585148 0.203577
vt 0.566757 0.177610
vt 0.637130 0.020450
vt 0.652164 0.034473
vt 0.663353 0.051487
vt 0.672416 0.073416
vt 0.671555 0.102181
vt 0.662811 0.134364
vt 0.654509 0.166547
vt 0.644596 0.195312
vt 0.630568 0.217242
vt 0.612686 0.230905
vt 0.590967 0.234148
vt 0.576201 0.213752
vt 0.651421 0.020453
vt 0.663633 0.034473
vt 0.673593 0.051487
vt 0.682779 0.073416
vt 0.681164 0.102181
vt 0.671044 0.134364
vt 0.662784 0.166547
vt 0.654338 0.195312
vt 0.643478 0.217242
vt 0.627883 0.233935
vt 0.608176 0.243620
vt 0.585388 0.245336
vt 0.565174 0.224769
vt 0.663901 0.020456
vt 0.674905 0.034474
vt 0.684988 0.051487
vt 0.695405 0.073416
vt 0.692871 0.102181
vt 0.680205 0.134364
vt 0.670917 0.166547
vt 0.662846 0.195312
vt 0.653901 0.217242
vt 0.641889 0.234009
vt 0.624944 0.246994
vt 0.604288 0.254442
vt 0.583219 0.256766
vt 0.565791 0.244544
vt 0.676167 0.020459
vt 0.687448 0.034475
vt 0.698871 0.051487
vt 0.708504 0.075052
vt 0.705365 0.103008
vt 0.691367 0.134364
vt 0.679967 0.166547
vt 0.671208 0.195312
vt 0.663004 0.217242
vt 0.653198 0.234069
vt 0.640039 0.247289
vt 0.622221 0.258016
vt 0.602057 0.264835
vt 0.582586 0.267272
vt 0.565952 0.256105
vt 0.689817 0.020461
vt 0.702730 0.034475
vt 0.713226 0.053898
vt 0.720285 0.079961
vt 0.717334 0.105488
vt 0.703580 0.134364
vt 0.690993 0.166547
vt 0.680513 0.195312
vt 0.671950 0.217242
vt 0.663074 0.234121
vt 0.652227 0.247527
vt 0.638137 0.258755
vt 0.620183 0.268604
vt 0.600694 0.274434
vt 0.706448 0.020462
vt 0.718758 0.037442
vt 0.726039 0.061131
vt 0.728278 0.086839
vt 0.728634 0.106412
vt 0.715896 0.134364
vt 0.702923 0.165720
vt 0.691850 0.195312
vt 0.681906 0.217242
vt 0.672780 0.234172
vt 0.662870 0.247736
vt 0.650987 0.259351
vt 0.636392 0.270081
vt 0.618522 0.278581
vt 0.599410 0.282875
vt 0.581613 0.275691
vt 0.724325 0.023582
vt 0.733535 0.046342
vt 0.735329 0.076312
vt 0.739117 0.102569
vt 0.727792 0.134364
vt 0.714682 0.163240
vt 0.703872 0.193676
vt 0.694036 0.217242
vt 0.683581 0.234229
vt 0.673331 0.247940
vt 0.662210 0.259872
vt 0.649479 0.271273
vt 0.634657 0.280989
vt 0.616931 0.287775
vt 0.597930 0.290300
vt 0.580476 0.282898
vt 0.741717 0.032940
vt 0.744573 0.064770
vt 0.749379 0.096320
vt 0.738744 0.134364
vt 0.725735 0.162316
vt 0.715234 0.188767
vt 0.706909 0.214831
vt 0.696741 0.234298
vt 0.684972 0.248168
vt 0.673240 0.260383
vt 0.660907 0.272314
vt 0.647684 0.282933
vt 0.632786 0.291203
vt 0.615099 0.296010
vt 0.595977 0.296857
vt 0.579352 0.289771
vt 0.728877 0.010411
vt 0.748405 0.019044
vt 0.754865 0.053450
vt 0.760013 0.090024
vt 0.749088 0.134443
vt 0.735547 0.166159
vt 0.723452 0.181889
vt 0.719095 0.207598
vt 0.710935 0.231402
vt 0.699155 0.248446
vt 0.685513 0.260953
vt 0.672140 0.273338
vt 0.659060 0.284631
vt 0.645587 0.293971
vt 0.630631 0.300446
vt 0.767595 0.039602
vt 0.759162 0.134681
vt 0.744835 0.172591
vt 0.729130 0.192416
vt 0.724840 0.222562
vt 0.714853 0.245609
vt 0.700468 0.261647
vt 0.684639 0.274477
vt 0.670242 0.286299
vt 0.656767 0.296389
vt 0.643172 0.304028
vt 0.751425 0.002772
vt 0.769181 0.013650
vt 0.754315 0.179435
vt 0.736718 0.204164
vt 0.731040 0.236493
vt 0.717283 0.259490
vt 0.699868 0.275864
vt 0.682684 0.288156
vt 0.667754 0.298765
vt 0.654124 0.307155
vt 0.745074 0.216101
vt 0.735139 0.251507
vt 0.716844 0.275084
vt 0.697843 0.290418
vt 0.679981 0.301409
vt 0.664888 0.310230
vt 0.763934 0.183097
vt 0.754678 0.231496
vt 0.734583 0.269722
vt 0.714520 0.291353
vt 0.694878 0.304630
vt 0.676866 0.313651
vt 0.651230 0.316498
vt 0.661851 0.320190
vt 0.751044 0.260249
vt 0.731515 0.289229
vt 0.711294 0.307258
vt 0.691459 0.317818
vt 0.673671 0.324299
vt 0.747255 0.282193
vt 0.728077 0.308121
vt 0.707593 0.321950
vt 0.688072 0.329305
vt 0.743645 0.302686
vt 0.724192 0.325263
vt 0.703845 0.334585
vt 0.741054 0.327033
vt 0.719781 0.339519
vt 0.733176 0.344806
vt 0.699975 0.345961
vt 0.715241 0.351911
vt 0.728598 0.357376
vt 0.695908 0.356876
vt 0.710965 0.363463
vt 0.724502 0.369130
vt 0.691306 0.368099
vt 0.706291 0.375078
vt 0.738314 0.362070
vt 0.735182 0.373180
vt 0.720036 0.380903
vt 0.676288 0.360779
vt 0.680668 0.350062
vt 0.685827 0.380398
vt 0.700557 0.387657
vt 0.731330 0.384759
vt 0.714351 0.393531
vt 0.662448 0.353934
vt 0.666579 0.343715
vt 0.671215 0.372687
vt 0.679367 0.393706
vt 0.693838 0.401403
vt 0.726157 0.397085
vt 0.707768 0.407327
vt 0.657773 0.365459
vt 0.665262 0.385678
vt 0.671819 0.407956
vt 0.686208 0.416517
vt 0.720252 0.410034
vt 0.700605 0.422602
vt 0.646554 0.359648
vt 0.650997 0.348376
vt 0.652343 0.378241
vt 0.658246 0.399647
vt 0.662781 0.422724
vt 0.676561 0.431769
vt 0.714203 0.423484
vt 0.692802 0.442351
vt 0.636272 0.354558
vt 0.640605 0.343447
vt 0.641427 0.372313
vt 0.645949 0.392228
vt 0.649980 0.414487
vt 0.651852 0.437584
vt 0.663789 0.445926
vt 0.710416 0.435011
vt 0.673437 0.455278
vt 0.625639 0.349492
vt 0.629946 0.338489
vt 0.631290 0.367177
vt 0.635389 0.386337
vt 0.638383 0.407371
vt 0.640279 0.430093
vt 0.640534 0.450775
vt 0.650447 0.457423
vt 0.613366 0.343754
vt 0.617692 0.332843
vt 0.620705 0.362113
vt 0.625431 0.381251
vt 0.628216 0.401685
vt 0.629435 0.423617
vt 0.630243 0.444796
vt 0.602516 0.325850
vt 0.598166 0.336648
vt 0.608446 0.356401
vt 0.614939 0.376247
vt 0.618470 0.396726
vt 0.619683 0.418322
vt 0.620140 0.439467
vt 0.593287 0.349322
vt 0.585674 0.317866
vt 0.581351 0.328640
vt 0.602778 0.370601
vt 0.608137 0.391790
vt 0.610182 0.413548
vt 0.610790 0.434766
vt 0.587813 0.363590
vt 0.576534 0.341450
vt 0.568424 0.309248
vt 0.564234 0.320197
vt 0.596207 0.386174
vt 0.600094 0.408639
vt 0.601540 0.430204
vt 0.581673 0.379172
vt 0.570943 0.355670
vt 0.559492 0.333359
vt 0.588579 0.402937
vt 0.591739 0.425293
vt 0.574799 0.395784
vt 0.565012 0.371169
vt 0.553070 0.347295
vt 0.548478 0.312839
vt 0.544050 0.325942
vt 0.580734 0.419435
vt 0.567873 0.412035
vt 0.559176 0.387815
vt 0.546706 0.362549
vt 0.537088 0.339142
vt 0.532101 0.320090
vt 0.535742 0.308085
vt 0.553635 0.403784
vt 0.542132 0.379665
vt 0.561577 0.426531
vt 0.548592 0.417251
vt 0.538497 0.395374
vt 0.524638 0.352456
vt 0.525016 0.374053
vt 0.534948 0.406405
vt 0.523170 0.389009
vt 0.508363 0.386897
vt 0.509173 0.373701
vt 0.324724 0.286796
vt 0.333826 0.278724
vt 0.333411 0.306598
vt 0.321376 0.308106
vt 0.319520 0.276086
vt 0.331030 0.259410
vt 0.346943 0.272880
vt 0.347108 0.303545
vt 0.331694 0.338753
vt 0.318719 0.338753
vt 0.311929 0.304488
vt 0.312941 0.265509
vt 0.326307 0.245927
vt 0.345013 0.251302
vt 0.361269 0.270932
vt 0.361542 0.302527
vt 0.346105 0.338753
vt 0.330586 0.370908
vt 0.318298 0.369401
vt 0.308172 0.338753
vt 0.303840 0.298800
vt 0.305732 0.256750
vt 0.320944 0.235542
vt 0.342015 0.236358
vt 0.360020 0.248599
vt 0.374889 0.270932
vt 0.375044 0.302527
vt 0.360960 0.338753
vt 0.344532 0.373961
vt 0.328484 0.398783
vt 0.319620 0.390711
vt 0.308160 0.373019
vt 0.299197 0.338966
vt 0.296502 0.247392
vt 0.316663 0.226176
vt 0.338646 0.225599
vt 0.358139 0.233109
vt 0.374177 0.248599
vt 0.385886 0.270932
vt 0.385947 0.302527
vt 0.374713 0.338753
vt 0.359645 0.374979
vt 0.342107 0.404626
vt 0.323787 0.418096
vt 0.312997 0.401421
vt 0.299203 0.379174
vt 0.297802 0.228182
vt 0.315185 0.215753
vt 0.335713 0.216736
vt 0.355968 0.222045
vt 0.373032 0.233021
vt 0.385608 0.248599
vt 0.395489 0.270932
vt 0.395467 0.302527
vt 0.385817 0.338753
vt 0.373964 0.374979
vt 0.357718 0.406574
vt 0.338550 0.426205
vt 0.317640 0.432040
vt 0.304978 0.412504
vt 0.334020 0.207481
vt 0.353850 0.212989
vt 0.371577 0.221695
vt 0.385048 0.232939
vt 0.395590 0.248599
vt 0.404928 0.270932
vt 0.404825 0.302527
vt 0.395514 0.338753
vt 0.385524 0.374979
vt 0.372865 0.406574
vt 0.355300 0.428908
vt 0.334461 0.441518
vt 0.311187 0.443805
vt 0.296521 0.422786
vt 0.314723 0.205831
vt 0.332783 0.198577
vt 0.352128 0.203524
vt 0.369934 0.212114
vt 0.384143 0.221366
vt 0.395532 0.232861
vt 0.405401 0.248599
vt 0.415431 0.270932
vt 0.415238 0.302527
vt 0.405045 0.338753
vt 0.395620 0.374979
vt 0.385095 0.406574
vt 0.371487 0.428908
vt 0.352712 0.444678
vt 0.330442 0.453387
vt 0.306088 0.455974
vt 0.285665 0.435871
vt 0.313490 0.197967
vt 0.331215 0.190764
vt 0.350494 0.194191
vt 0.368227 0.201775
vt 0.382827 0.211291
vt 0.395079 0.221052
vt 0.405829 0.232785
vt 0.416318 0.248599
vt 0.428228 0.270932
vt 0.427924 0.302527
vt 0.415651 0.338753
vt 0.405543 0.374979
vt 0.395775 0.406574
vt 0.384557 0.428908
vt 0.370012 0.444678
vt 0.350272 0.456581
vt 0.304002 0.471126
vt 0.285182 0.461334
vt 0.311525 0.191683
vt 0.328988 0.184275
vt 0.348638 0.185534
vt 0.366352 0.191331
vt 0.381036 0.200129
vt 0.393993 0.210508
vt 0.405800 0.220751
vt 0.417286 0.232711
vt 0.429620 0.248599
vt 0.441614 0.272880
vt 0.441411 0.303545
vt 0.428572 0.338753
vt 0.416585 0.374979
vt 0.406272 0.406574
vt 0.395970 0.428908
vt 0.383980 0.444678
vt 0.368621 0.456580
vt 0.308864 0.186502
vt 0.325771 0.179343
vt 0.346253 0.178095
vt 0.364206 0.181440
vt 0.378854 0.188654
vt 0.392037 0.198563
vt 0.404900 0.209754
vt 0.417722 0.220456
vt 0.431247 0.232638
vt 0.443632 0.251302
vt 0.453885 0.278724
vt 0.454223 0.306598
vt 0.442447 0.338753
vt 0.430038 0.374979
vt 0.417953 0.406574
vt 0.407188 0.428908
vt 0.396179 0.444678
vt 0.383437 0.456581
vt 0.343029 0.172415
vt 0.361685 0.172757
vt 0.376364 0.177646
vt 0.389477 0.186116
vt 0.402715 0.197054
vt 0.417015 0.209016
vt 0.432259 0.220163
vt 0.446283 0.235757
vt 0.456683 0.259410
vt 0.462447 0.286796
vt 0.465550 0.308106
vt 0.455911 0.338753
vt 0.444148 0.373961
vt 0.432185 0.406574
vt 0.419671 0.428908
vt 0.408168 0.444678
vt 0.396375 0.456581
vt 0.321483 0.175417
vt 0.339076 0.167533
vt 0.358688 0.165937
vt 0.373650 0.167879
vt 0.386578 0.174069
vt 0.399701 0.183671
vt 0.414552 0.195579
vt 0.431804 0.208285
vt 0.448383 0.223193
vt 0.460963 0.245258
vt 0.467442 0.276086
vt 0.474579 0.304488
vt 0.468113 0.338753
vt 0.457162 0.370908
vt 0.446751 0.404626
vt 0.434879 0.428908
vt 0.421509 0.444678
vt 0.409092 0.456581
vt 0.355201 0.160045
vt 0.370794 0.160132
vt 0.383606 0.163322
vt 0.396315 0.170628
vt 0.411003 0.181276
vt 0.429031 0.194116
vt 0.448542 0.210630
vt 0.465068 0.232866
vt 0.473541 0.264870
vt 0.482271 0.298319
vt 0.478201 0.338753
vt 0.468708 0.369401
vt 0.459434 0.398783
vt 0.450492 0.426205
vt 0.437764 0.444678
vt 0.423242 0.456581
vt 0.334505 0.162489
vt 0.351214 0.154146
vt 0.367684 0.153442
vt 0.380825 0.154776
vt 0.393014 0.158945
vt 0.407041 0.167242
vt 0.424862 0.178887
vt 0.445367 0.195088
vt 0.466504 0.219124
vt 0.479680 0.254190
vt 0.489585 0.292173
vt 0.486893 0.338666
vt 0.478413 0.373019
vt 0.467694 0.390711
vt 0.464186 0.418096
vt 0.454765 0.441500
vt 0.440483 0.456581
vt 0.329425 0.156321
vt 0.346715 0.147302
vt 0.364202 0.146845
vt 0.378024 0.147408
vt 0.390253 0.149644
vt 0.403335 0.154610
vt 0.420220 0.163830
vt 0.440349 0.178158
vt 0.462773 0.200919
vt 0.486423 0.240121
vt 0.487146 0.378972
vt 0.474111 0.401421
vt 0.470346 0.431967
vt 0.458966 0.453314
vt 0.316044 0.171945
vt 0.310111 0.166979
vt 0.323946 0.148068
vt 0.341692 0.138579
vt 0.360236 0.139379
vt 0.374992 0.140194
vt 0.387720 0.141628
vt 0.400556 0.144513
vt 0.416028 0.150177
vt 0.434981 0.161433
vt 0.456535 0.180744
vt 0.479241 0.210977
vt 0.481981 0.412363
vt 0.476840 0.443515
vt 0.304341 0.158570
vt 0.318201 0.137522
vt 0.336164 0.127760
vt 0.355670 0.130080
vt 0.371517 0.132113
vt 0.385102 0.133801
vt 0.398273 0.135788
vt 0.413208 0.139159
vt 0.430287 0.146275
vt 0.450452 0.161093
vt 0.472204 0.188387
vt 0.495774 0.384467
vt 0.490360 0.422220
vt 0.290517 0.179817
vt 0.284786 0.170109
vt 0.298425 0.147422
vt 0.312325 0.124478
vt 0.330149 0.114627
vt 0.350435 0.118810
vt 0.367389 0.122141
vt 0.382085 0.125068
vt 0.396053 0.127272
vt 0.411181 0.129573
vt 0.427286 0.134043
vt 0.445303 0.143531
vt 0.465831 0.167250
vt 0.501089 0.434304
vt 0.482020 0.455433
vt 0.278713 0.156779
vt 0.292055 0.134236
vt 0.306450 0.108729
vt 0.323664 0.098965
vt 0.344461 0.105430
vt 0.362470 0.110283
vt 0.378356 0.114331
vt 0.393466 0.117803
vt 0.409368 0.120215
vt 0.425360 0.123446
vt 0.441870 0.129625
vt 0.484233 0.470416
vt 0.501922 0.459396
vt 0.268103 0.178441
vt 0.262273 0.163789
vt 0.270405 0.143152
vt 0.286333 0.118444
vt 0.300710 0.090067
vt 0.316729 0.080557
vt 0.337680 0.089800
vt 0.356621 0.096541
vt 0.373721 0.101783
vt 0.390080 0.106218
vt 0.407190 0.109882
vt 0.423887 0.113192
vt 0.439729 0.117872
vt 0.257113 0.179325
vt 0.252311 0.166644
vt 0.252845 0.150230
vt 0.263612 0.127464
vt 0.282361 0.099476
vt 0.295417 0.070660
vt 0.309932 0.061497
vt 0.330021 0.071780
vt 0.349707 0.080921
vt 0.367987 0.087615
vt 0.385645 0.092918
vt 0.404068 0.097372
vt 0.422085 0.102022
vt 0.438455 0.106766
vt 0.455034 0.125077
vt 0.452952 0.112990
vt 0.237660 0.136296
vt 0.262081 0.107950
vt 0.279446 0.079989
vt 0.290884 0.052676
vt 0.303861 0.043880
vt 0.322264 0.053319
vt 0.341589 0.063427
vt 0.360957 0.072020
vt 0.379915 0.078306
vt 0.399696 0.083296
vt 0.419171 0.088677
vt 0.436982 0.094939
vt 0.451916 0.101501
vt 0.463696 0.108942
vt 0.464853 0.119567
vt 0.243473 0.112627
vt 0.262744 0.088665
vt 0.276897 0.062640
vt 0.315192 0.036364
vt 0.333188 0.045796
vt 0.352439 0.055188
vt 0.372642 0.062785
vt 0.393766 0.068270
vt 0.414862 0.073819
vt 0.434240 0.081020
vt 0.450711 0.089352
vt 0.463111 0.097958
vt 0.227208 0.124288
vt 0.230139 0.110641
vt 0.246840 0.094369
vt 0.262534 0.073662
vt 0.325426 0.029766
vt 0.343476 0.038598
vt 0.363576 0.046756
vt 0.385971 0.052907
vt 0.408870 0.058109
vt 0.430132 0.065389
vt 0.448124 0.075286
vt 0.462102 0.085976
vt 0.472133 0.095768
vt 0.472240 0.105890
vt 0.233259 0.094782
vt 0.248431 0.081658
vt 0.335112 0.023726
vt 0.353901 0.031503
vt 0.376006 0.037820
vt 0.400523 0.042650
vt 0.424559 0.048428
vt 0.444304 0.059530
vt 0.459674 0.072360
vt 0.471260 0.084265
vt 0.220055 0.105499
vt 0.221856 0.092403
vt 0.235222 0.082546
vt 0.365238 0.024287
vt 0.389148 0.028544
vt 0.415873 0.032279
vt 0.439396 0.042313
vt 0.456173 0.057766
vt 0.468983 0.071461
vt 0.223687 0.080447
vt 0.376703 0.016977
vt 0.402426 0.019089
vt 0.433052 0.021355
vt 0.451942 0.042852
vt 0.465747 0.058532
vt 0.387515 0.009598
vt 0.412556 0.009691
vt 0.396217 0.001992
vt 0.643507 0.784618
vt 0.649636 0.763660
vt 0.665985 0.760242
vt 0.664924 0.775769
vt 0.652087 0.742206
vt 0.667304 0.741043
vt 0.680952 0.755808
vt 0.680570 0.769148
vt 0.652926 0.720567
vt 0.667776 0.721764
vt 0.681441 0.739637
vt 0.692457 0.751768
vt 0.691793 0.762951
vt 0.652992 0.698956
vt 0.668345 0.706027
vt 0.681399 0.723492
vt 0.693162 0.738258
vt 0.681425 0.710148
vt 0.692457 0.724938
vt 0.691793 0.713944
vt 0.738915 0.852658
vt 0.738854 0.874269
vt 0.724169 0.875465
vt 0.723812 0.859728
vt 0.739672 0.895908
vt 0.724599 0.894744
vt 0.710847 0.877194
vt 0.711000 0.863849
vt 0.742186 0.917362
vt 0.725982 0.913943
vt 0.710756 0.893338
vt 0.700095 0.878640
vt 0.700864 0.867646
vt 0.748506 0.938320
vt 0.727269 0.929470
vt 0.711300 0.909510
vt 0.699367 0.891960
vt 0.711864 0.922850
vt 0.700095 0.905469
vt 0.700864 0.916652
vt 0.766103 0.932562
vt 0.766060 0.912377
vt 0.780986 0.911301
vt 0.781543 0.925901
vt 0.765104 0.892252
vt 0.780454 0.893419
vt 0.794700 0.909757
vt 0.794717 0.922098
vt 0.762277 0.872284
vt 0.778936 0.875603
vt 0.794730 0.894827
vt 0.805844 0.908499
vt 0.805171 0.918646
vt 0.755227 0.852658
vt 0.777631 0.861188
vt 0.794187 0.879865
vt 0.806556 0.896204
vt 0.793739 0.867523
vt 0.805844 0.883719
vt 0.805171 0.873384
vt 0.863802 0.852658
vt 0.856578 0.872284
vt 0.840035 0.875603
vt 0.841544 0.861188
vt 0.853691 0.892252
vt 0.838456 0.893419
vt 0.825022 0.879865
vt 0.825639 0.867523
vt 0.852747 0.912377
vt 0.837959 0.911301
vt 0.824428 0.894827
vt 0.813624 0.883719
vt 0.814400 0.873384
vt 0.852804 0.932562
vt 0.837593 0.925901
vt 0.824503 0.909757
vt 0.812888 0.896204
vt 0.824651 0.922098
vt 0.813624 0.908499
vt 0.814400 0.918646
vn 0.473613 -0.017733 0.880554
vn 0.522112 0.038875 0.851991
vn 0.211397 0.070000 0.974890
vn 0.192637 0.021033 0.981045
vn 0.555185 0.117380 0.823402
vn 0.225375 0.135390 0.964819
vn 0.045896 0.154786 0.986881
vn 0.038767 0.098441 0.994388
vn 0.031818 0.055515 0.997951
vn 0.544176 0.219953 0.809625
vn 0.225204 0.221471 0.948807
vn 0.453598 0.320028 0.831764
vn 0.216773 0.340971 0.914739
vn 0.039750 0.348361 0.936517
vn 0.051343 0.234851 0.970675
vn -0.093610 0.251188 0.963401
vn -0.102905 0.182799 0.977750
vn -0.108293 0.350582 0.930250
vn -0.246913 0.353566 0.902234
vn -0.281768 0.288033 0.915229
vn -0.308514 0.225228 0.924171
vn -0.109006 0.132111 0.985223
vn -0.111555 0.095421 0.989167
vn -0.324733 0.175824 0.929319
vn -0.328119 0.147009 0.933127
vn 0.667699 0.399980 0.627849
vn 0.254350 0.487543 0.835229
vn 0.846003 0.500468 0.183877
vn 0.354028 0.712812 0.605445
vn -0.071041 0.664770 0.743662
vn -0.002871 0.479601 0.877482
vn 0.743161 0.445192 -0.499515
vn 0.367460 0.920211 -0.134852
vn 0.428016 0.176225 -0.886424
vn 0.169280 0.279097 -0.945225
vn -0.207669 0.371559 -0.904886
vn -0.195000 0.975290 0.103851
vn -0.588019 0.765825 0.260281
vn -0.344265 0.590398 0.730008
vn -0.531866 0.314390 -0.786307
vn -0.755298 0.297230 -0.584105
vn -0.832355 0.537429 0.135486
vn -0.603218 0.506897 0.615779
vn -0.192422 0.462058 0.865723
vn -0.391090 0.424745 0.816480
vn 0.387572 0.028064 -0.921412
vn 0.106473 0.007089 -0.994290
vn 0.372495 -0.050057 -0.926683
vn 0.097949 -0.072887 -0.992519
vn -0.102526 -0.074964 -0.991902
vn -0.125639 0.016249 -0.991943
vn 0.363483 -0.092823 -0.926965
vn 0.094866 -0.109048 -0.989499
vn 0.358683 -0.114531 -0.926407
vn 0.095115 -0.121056 -0.988078
vn -0.075145 -0.115805 -0.990425
vn -0.087722 -0.107826 -0.990292
vn -0.262068 -0.088854 -0.960950
vn -0.299025 -0.054821 -0.952669
vn -0.234733 -0.095478 -0.967360
vn -0.464674 -0.046758 -0.884246
vn -0.507812 -0.038482 -0.860608
vn -0.564204 0.007651 -0.825600
vn -0.353486 0.026214 -0.935072
vn -0.634586 0.100548 -0.766284
vn -0.043650 -0.843682 -0.535066
vn -0.015053 -0.958385 -0.285081
vn -0.184093 -0.941622 -0.281884
vn -0.155323 -0.786502 -0.597737
vn 0.011736 -0.999928 0.002353
vn -0.176725 -0.984260 0.001171
vn -0.334852 -0.942271 0.000806
vn -0.326617 -0.896412 -0.299613
vn -0.281175 -0.728836 -0.624290
vn 0.023441 -0.950531 0.309742
vn -0.161666 -0.939184 0.302983
vn 0.029358 -0.799067 0.600525
vn -0.090422 -0.737591 0.669166
vn -0.231199 -0.682651 0.693206
vn -0.313491 -0.893918 0.320364
vn -0.466322 -0.824472 0.320609
vn -0.496219 -0.868197 0.000633
vn -0.375371 -0.623691 0.685643
vn -0.516427 -0.572923 0.636445
vn -0.639471 -0.687570 0.343983
vn -0.687498 -0.726186 0.000499
vn -0.471038 -0.828302 -0.303379
vn -0.409717 -0.665633 -0.623751
vn -0.639516 -0.695309 -0.327972
vn -0.535551 -0.606333 -0.587831
vn -0.672594 0.217831 0.707225
vn -0.687668 0.200586 0.697767
vn -0.627713 0.270120 0.730076
vn -0.935215 0.259118 0.241312
vn -0.971648 0.191875 0.138148
vn -0.980709 0.179692 0.076944
vn -0.550703 0.344936 0.760096
vn -0.829048 0.377421 0.412592
vn -0.927823 0.283963 -0.241887
vn -0.889586 0.136873 -0.435779
vn -0.844022 0.067770 -0.532010
vn -0.803608 0.054688 -0.592641
vn 0.704169 -0.061227 -0.707388
vn 0.715696 -0.099576 -0.691277
vn 0.703574 -0.008111 -0.710576
vn 0.957460 0.046125 -0.284855
vn 0.965985 -0.026925 -0.257192
vn 0.981275 -0.084327 -0.173170
vn 0.730038 0.104196 -0.675416
vn 0.964323 0.191722 -0.182546
vn 0.896831 0.221819 0.382740
vn 0.936928 0.094728 0.336440
vn 0.918414 0.004618 0.395593
vn 0.865724 -0.059934 0.496920
vn 0.339422 -0.138481 -0.930385
vn 0.087550 -0.125273 -0.988252
vn 0.308608 -0.180825 -0.933843
vn 0.074073 -0.134461 -0.988146
vn -0.071428 -0.108105 -0.991570
vn -0.069933 -0.111972 -0.991248
vn 0.266441 -0.247646 -0.931494
vn 0.056688 -0.152344 -0.986700
vn 0.225801 -0.324026 -0.918706
vn 0.040622 -0.179597 -0.982901
vn -0.084458 -0.109491 -0.990393
vn -0.077095 -0.105883 -0.991385
vn -0.210954 -0.069655 -0.975011
vn -0.210283 -0.078225 -0.974506
vn -0.218264 -0.067507 -0.973552
vn -0.434213 -0.029450 -0.900329
vn -0.419712 -0.019133 -0.907456
vn -0.419969 -0.023993 -0.907221
vn -0.217458 -0.087460 -0.972143
vn -0.434907 -0.034846 -0.899801
vn -0.771473 0.070737 -0.632318
vn -0.753280 0.078216 -0.653033
vn -0.981206 0.192521 0.013059
vn -0.980104 0.195161 0.036166
vn -0.752658 0.066321 -0.655063
vn -0.769354 0.021353 -0.638465
vn -0.997093 0.076158 0.002370
vn -0.987571 0.157116 0.004227
vn -0.709840 0.144257 0.689433
vn -0.698272 0.181249 0.692506
vn -0.733577 0.082309 0.674604
vn -0.347443 0.048885 0.936426
vn -0.334579 0.072518 0.939573
vn -0.329820 0.099425 0.938794
vn -0.693159 0.198022 0.693050
vn -0.328790 0.125247 0.936061
vn -0.113918 0.062586 0.991517
vn -0.116287 0.031407 0.992719
vn 0.013976 -0.023046 0.999637
vn 0.022670 0.014955 0.999631
vn -0.116921 0.010004 0.993091
vn -0.115037 0.009512 0.993316
vn 0.019857 -0.039451 0.999024
vn 0.011342 -0.046822 0.998839
vn 0.133828 -0.116453 0.984139
vn 0.146695 -0.078422 0.986068
vn 0.140541 -0.118602 0.982946
vn 0.313320 -0.274362 0.909151
vn 0.325431 -0.232542 0.916525
vn 0.366927 -0.156809 0.916938
vn 0.169159 -0.027928 0.985193
vn 0.419422 -0.080345 0.904229
vn 0.799230 -0.144589 0.583375
vn 0.720646 -0.268960 0.639007
vn 0.940936 -0.336018 -0.041606
vn 0.979492 -0.177162 -0.095968
vn 0.630649 -0.416409 0.654893
vn 0.562848 -0.529520 0.634674
vn 0.706437 -0.707758 -0.005097
vn 0.839070 -0.543908 -0.011211
vn 0.601136 -0.419465 -0.680209
vn 0.675406 -0.265924 -0.687831
vn 0.509625 -0.563267 -0.650394
vn 0.709670 -0.159550 -0.686231
vn 0.196504 -0.415460 -0.888132
vn 0.025943 -0.234386 -0.971797
vn 0.143183 -0.553341 -0.820556
vn -0.008398 -0.353190 -0.935514
vn -0.130399 -0.247224 -0.960144
vn -0.096597 -0.143607 -0.984909
vn 0.055433 -0.708922 -0.703105
vn -0.074394 -0.539212 -0.838878
vn -0.196550 -0.453101 -0.869522
vn -0.332111 -0.394813 -0.856636
vn -0.274264 -0.199863 -0.940656
vn -0.534754 -0.393673 -0.747703
vn -0.503645 -0.199182 -0.840636
vn -0.234638 -0.097307 -0.967201
vn -0.461100 -0.076799 -0.884019
vn -0.793640 -0.069682 -0.604384
vn -0.808115 -0.230584 -0.542016
vn -0.970052 -0.242889 0.001948
vn -0.998581 -0.053201 0.002263
vn -0.772018 -0.459579 -0.439062
vn -0.871439 -0.490503 0.001196
vn -0.768846 -0.437792 0.466062
vn -0.793804 -0.191125 0.577362
vn -0.489500 -0.328912 0.807593
vn -0.434801 -0.119907 0.892508
vn -0.766574 -0.017946 0.641905
vn -0.377091 0.003926 0.926168
vn -0.125010 -0.002376 0.992153
vn -0.170785 -0.091354 0.981064
vn -0.010881 -0.119598 0.992763
vn 0.021838 -0.039324 0.998988
vn -0.250432 -0.293906 0.922444
vn -0.095844 -0.335188 0.937263
vn 0.038602 -0.415933 0.908575
vn 0.118333 -0.217190 0.968930
vn 0.164783 -0.613160 0.772581
vn 0.266056 -0.434543 0.860457
vn 0.146915 -0.124988 0.981221
vn 0.310647 -0.314438 0.897010
vn 0.513320 -0.616007 0.597527
vn 0.411914 -0.741680 0.529375
vn 0.437401 -0.899262 0.002720
vn 0.592046 -0.805904 -0.000661
vn 0.241702 -0.874943 0.419588
vn 0.234916 -0.972010 0.003206
vn 0.172585 -0.906549 -0.385206
vn 0.325120 -0.801009 -0.502674
vn 0.434069 -0.678548 -0.592585
vn -0.461917 -0.071660 0.884024
vn -0.189829 -0.001250 0.981816
vn -0.211166 0.044938 0.976417
vn -0.512559 -0.020846 0.858399
vn -0.036111 0.051430 0.998024
vn -0.046328 0.092832 0.994603
vn -0.057311 0.146465 0.987554
vn -0.228739 0.106780 0.967614
vn -0.550225 0.052374 0.833372
vn 0.100744 0.107160 0.989125
vn 0.094803 0.142849 0.985194
vn 0.309855 0.182383 0.933127
vn 0.303611 0.210174 0.929326
vn 0.282846 0.256172 0.924324
vn 0.084512 0.191139 0.977918
vn 0.069986 0.255705 0.964218
vn -0.068145 0.222580 0.972530
vn 0.250562 0.313627 0.915891
vn 0.210565 0.372081 0.904001
vn 0.076680 0.352000 0.932854
vn -0.065203 0.332166 0.940965
vn -0.234331 0.189552 0.953498
vn -0.547385 0.153418 0.822699
vn -0.235179 0.305181 0.922798
vn -0.465748 0.259989 0.845863
vn -0.286885 0.444236 0.848735
vn -0.693357 0.318434 0.646418
vn -0.035336 0.463072 0.885616
vn 0.010112 0.653838 0.756567
vn -0.417017 0.661538 0.623270
vn -0.894275 0.404001 0.192500
vn 0.149071 0.467942 0.871096
vn 0.345354 0.456598 0.819908
vn 0.545577 0.561448 0.622192
vn 0.283852 0.610798 0.739157
vn 0.502632 0.822485 0.266233
vn 0.087167 0.990289 0.108302
vn 0.768958 0.624172 0.138247
vn 0.704033 0.379533 -0.600243
vn 0.471772 0.369098 -0.800748
vn 0.144637 0.387753 -0.910345
vn -0.466161 0.874498 -0.133967
vn -0.783513 0.358120 -0.507796
vn -0.210491 0.254768 -0.943815
vn -0.445759 0.128040 -0.885948
vn -0.122562 0.001790 -0.992459
vn -0.392239 -0.008379 -0.919825
vn 0.100134 0.035271 -0.994349
vn 0.089789 -0.054990 -0.994442
vn -0.104994 -0.073272 -0.991770
vn -0.370065 -0.080712 -0.925493
vn 0.323882 0.069120 -0.943569
vn 0.601732 0.172014 -0.779955
vn 0.544424 0.072221 -0.835695
vn 0.282275 -0.016113 -0.959198
vn 0.254629 -0.053698 -0.965547
vn 0.083042 -0.088490 -0.992610
vn 0.497452 0.020265 -0.867255
vn 0.459603 0.007340 -0.888094
vn 0.233614 -0.063537 -0.970251
vn 0.076283 -0.098342 -0.992225
vn -0.095824 -0.107531 -0.989573
vn -0.357124 -0.120601 -0.926238
vn -0.091508 -0.120178 -0.988526
vn -0.349652 -0.142317 -0.926007
vn 0.136660 -0.833685 -0.535064
vn 0.241325 -0.764510 -0.597735
vn 0.287069 -0.915497 -0.281881
vn 0.120918 -0.950846 -0.285081
vn 0.360030 -0.693284 -0.624288
vn 0.423721 -0.854806 -0.299612
vn 0.436974 -0.899474 0.000808
vn 0.284460 -0.958687 0.001172
vn 0.098886 -0.995096 0.002353
vn 0.480797 -0.616256 -0.623748
vn 0.559725 -0.771148 -0.303379
vn 0.599304 -0.543412 -0.587825
vn 0.712467 -0.620343 -0.327972
vn 0.763568 -0.645727 0.000499
vn 0.589162 -0.808015 0.000632
vn 0.554613 -0.767863 0.320610
vn 0.410399 -0.853780 0.320364
vn 0.711566 -0.612658 0.343984
vn 0.576600 -0.512319 0.636445
vn 0.442025 -0.578368 0.685642
vn 0.305256 -0.652906 0.693205
vn 0.264510 -0.915553 0.302980
vn 0.081794 -0.947297 0.309740
vn 0.171416 -0.723076 0.669162
vn 0.059169 -0.797418 0.600519
vn 0.661008 0.275287 0.698058
vn 0.644128 0.290273 0.707701
vn 0.954767 0.287169 0.077160
vn 0.944415 0.298072 0.138688
vn 0.900768 0.360091 0.242802
vn 0.594022 0.335920 0.730955
vn 0.790189 0.143882 -0.595735
vn 0.827969 0.161353 -0.537059
vn 0.865333 0.235259 -0.442552
vn 0.888709 0.385655 -0.247927
vn 0.782309 0.463425 0.416209
vn 0.509957 0.399315 0.761900
vn -0.700206 -0.169825 -0.693449
vn -0.691176 -0.129875 -0.710920
vn -0.965891 -0.190438 -0.175463
vn -0.956236 -0.130845 -0.261711
vn -0.954844 -0.057488 -0.291494
vn -0.694147 -0.078288 -0.715563
vn -0.850188 -0.157396 0.502402
vn -0.909557 -0.098675 0.403694
vn -0.938124 -0.011080 0.346123
vn -0.910717 0.119234 0.395446
vn -0.978541 0.085026 -0.187694
vn -0.730848 0.026747 -0.682015
vn -0.079991 -0.125918 -0.988810
vn -0.326815 -0.166403 -0.930324
vn 0.075179 -0.097007 -0.992440
vn 0.079604 -0.095495 -0.992242
vn -0.062479 -0.136673 -0.988644
vn -0.289837 -0.208336 -0.934126
vn 0.220140 -0.058609 -0.973706
vn 0.432197 0.015549 -0.901645
vn 0.418388 0.023944 -0.907953
vn 0.215061 -0.051843 -0.975224
vn 0.216664 -0.045005 -0.975208
vn 0.087363 -0.095336 -0.991604
vn 0.418831 0.027861 -0.907637
vn 0.434806 0.018736 -0.900329
vn 0.224389 -0.042962 -0.973552
vn 0.096045 -0.099482 -0.990393
vn -0.040659 -0.155905 -0.986935
vn -0.238539 -0.273652 -0.931780
vn -0.020517 -0.182987 -0.982901
vn -0.188593 -0.347004 -0.918706
vn 0.757538 0.156256 -0.633814
vn 0.952484 0.302431 0.036193
vn 0.953888 0.299880 0.013045
vn 0.739419 0.161470 -0.653595
vn 0.666902 0.273386 0.693182
vn 0.312927 0.160830 0.936061
vn 0.316806 0.135280 0.938794
vn 0.673916 0.257313 0.692552
vn 0.689534 0.221845 0.689440
vn 0.964142 0.265353 0.004215
vn 0.324510 0.109063 0.939574
vn 0.339908 0.086998 0.936426
vn 0.719979 0.162907 0.674605
vn 0.982561 0.185927 0.002370
vn 0.740563 0.149288 -0.655194
vn 0.762277 0.106280 -0.638466
vn 0.106501 0.074768 0.991498
vn -0.023370 0.012112 0.999654
vn -0.011024 -0.024622 0.999636
vn 0.112176 0.044046 0.992712
vn -0.163013 -0.047282 0.985491
vn -0.404275 -0.127866 0.905656
vn -0.345736 -0.197537 0.917304
vn -0.136295 -0.094709 0.986131
vn -0.119936 -0.130723 0.984138
vn -0.006024 -0.047851 0.998836
vn -0.297328 -0.267490 0.916540
vn -0.281066 -0.307321 0.909151
vn -0.126566 -0.133413 0.982946
vn -0.015373 -0.041404 0.999024
vn 0.115114 0.022859 0.993089
vn 0.113280 0.022172 0.993316
vn -0.775687 -0.234229 0.586044
vn -0.954069 -0.283425 -0.097075
vn -0.898164 -0.437615 -0.042359
vn -0.685001 -0.348507 0.639779
vn -0.688772 -0.230484 -0.687365
vn -0.643198 -0.334828 -0.688613
vn -0.551738 -0.481892 -0.680710
vn -0.773852 -0.633258 -0.011674
vn -0.444228 -0.616158 -0.650393
vn -0.623858 -0.781521 -0.005096
vn -0.580294 -0.484136 0.654883
vn -0.500854 -0.588501 0.634675
vn 0.000131 -0.235820 -0.971797
vn -0.149366 -0.434640 -0.888132
vn 0.111881 -0.132048 -0.984909
vn 0.156932 -0.231293 -0.960144
vn 0.047394 -0.350097 -0.935514
vn -0.081129 -0.565779 -0.820556
vn 0.243956 -0.070769 -0.967201
vn 0.466765 -0.025350 -0.884018
vn 0.522579 -0.142279 -0.840636
vn 0.294679 -0.168316 -0.940656
vn 0.373726 -0.355677 -0.856635
vn 0.245439 -0.428593 -0.869521
vn 0.574998 -0.332139 -0.747703
vn 0.133551 -0.527682 -0.838877
vn 0.023282 -0.710703 -0.703107
vn 0.796480 0.018488 -0.604383
vn 0.998342 0.057526 0.002262
vn 0.990959 -0.134154 0.001947
vn 0.828654 -0.139827 -0.542015
vn 0.763858 0.066914 0.641906
vn 0.374346 0.045593 0.926167
vn 0.445393 -0.071101 0.892508
vn 0.810070 -0.102193 0.577359
vn 0.812533 -0.350106 0.466064
vn 0.920325 -0.391152 0.001196
vn 0.522864 -0.272776 0.807593
vn 0.818095 -0.371410 -0.439062
vn 0.124505 0.011460 0.992153
vn -0.017357 -0.041496 0.998988
vn 0.024037 -0.117662 0.992763
vn 0.179838 -0.071913 0.981064
vn -0.132195 -0.140464 0.981221
vn -0.273979 -0.346855 0.897010
vn -0.216384 -0.461293 0.860457
vn -0.093594 -0.228941 0.968930
vn 0.007619 -0.417650 0.908576
vn 0.132312 -0.322535 0.937265
vn -0.095983 -0.627617 0.772583
vn 0.281389 -0.264416 0.922445
vn -0.442068 -0.668982 0.597527
vn -0.499317 -0.866419 -0.000658
vn -0.335298 -0.942108 0.002722
vn -0.327391 -0.782673 0.529375
vn -0.356388 -0.722379 -0.592584
vn -0.234567 -0.832042 -0.502677
vn -0.071301 -0.920071 -0.385209
vn -0.126012 -0.992024 0.003204
vn -0.143489 -0.896301 0.419589
vn -0.167522 -0.007879 0.985837
vn -0.103294 -0.027771 0.994263
vn -0.094109 0.017419 0.995410
vn -0.177686 0.024120 0.983792
vn -0.049869 -0.041324 0.997901
vn -0.042783 0.010594 0.999028
vn -0.041484 0.047842 0.997993
vn -0.095155 0.050403 0.994186
vn -0.180898 0.054853 0.981971
vn -0.012655 -0.046626 0.998832
vn -0.010965 0.008085 0.999907
vn -0.000000 -0.046888 0.998900
vn -0.000000 0.007649 0.999971
vn 0.000000 0.046281 0.998929
vn -0.010794 0.046622 0.998854
vn -0.011518 0.084938 0.996320
vn -0.044476 0.084907 0.995396
vn 0.000000 0.084683 0.996408
vn -0.000000 0.138178 0.990407
vn -0.013822 0.138670 0.990242
vn -0.053509 0.135907 0.989276
vn -0.096308 0.082933 0.991891
vn -0.180141 0.084989 0.979962
vn -0.108497 0.127023 0.985948
vn -0.173071 0.114675 0.978211
vn -0.464932 0.844016 0.267350
vn -0.683192 0.672039 0.285678
vn -0.741174 0.661205 0.116060
vn -0.468570 0.876281 0.112132
vn -0.672189 0.656145 0.342981
vn -0.737363 0.660467 0.141705
vn -0.754847 0.655882 -0.004993
vn -0.757866 0.652398 -0.003862
vn -0.471894 0.881553 -0.013417
vn -0.582622 0.709856 0.395798
vn -0.642560 0.747463 0.168572
vn -0.512625 0.749488 0.418908
vn -0.563840 0.805625 0.181805
vn -0.579905 0.814621 -0.010164
vn -0.659469 0.751678 -0.008996
vn -0.641843 0.741269 -0.196362
vn -0.733858 0.659907 -0.161166
vn -0.569945 0.794159 -0.210889
vn -0.522893 0.708629 -0.473739
vn -0.578429 0.677266 -0.454677
vn -0.660497 0.636300 -0.398581
vn -0.738216 0.661285 -0.133192
vn -0.464689 0.872008 -0.153839
vn -0.671077 0.656230 -0.344989
vn -0.453493 0.812597 -0.366103
vn -0.174529 0.114806 -0.977936
vn -0.105252 0.123904 -0.986696
vn -0.089360 0.080425 -0.992747
vn -0.179590 0.084892 -0.980072
vn -0.050427 0.130454 -0.990171
vn -0.039768 0.080974 -0.995923
vn -0.036455 0.047685 -0.998197
vn -0.087528 0.050086 -0.994902
vn -0.179894 0.054743 -0.982162
vn -0.012712 0.131421 -0.991245
vn -0.010043 0.080312 -0.996719
vn 0.000000 0.130356 -0.991467
vn 0.000000 0.079886 -0.996804
vn 0.000000 0.046321 -0.998927
vn -0.009259 0.046611 -0.998870
vn -0.009570 0.012739 -0.999873
vn -0.038260 0.014313 -0.999165
vn 0.000000 0.012558 -0.999921
vn -0.000000 -0.038878 -0.999244
vn -0.011655 -0.039213 -0.999163
vn -0.047000 -0.035796 -0.998253
vn -0.087292 0.019438 -0.995993
vn -0.176876 0.024092 -0.983938
vn -0.100100 -0.024623 -0.994673
vn -0.168316 -0.007704 -0.985703
vn -0.462417 -0.717309 -0.521189
vn -0.252896 -0.748706 -0.612767
vn -0.255869 -0.925073 -0.280662
vn -0.520017 -0.809973 -0.271156
vn 0.002436 -0.754793 -0.655959
vn 0.001899 -0.953377 -0.301774
vn 0.001581 -0.999978 -0.006455
vn -0.262718 -0.964847 -0.007012
vn -0.538010 -0.842899 -0.008159
vn 0.268930 -0.722287 -0.637164
vn 0.275002 -0.914451 -0.296906
vn 0.506406 -0.653796 -0.562232
vn 0.583237 -0.754938 -0.299839
vn 0.609953 -0.792400 -0.007752
vn 0.284545 -0.958637 -0.007030
vn 0.270572 -0.921338 0.279156
vn 0.001817 -0.958873 0.283829
vn 0.577499 -0.765990 0.282410
vn 0.498003 -0.678394 0.540162
vn 0.262836 -0.747181 0.610440
vn 0.002377 -0.778768 0.627307
vn -0.251809 -0.931325 0.263107
vn -0.514561 -0.819286 0.252977
vn -0.246963 -0.771968 0.585726
vn -0.454015 -0.738786 0.498062
vn 0.979052 0.064160 0.193235
vn 0.994269 0.075101 0.076087
vn 0.993092 0.090757 0.074375
vn 0.978565 0.085742 0.187242
vn 0.996967 0.077830 0.000034
vn 0.995729 0.092326 -0.000078
vn 0.994173 0.107794 -0.000516
vn 0.991707 0.106485 0.071967
vn 0.977989 0.104413 0.180652
vn 0.994264 0.075348 -0.075906
vn 0.993023 0.091356 -0.074562
vn 0.979114 0.065130 -0.192600
vn 0.978379 0.087227 -0.187529
vn 0.977123 0.108244 -0.183069
vn 0.991417 0.108257 -0.073296
vn 0.988702 0.131377 -0.072165
vn 0.991632 0.129090 -0.001587
vn 0.974527 0.135266 -0.178887
vn 0.968940 0.179160 -0.170464
vn 0.982922 0.170331 -0.069659
vn 0.986255 0.165192 -0.003575
vn 0.989500 0.127385 0.068287
vn 0.976794 0.126858 0.172569
vn 0.984859 0.162119 0.061394
vn 0.973967 0.161989 0.158582
vn -0.978953 0.044577 -0.199161
vn -0.994941 0.052168 -0.085855
vn -0.994408 0.061619 -0.085772
vn -0.978534 0.060442 -0.197022
vn -0.998558 0.053693 0.000038
vn -0.998107 0.061507 0.000020
vn -0.997810 0.066152 0.000009
vn -0.993976 0.067337 -0.086473
vn -0.977912 0.070139 -0.196898
vn -0.994935 0.051869 0.086107
vn -0.994405 0.061481 0.085903
vn -0.978829 0.043439 0.200016
vn -0.978468 0.059926 0.197506
vn -0.977871 0.069981 0.197155
vn -0.993973 0.067293 0.086538
vn -0.993487 0.072250 0.088109
vn -0.997549 0.069974 0.000003
vn -0.976765 0.078828 0.199288
vn -0.975030 0.090859 0.202637
vn -0.992790 0.078740 0.090376
vn -0.997202 0.074748 0.000001
vn -0.993493 0.072221 -0.088064
vn -0.976812 0.078704 -0.199107
vn -0.992805 0.078623 -0.090314
vn -0.975114 0.090397 -0.202437
vn -0.570465 0.270967 0.775337
vn -0.367111 0.417138 0.831400
vn -0.382498 0.496137 0.779451
vn -0.575351 0.407541 0.709142
vn -0.194828 0.504749 0.840993
vn -0.211475 0.546429 0.810367
vn -0.232044 0.521966 0.820796
vn -0.408622 0.537475 0.737664
vn -0.624744 0.493942 0.604745
vn -0.075071 0.528895 0.845361
vn -0.095206 0.549764 0.829877
vn -0.027319 0.520709 0.853297
vn -0.049915 0.530842 0.846000
vn -0.068067 0.451219 0.889814
vn -0.113032 0.485577 0.866856
vn -0.101961 0.257515 0.960880
vn -0.245338 0.345106 0.905931
vn -0.050317 0.214501 0.975427
vn 0.064563 -0.280237 0.957757
vn 0.019217 -0.277223 0.960613
vn -0.135321 -0.205854 0.969181
vn -0.485801 0.465909 0.739544
vn -0.719414 0.483184 0.498976
vn -0.507562 0.072439 0.858565
vn -0.871375 0.305873 0.383598
vn 0.974050 0.221499 0.046531
vn 0.967123 0.220293 0.127063
vn 0.973726 0.227618 -0.006951
vn 0.952618 0.303928 -0.012112
vn 0.955642 0.293699 0.022127
vn 0.954088 0.290190 0.074200
vn 0.969695 0.236413 -0.061640
vn 0.956976 0.250824 -0.145889
vn 0.937690 0.332500 -0.100904
vn 0.947739 0.315600 -0.046768
vn 0.925674 0.376750 -0.034454
vn 0.930616 0.365420 -0.020531
vn 0.918966 0.390087 -0.057745
vn 0.910689 0.411067 -0.040853
vn 0.915036 0.401553 -0.038281
vn 0.919814 0.390913 -0.033607
vn 0.935975 0.352036 -0.004659
vn 0.939002 0.343259 0.021175
vn 0.924454 0.380398 -0.026111
vn 0.928471 0.371126 -0.014371
vn -0.056124 0.385287 -0.921088
vn -0.104070 0.429174 -0.897206
vn -0.145380 0.390156 -0.909199
vn -0.097344 0.324061 -0.941015
vn -0.221639 0.448673 -0.865777
vn -0.254649 0.446593 -0.857735
vn -0.307156 0.424011 -0.851980
vn -0.195041 0.326793 -0.924751
vn -0.140290 0.247305 -0.958728
vn -0.400783 0.396719 -0.825826
vn -0.419342 0.446832 -0.790249
vn -0.611723 0.267803 -0.744363
vn -0.603449 0.385195 -0.698194
vn -0.656303 0.469141 -0.590909
vn -0.466358 0.487401 -0.738207
vn -0.556477 0.458462 -0.692926
vn -0.365335 0.331298 -0.869927
vn -0.743972 0.473410 -0.471580
vn -0.876799 0.324748 -0.354629
vn -0.626980 0.248383 -0.738378
vn -0.367724 0.065243 -0.927643
vn -0.233446 0.211391 -0.949114
vn -0.165313 0.139702 -0.976297
vn -0.214468 -0.007655 -0.976701
vn -0.141254 -0.026588 -0.989616
vn -0.990510 0.106724 -0.086600
vn -0.973562 0.125916 -0.190585
vn -0.994911 0.100761 0.000014
vn -0.982823 0.184551 0.000006
vn -0.979804 0.190004 -0.062308
vn -0.968485 0.209905 -0.134078
vn -0.990469 0.107026 0.086695
vn -0.973403 0.126934 0.190723
vn -0.968222 0.211226 0.133900
vn -0.979707 0.190501 0.062321
vn -0.957987 0.285486 0.027547
vn -0.958470 0.285195 -0.000011
vn -0.954112 0.293060 0.061530
vn -0.943068 0.331861 0.022176
vn -0.943313 0.331728 0.010776
vn -0.943506 0.331356 0.000002
vn -0.958072 0.285197 -0.027584
vn -0.954343 0.292265 -0.061732
vn -0.943362 0.331591 -0.010781
vn -0.943177 0.331546 -0.022231
vn -0.239488 -0.584202 0.775470
vn -0.689929 -0.368048 0.623329
vn 0.038218 -0.658082 0.751976
vn 0.098744 -0.761092 0.641084
vn -0.044739 -0.797430 0.601750
vn -0.221917 -0.828755 0.513729
vn 0.150122 -0.653042 0.742294
vn 0.184740 -0.632021 0.752609
vn 0.228185 -0.707786 0.668559
vn 0.190628 -0.728710 0.657756
vn 0.163028 -0.681024 0.713883
vn 0.075673 -0.723539 0.686123
vn 0.209137 -0.663234 0.718597
vn 0.105026 -0.483212 0.869181
vn 0.048307 -0.496081 0.866932
vn -0.041176 -0.542594 0.838985
vn -0.020208 -0.795596 0.605490
vn -0.100872 -0.870821 0.481141
vn -0.130751 -0.643374 0.754304
vn -0.201594 -0.773108 0.601385
vn 0.901982 -0.426841 0.065086
vn 0.890938 -0.453986 0.011234
vn 0.966623 -0.254692 0.027803
vn 0.959892 -0.260075 0.104729
vn 0.872991 -0.485863 -0.042707
vn 0.958440 -0.283753 -0.029622
vn 0.992727 -0.118755 -0.019747
vn 0.993912 -0.099096 0.048148
vn 0.984669 -0.096235 0.145482
vn 0.851489 -0.514966 -0.098876
vn 0.945446 -0.312551 -0.091888
vn 0.827017 -0.538908 -0.160065
vn 0.905996 -0.375931 -0.194544
vn 0.956179 -0.183179 -0.228399
vn 0.985303 -0.141301 -0.095982
vn 0.995406 0.006485 -0.095522
vn 0.999780 0.016437 -0.013018
vn 0.971863 -0.006246 -0.235466
vn 0.964895 0.126359 -0.230240
vn 0.986968 0.131362 -0.092939
vn 0.990152 0.139827 -0.006942
vn 0.997395 0.035370 0.062863
vn 0.983357 0.055646 0.172955
vn 0.984385 0.159189 0.075140
vn 0.963567 0.185692 0.192501
vn -0.118305 -0.282877 -0.951832
vn -0.060965 -0.224147 -0.972647
vn -0.240794 -0.342566 -0.908112
vn -0.061446 -0.591755 -0.803772
vn -0.023918 -0.432332 -0.901397
vn 0.014118 -0.339443 -0.940521
vn -0.497355 -0.316073 -0.807921
vn -0.791892 -0.276147 -0.544656
vn 0.005071 -0.942863 -0.333143
vn -0.046391 -0.802139 -0.595332
vn 0.111484 -0.824124 -0.555329
vn 0.013125 -0.600941 -0.799186
vn 0.165139 -0.943801 -0.286302
vn -0.169356 -0.861673 -0.478370
vn -0.053075 -0.642280 -0.764631
vn -0.060360 -0.438249 -0.896825
vn 0.006414 -0.433966 -0.900906
vn 0.038981 -0.352150 -0.935132
vn -0.031952 -0.338417 -0.940454
vn 0.012026 -0.292966 -0.956047
vn -0.957696 0.256990 -0.129516
vn -0.921403 -0.309344 -0.235208
vn -0.975519 0.219809 0.006861
vn -0.939867 -0.340125 0.031060
vn -0.224704 -0.970502 0.087379
vn -0.059355 -0.987434 -0.146460
vn -0.954683 0.261098 0.142856
vn -0.921857 -0.251804 0.294574
vn -0.340250 -0.875960 0.341942
vn -0.148176 -0.926705 0.345343
vn -0.083163 -0.988562 0.125818
vn -0.187208 -0.911524 0.366165
vn -0.209177 -0.965970 0.152143
vn 0.094586 -0.990445 -0.100364
vn -0.176982 -0.979278 -0.098449
vn -0.254696 -0.376316 0.890795
vn -0.332853 -0.482857 0.809974
vn -0.176482 -0.275720 0.944898
vn -0.268129 -0.056182 0.961743
vn -0.351627 -0.104278 0.930314
vn -0.459103 -0.161942 0.873498
vn -0.098548 -0.227427 0.968796
vn -0.044050 -0.211687 0.976344
vn -0.148043 -0.002418 0.988978
vn -0.196750 -0.021963 0.980208
vn -0.251904 0.106508 0.961873
vn -0.326216 0.077548 0.942109
vn -0.204445 0.130805 0.970099
vn -0.229791 0.208763 0.950586
vn -0.275190 0.177797 0.944806
vn -0.345567 0.132798 0.928950
vn -0.443467 0.055688 0.894559
vn -0.586926 0.022353 0.809332
vn -0.460869 0.054805 0.885774
vn -0.648926 -0.112500 0.752488
vn 0.956442 0.279023 0.085816
vn 0.927938 0.308588 0.209057
vn 0.965976 0.258630 -0.000275
vn 0.923602 0.383264 0.008285
vn 0.908824 0.406657 0.093104
vn 0.870624 0.443887 0.212081
vn 0.964649 0.248436 -0.087927
vn 0.943340 0.245644 -0.223088
vn 0.902922 0.380146 -0.200551
vn 0.924655 0.373080 -0.076314
vn 0.859161 0.508877 -0.053732
vn 0.850668 0.525297 0.020669
vn 0.841443 0.517080 -0.156852
vn 0.759475 0.642385 -0.102662
vn 0.748193 0.662773 -0.030655
vn 0.733248 0.678947 0.037132
vn 0.834823 0.542436 0.093991
vn 0.793202 0.577212 0.194055
vn 0.717447 0.689016 0.102595
vn 0.706611 0.687804 0.166211
vn -0.094814 -0.225940 -0.969516
vn -0.042192 -0.208424 -0.977128
vn -0.148881 -0.268582 -0.951682
vn -0.216071 -0.140354 -0.966237
vn -0.157597 -0.127743 -0.979206
vn -0.104315 -0.121281 -0.987122
vn -0.203068 -0.368619 -0.907129
vn -0.316791 -0.494479 -0.809403
vn -0.389088 -0.217493 -0.895158
vn -0.280688 -0.167215 -0.945121
vn -0.362593 -0.045528 -0.930835
vn -0.272927 -0.045141 -0.960975
vn -0.513772 -0.092052 -0.852974
vn -0.601115 -0.200273 -0.773661
vn -0.389913 -0.027152 -0.920451
vn -0.303794 0.012422 -0.952657
vn -0.214412 -0.042116 -0.975835
vn -0.164613 -0.033774 -0.985780
vn -0.254949 0.031955 -0.966426
vn -0.214680 0.052106 -0.975294
vn -0.881920 -0.468292 -0.054029
vn -0.873534 -0.486741 0.004538
vn -0.935649 -0.352915 -0.003419
vn -0.927995 -0.366872 -0.065038
vn -0.862268 -0.500639 0.076521
vn -0.925194 -0.374788 0.059589
vn -0.947492 -0.316315 0.046953
vn -0.949705 -0.313004 -0.009434
vn -0.944849 -0.321082 -0.064547
vn -0.848751 -0.508394 0.145453
vn -0.905267 -0.405922 0.125377
vn -0.838074 -0.508559 0.197482
vn -0.875350 -0.435106 0.210820
vn -0.917577 -0.333254 0.216783
vn -0.937034 -0.329478 0.115806
vn -0.958787 -0.262600 0.108487
vn -0.958740 -0.280046 0.048904
vn -0.950586 -0.236305 0.201362
vn -0.970121 -0.163730 0.179046
vn -0.976075 -0.183006 0.117416
vn -0.976519 -0.207672 0.057291
vn -0.955652 -0.294492 -0.002075
vn -0.954430 -0.293394 -0.054631
vn -0.973838 -0.227230 0.002406
vn -0.969967 -0.239123 -0.044542
vn -0.421566 0.105171 0.900678
vn -0.478000 -0.017486 0.878186
vn -0.353708 0.213302 0.910710
vn -0.410139 0.390839 0.824034
vn -0.443761 0.362603 0.819509
vn -0.448424 0.333466 0.829287
vn -0.299363 0.265560 0.916439
vn -0.260094 0.297349 0.918659
vn -0.323930 0.441487 0.836755
vn -0.362338 0.418504 0.832806
vn -0.470554 0.591052 0.655161
vn -0.540778 0.576576 0.612470
vn -0.418044 0.611836 0.671488
vn -0.567037 0.603127 0.560987
vn -0.467073 0.694919 0.546745
vn 0.603209 0.787899 0.123916
vn 0.618660 0.783207 0.062027
vn 0.529235 0.846122 0.063153
vn 0.530070 0.834942 0.147980
vn 0.623627 0.781722 0.000000
vn 0.532013 0.846736 0.000001
vn 0.450557 0.892748 0.000001
vn 0.449386 0.890657 0.069162
vn 0.443908 0.881127 0.162974
vn 0.618660 0.783207 -0.062025
vn 0.529230 0.846125 -0.063150
vn 0.603209 0.787899 -0.123914
vn 0.530063 0.834946 -0.147980
vn 0.443910 0.881126 -0.162975
vn 0.449387 0.890656 -0.069162
vn 0.357698 0.931269 -0.069219
vn 0.356000 0.934486 -0.000000
vn 0.345355 0.924361 -0.162134
vn 0.234110 0.960839 -0.148262
vn 0.213668 0.973945 -0.076013
vn 0.206798 0.978384 0.000003
vn 0.357693 0.931270 0.069218
vn 0.345348 0.924363 0.162136
vn 0.213664 0.973945 0.076016
vn 0.234106 0.960839 0.148265
vn -0.292110 0.132562 -0.947153
vn -0.265052 0.160615 -0.950763
vn -0.323911 0.098454 -0.940951
vn -0.380640 0.274575 -0.883019
vn -0.355478 0.296695 -0.886345
vn -0.335462 0.320902 -0.885713
vn -0.366827 0.037655 -0.929527
vn -0.403151 -0.028406 -0.914692
vn -0.383132 0.240840 -0.891743
vn -0.394936 0.256096 -0.882293
vn -0.528209 0.526785 -0.665953
vn -0.513309 0.498660 -0.698464
vn -0.423275 0.591757 -0.686049
vn -0.460818 0.504540 -0.730127
vn -0.428838 0.522941 -0.736635
vn -0.926636 -0.106846 -0.360457
vn -0.983521 -0.099733 -0.150795
vn -0.983918 0.064636 -0.166517
vn -0.917589 0.061898 -0.392681
vn -0.988872 -0.144925 0.033611
vn -0.998929 0.038847 0.025133
vn -0.973048 0.230077 0.015538
vn -0.953781 0.244750 -0.174353
vn -0.880429 0.250912 -0.402352
vn -0.947719 -0.240804 0.209387
vn -0.976243 -0.019365 0.215811
vn -0.846660 -0.367378 0.384968
vn -0.896641 -0.101225 0.431032
vn -0.885981 0.177336 0.428474
vn -0.957001 0.204794 0.205449
vn -0.874071 0.453571 0.173992
vn -0.883531 0.468334 0.006038
vn -0.810684 0.451471 0.372781
vn -0.672997 0.683473 0.282737
vn -0.671968 0.726627 0.143078
vn -0.673984 0.738741 -0.002881
vn -0.871523 0.462277 -0.163546
vn -0.803345 0.463291 -0.374164
vn -0.671812 0.724834 -0.152589
vn -0.671392 0.676037 -0.303656
vn -0.588103 -0.242066 -0.771712
vn -0.364794 -0.473072 -0.801953
vn -0.310143 -0.566466 -0.763497
vn -0.510849 -0.433610 -0.742305
vn -0.177104 -0.610143 -0.772243
vn -0.145092 -0.658305 -0.738636
vn -0.106209 -0.673170 -0.731821
vn -0.257540 -0.626109 -0.735977
vn -0.475307 -0.545955 -0.689939
vn -0.049415 -0.658474 -0.750980
vn -0.036066 -0.697513 -0.715664
vn -0.000000 -0.667658 -0.744468
vn 0.005412 -0.710767 -0.703407
vn 0.031095 -0.731486 -0.681147
vn -0.007436 -0.706302 -0.707872
vn 0.052601 -0.677098 -0.734011
vn -0.073328 -0.638475 -0.766142
vn 0.116375 -0.731111 -0.672260
vn 0.326481 -0.678076 -0.658501
vn 0.142717 -0.558807 -0.816925
vn -0.044005 -0.508112 -0.860166
vn -0.258606 -0.618151 -0.742302
vn -0.527288 -0.568995 -0.631040
vn -0.278551 -0.510249 -0.813668
vn -0.661154 -0.495469 -0.563370
vn 0.996509 0.039651 -0.073470
vn 0.982187 0.019543 -0.186886
vn 0.999023 0.044204 0.000059
vn 0.999493 -0.031825 -0.000006
vn 0.997480 -0.038841 -0.059379
vn 0.986810 -0.067701 -0.147046
vn 0.996509 0.039145 0.073740
vn 0.982072 0.017709 0.187673
vn 0.986621 -0.069805 0.147331
vn 0.997448 -0.039523 0.059452
vn 0.990953 -0.129090 0.036724
vn 0.992040 -0.125927 -0.000249
vn 0.984517 -0.151220 0.088645
vn 0.979172 -0.197037 0.048979
vn 0.981084 -0.192178 0.023293
vn 0.981690 -0.190485 -0.000653
vn 0.990973 -0.128807 -0.037159
vn 0.984657 -0.150086 -0.089025
vn 0.981057 -0.192163 -0.024528
vn 0.979170 -0.196790 -0.049998
vn -0.000243 -0.630898 0.775865
vn -0.046043 -0.622479 0.781281
vn -0.034782 -0.686737 0.726074
vn 0.005021 -0.699140 0.714968
vn -0.163892 -0.577694 0.799631
vn -0.139607 -0.649945 0.747048
vn -0.104683 -0.680824 0.724927
vn -0.007312 -0.712106 0.702034
vn 0.030363 -0.735642 0.676690
vn -0.339303 -0.452903 0.824471
vn -0.299444 -0.563445 0.769976
vn -0.552962 -0.235843 0.799132
vn -0.496662 -0.436979 0.749917
vn -0.469779 -0.556866 0.684988
vn -0.254203 -0.635720 0.728862
vn -0.257722 -0.639033 0.724718
vn -0.073560 -0.660108 0.747560
vn -0.525316 -0.585727 0.617225
vn -0.658343 -0.517379 0.546721
vn -0.277775 -0.545429 0.790790
vn -0.045006 -0.546885 0.835997
vn 0.051436 -0.696440 0.715769
vn 0.114510 -0.746516 0.655440
vn 0.139600 -0.594281 0.792049
vn 0.321017 -0.703358 0.634221
vn -0.996274 0.021934 0.083408
vn -0.980876 0.002615 0.194615
vn -0.999647 0.026562 0.000069
vn -0.999149 -0.041257 -0.000019
vn -0.996383 -0.048629 0.069685
vn -0.984082 -0.076528 0.160397
vn -0.996292 0.022563 -0.083025
vn -0.981087 0.004800 -0.193509
vn -0.984379 -0.073767 -0.159864
vn -0.996438 -0.047688 -0.069550
vn -0.989738 -0.135158 -0.046382
vn -0.991188 -0.132460 -0.000368
vn -0.982267 -0.155040 -0.105425
vn -0.976633 -0.205435 -0.063119
vn -0.978850 -0.202129 -0.031558
vn -0.979645 -0.200738 -0.000971
vn -0.989690 -0.135716 0.045763
vn -0.982026 -0.156881 0.104947
vn -0.978859 -0.202364 0.029731
vn -0.976575 -0.206158 0.061645
vn -0.339696 -0.698772 0.629543
vn -0.122705 -0.745312 0.655326
vn -0.101938 -0.800973 0.589959
vn -0.217227 -0.856794 0.467672
vn -0.033132 -0.734960 0.677301
vn -0.029259 -0.755631 0.654344
vn -0.000833 -0.764769 0.644304
vn -0.000873 -0.826605 0.562782
vn -0.000416 -0.906344 0.422541
vn -0.006041 -0.698477 0.715607
vn -0.005353 -0.704434 0.709750
vn -0.000258 -0.630138 0.776483
vn -0.000414 -0.630495 0.776193
vn -0.000472 -0.630773 0.775967
vn -0.000648 -0.707050 0.707163
vn 0.004071 -0.704763 0.709431
vn 0.026882 -0.755896 0.654140
vn -0.000400 -0.630909 0.775856
vn 0.097028 -0.801318 0.590317
vn 0.209939 -0.857652 0.469424
vn 0.000000 0.084688 0.996408
vn 0.000000 0.138236 0.990399
vn 0.000000 0.046267 0.998929
vn 0.000000 0.046263 0.998929
vn 0.000000 0.084690 0.996407
vn 0.000000 0.138256 0.990397
vn 0.000000 0.007612 0.999971
vn 0.000000 -0.047003 0.998895
vn 0.000000 -0.047042 0.998893
vn 0.000000 0.007599 0.999971
vn -0.000000 0.007616 0.999971
vn -0.000000 0.046269 0.998929
vn -0.000001 -0.046990 0.998895
vn -0.000000 -0.046866 0.998901
vn 0.000000 0.007657 0.999971
vn 0.000000 0.046284 0.998928
vn 0.000000 0.084688 0.996408
vn 0.000000 0.138229 0.990400
vn -0.000000 0.084682 0.996408
vn -0.000000 0.138167 0.990409
vn -0.040645 0.187884 0.981350
vn 0.072281 -0.274271 0.958932
vn -0.062417 0.420965 0.904927
vn -0.057330 0.398712 0.915283
vn -0.031435 0.173501 0.984332
vn 0.082090 -0.258356 0.962556
vn -0.047502 0.506972 0.860652
vn -0.026537 0.505113 0.862645
vn -0.025866 0.491974 0.870226
vn -0.045424 0.487719 0.871818
vn -0.043513 0.470390 0.881385
vn -0.052841 0.380881 0.923113
vn -0.025214 0.479541 0.877157
vn -0.024505 0.466359 0.884256
vn -0.041671 0.452860 0.890607
vn -0.049191 0.364783 0.929792
vn -0.023824 0.167362 0.985608
vn 0.089686 -0.232768 0.968388
vn -0.019330 0.166365 0.985875
vn 0.090515 -0.198800 0.975851
vn 0.235206 -0.650007 0.722612
vn 0.147719 -0.473822 0.868143
vn 0.242901 -0.691505 0.680308
vn 0.266091 -0.666888 0.696028
vn 0.273080 -0.624852 0.731428
vn 0.207220 -0.447986 0.869694
vn 0.192737 -0.612510 0.766606
vn 0.206428 -0.585948 0.783615
vn 0.218883 -0.550611 0.805555
vn 0.288836 -0.633634 0.717692
vn 0.222271 -0.506069 0.833361
vn 0.300604 -0.592800 0.747144
vn 0.310416 -0.589322 0.745883
vn 0.265593 -0.409405 0.872839
vn 0.332676 -0.547254 0.768011
vn 0.302014 -0.365389 0.880499
vn -0.158997 0.155427 0.974968
vn -0.188832 0.235090 0.953454
vn -0.097684 0.016758 0.995076
vn -0.022570 0.046195 0.998677
vn -0.091477 0.186399 0.978206
vn -0.130402 0.265209 0.955332
vn 0.008173 -0.200342 0.979692
vn 0.083287 -0.173799 0.981253
vn 0.159319 -0.137910 0.977547
vn 0.056462 0.078235 0.995335
vn 0.209891 -0.101865 0.972404
vn 0.112839 0.103813 0.988175
vn -0.019391 0.215472 0.976318
vn -0.068560 0.291380 0.954148
vn 0.034469 0.234345 0.971542
vn -0.021212 0.306407 0.951664
vn -0.372367 0.634066 0.677719
vn -0.457306 0.779569 0.427953
vn -0.285060 0.463359 0.839070
vn -0.241666 0.485707 0.840051
vn -0.328453 0.655485 0.680043
vn -0.406232 0.805622 0.431219
vn -0.222105 0.322223 0.920240
vn -0.172428 0.348856 0.921177
vn -0.121652 0.370910 0.920667
vn -0.199473 0.505496 0.839455
vn -0.082884 0.383557 0.919790
vn -0.166086 0.523072 0.835949
vn -0.282475 0.679407 0.677211
vn -0.342654 0.836936 0.426763
vn -0.229610 0.712951 0.662556
vn -0.240315 0.881644 0.406144
vn -0.516420 0.829565 -0.212446
vn -0.483003 0.736343 -0.473822
vn -0.518595 0.854976 -0.008654
vn -0.459883 0.887962 -0.005555
vn -0.464546 0.860876 -0.207580
vn -0.442229 0.766196 -0.466237
vn -0.502470 0.843932 0.187887
vn -0.444709 0.875152 0.190640
vn -0.365991 0.911196 0.189138
vn -0.377085 0.926177 -0.001567
vn -0.225892 0.957599 0.178822
vn -0.225784 0.974173 0.003029
vn -0.389104 0.899903 -0.196908
vn -0.382506 0.806768 -0.450349
vn -0.249746 0.952121 -0.176332
vn -0.278020 0.865081 -0.417540
vn 0.084128 0.192193 -0.977744
vn 0.003314 0.157591 -0.987499
vn -0.088335 0.267660 -0.959456
vn -0.012037 0.301567 -0.953369
vn -0.087578 0.116386 -0.989335
vn -0.165880 0.227938 -0.959442
vn -0.263405 0.384466 -0.884762
vn -0.204058 0.423491 -0.882619
vn -0.139096 0.463892 -0.874904
vn -0.164534 0.078681 -0.983228
vn -0.227354 0.190414 -0.955014
vn -0.307942 0.349372 -0.884936
vn -0.401428 0.548648 -0.733377
vn -0.366060 0.580577 -0.727276
vn -0.316591 0.621300 -0.716768
vn -0.248701 0.675857 -0.693805
vn 0.268643 -0.143385 -0.952508
vn 0.218683 -0.174318 -0.960099
vn 0.185316 -0.105766 -0.976971
vn 0.240198 -0.068322 -0.968317
vn 0.141689 -0.215864 -0.966088
vn 0.102632 -0.148837 -0.983521
vn 0.047659 -0.066456 -0.996651
vn 0.138376 -0.023648 -0.990098
vn 0.203653 0.014579 -0.978935
vn 0.065613 -0.258908 -0.963671
vn 0.019873 -0.186995 -0.982160
vn -0.039894 -0.102788 -0.993903
vn -0.104495 -0.012644 -0.994445
vn -0.018307 0.023847 -0.999548
vn 0.076592 0.065916 -0.994881
vn 0.152285 0.102709 -0.982985
vn 0.166531 0.063707 -0.983976
vn 0.102109 0.030322 -0.994311
vn 0.168260 -0.093481 -0.981300
vn 0.230164 -0.066033 -0.970909
vn 0.007995 -0.003358 -0.999962
vn 0.076472 -0.134212 -0.987998
vn 0.135851 -0.226964 -0.964382
vn 0.219210 -0.185948 -0.957795
vn 0.274615 -0.164158 -0.947438
vn -0.081601 -0.025667 -0.996335
vn -0.009195 -0.179812 -0.983658
vn 0.058524 -0.280265 -0.958137
vn 0.084343 -0.300969 -0.949897
vn 0.157678 -0.251193 -0.955008
vn 0.235047 -0.211291 -0.948741
vn 0.285958 -0.188771 -0.939465
vn 0.017264 0.325165 -0.945500
vn -0.000520 0.317219 -0.948352
vn 0.007728 0.250746 -0.968022
vn 0.038802 0.267846 -0.962680
vn -0.023605 0.322648 -0.946225
vn -0.034295 0.250195 -0.967588
vn -0.039911 0.181127 -0.982650
vn 0.024318 0.191341 -0.981223
vn 0.070358 0.217298 -0.973566
vn -0.044067 0.344622 -0.937707
vn -0.072968 0.272892 -0.959274
vn -0.100375 0.196862 -0.975280
vn -0.110957 0.104238 -0.988344
vn -0.030876 0.103129 -0.994189
vn 0.053104 0.125155 -0.990715
vn 0.111734 0.157837 -0.981123
vn 0.000000 0.012531 -0.999922
vn 0.000000 -0.038966 -0.999241
vn 0.000000 0.046309 -0.998927
vn 0.000000 0.046305 -0.998927
vn -0.000000 0.012522 -0.999922
vn -0.000000 -0.038996 -0.999239
vn 0.000000 0.079884 -0.996804
vn -0.000000 0.130388 -0.991463
vn -0.000000 0.130400 -0.991462
vn 0.000000 0.079883 -0.996804
vn -0.000000 0.079884 -0.996804
vn -0.000000 0.046310 -0.998927
vn 0.000000 0.130385 -0.991464
vn -0.000000 0.130350 -0.991468
vn -0.000000 0.079887 -0.996804
vn -0.000000 0.046323 -0.998927
vn -0.000000 0.012535 -0.999921
vn -0.000000 -0.038956 -0.999241
vn 0.000000 0.012564 -0.999921
vn 0.000000 -0.038860 -0.999245
vn 0.099100 -0.790479 -0.604418
vn 0.212114 -0.844555 -0.491665
vn 0.028109 -0.753500 -0.656847
vn -0.000061 -0.763380 -0.645950
vn -0.000136 -0.818085 -0.575097
vn -0.000072 -0.895978 -0.444098
vn 0.004770 -0.716989 -0.697068
vn -0.000000 -0.667751 -0.744384
vn 0.000000 -0.667784 -0.744355
vn -0.000006 -0.719703 -0.694282
vn -0.004950 -0.717024 -0.697031
vn -0.029175 -0.753594 -0.656693
vn -0.000000 -0.667741 -0.744394
vn -0.000000 -0.667640 -0.744485
vn -0.005754 -0.710759 -0.703412
vn -0.033082 -0.731405 -0.681140
vn -0.102669 -0.790639 -0.603613
vn -0.218630 -0.844333 -0.489185
vn -0.123937 -0.730592 -0.671472
vn -0.345338 -0.674243 -0.652792
vn 0.626019 -0.708317 0.326170
vn 0.325727 -0.911432 0.251384
vn 0.722652 -0.691084 -0.013304
vn 0.373141 -0.927611 -0.017454
vn 0.000389 -0.999834 -0.018211
vn 0.000246 -0.976660 0.214791
vn 0.629150 -0.692875 -0.352271
vn 0.326211 -0.902161 -0.282297
vn 0.000150 -0.969176 -0.246370
vn -0.333412 -0.900647 -0.278695
vn -0.379158 -0.925184 -0.016527
vn -0.648814 -0.680207 -0.341116
vn -0.736325 -0.676525 -0.011794
vn -0.332900 -0.909423 0.249254
vn -0.645290 -0.694830 0.317509
vn 0.012271 0.084950 0.996310
vn 0.014708 0.138621 0.990236
vn 0.011503 0.046674 0.998844
vn 0.044262 0.048037 0.997864
vn 0.047435 0.084868 0.995263
vn 0.056984 0.135446 0.989145
vn 0.011682 0.008177 0.999898
vn 0.013468 -0.046467 0.998829
vn 0.053144 -0.040454 0.997767
vn 0.045641 0.011028 0.998897
vn 0.099788 0.018438 0.994838
vn 0.100859 0.050803 0.993603
vn 0.109369 -0.025790 0.993667
vn 0.175580 -0.005143 0.984452
vn 0.185715 0.025788 0.982265
vn 0.188789 0.055421 0.980453
vn 0.102060 0.082709 0.991334
vn 0.114738 0.125869 0.985389
vn 0.188172 0.084470 0.978497
vn 0.181157 0.113111 0.976928
vn 0.013432 0.178941 0.983768
vn 0.115898 -0.154043 0.981243
vn -0.015638 0.355018 0.934729
vn 0.070141 0.360265 0.930210
vn 0.099624 0.220697 0.970241
vn 0.191964 -0.090172 0.977251
vn -0.003756 0.434616 0.900608
vn 0.018814 0.449294 0.893186
vn 0.123104 0.416196 0.900903
vn 0.089642 0.412639 0.906473
vn 0.231425 0.382940 0.894315
vn 0.211528 0.379965 0.900490
vn 0.271287 0.350450 0.896431
vn 0.455426 0.255334 0.852873
vn 0.421358 0.349009 0.837048
vn 0.452650 0.402786 0.795532
vn 0.285043 0.308233 0.907603
vn 0.382796 -0.002938 0.923828
vn 0.626213 0.395895 0.671658
vn 0.879749 0.175786 0.441749
vn 0.343508 -0.499637 0.795214
vn 0.320260 -0.316661 0.892838
vn 0.309452 -0.545477 0.778906
vn 0.330591 -0.495220 0.803409
vn 0.356119 -0.444021 0.822207
vn 0.337734 -0.258899 0.904935
vn 0.236003 -0.453567 0.859406
vn 0.281754 -0.398596 0.872775
vn 0.387187 -0.360253 0.848707
vn 0.370999 -0.453179 0.810548
vn 0.591056 -0.325953 0.737840
vn 0.447138 -0.417290 0.791161
vn 0.380040 -0.382854 0.842017
vn 0.365885 -0.190946 0.910861
vn 0.430168 -0.312784 0.846831
vn 0.421546 -0.108263 0.900321
vn 0.086574 0.259034 0.961980
vn 0.036077 0.326607 0.944472
vn 0.154941 0.133428 0.978872
vn 0.202773 0.183840 0.961814
vn 0.156095 0.309398 0.938034
vn 0.124870 0.367566 0.921576
vn 0.240183 -0.062791 0.968695
vn 0.271240 -0.012510 0.962431
vn 0.313252 0.051092 0.948295
vn 0.259271 0.256164 0.931213
vn 0.383992 0.129418 0.914221
vn 0.346091 0.346961 0.871687
vn 0.245185 0.408590 0.879169
vn 0.262835 0.446569 0.855274
vn 0.372775 0.530058 0.761628
vn 0.519082 0.589628 0.618783
vn -0.193888 0.749161 0.633376
vn -0.156702 0.916106 0.369045
vn -0.134169 0.544108 0.828218
vn -0.088102 0.571836 0.815624
vn -0.192896 0.781185 0.593752
vn -0.155318 0.932191 0.326951
vn -0.032831 0.399175 0.916287
vn 0.052932 0.427397 0.902513
vn 0.196254 0.460185 0.865860
vn -0.036345 0.591501 0.805485
vn 0.364422 0.510980 0.778522
vn 0.024581 0.602131 0.798019
vn -0.249453 0.777927 0.576718
vn -0.302721 0.897594 0.320446
vn -0.348651 0.706434 0.615949
vn -0.580545 0.724045 0.372460
vn -0.121900 0.981526 -0.147472
vn -0.185720 0.911953 -0.365855
vn -0.088282 0.996067 0.007552
vn -0.069880 0.997498 0.010700
vn -0.102342 0.987047 -0.123546
vn -0.173567 0.934860 -0.309695
vn -0.101620 0.981749 0.160753
vn -0.088633 0.985417 0.145249
vn -0.290754 0.944474 0.153071
vn -0.286791 0.957942 0.009904
vn -0.686271 0.704792 0.179725
vn -0.717031 0.697039 0.001900
vn -0.293362 0.946773 -0.132513
vn -0.304959 0.903529 -0.301059
vn -0.683346 0.707668 -0.179569
vn -0.571404 0.726829 -0.381074
vn 0.598233 0.563963 -0.569265
vn 0.343720 0.365838 -0.864881
vn 0.275373 0.394228 -0.876786
vn 0.424921 0.461517 -0.778745
vn 0.234997 0.275664 -0.932087
vn 0.151152 0.362095 -0.919804
vn -0.022542 0.535360 -0.844323
vn 0.030234 0.553224 -0.832484
vn 0.085204 0.555755 -0.826968
vn 0.156731 0.226695 -0.961272
vn 0.063543 0.330675 -0.941603
vn -0.079485 0.501340 -0.861592
vn -0.194862 0.730678 -0.654323
vn -0.183120 0.775153 -0.604653
vn -0.230793 0.776254 -0.586655
vn -0.320151 0.692435 -0.646558
vn 0.305728 -0.051722 -0.950713
vn 0.304202 -0.076615 -0.949522
vn 0.285383 0.042143 -0.957487
vn 0.297102 0.086416 -0.950927
vn 0.300461 -0.099123 -0.948629
vn 0.277979 0.000881 -0.960587
vn 0.264554 0.105958 -0.958532
vn 0.281168 0.175483 -0.943478
vn 0.311476 0.256523 -0.914975
vn 0.290752 -0.120701 -0.949155
vn 0.265623 -0.035487 -0.963424
vn 0.240453 0.052548 -0.969237
vn 0.207338 0.142155 -0.967886
vn 0.256381 0.203559 -0.944898
vn 0.308325 0.314841 -0.897670
vn 0.406628 0.453102 -0.793317
vn 0.831868 0.212329 -0.512749
vn 0.476699 0.165389 -0.863368
vn 0.453090 -0.129625 -0.881990
vn 0.577394 -0.221708 -0.785787
vn 0.314942 0.134710 -0.939502
vn 0.351113 -0.066948 -0.933937
vn 0.345945 -0.181606 -0.920512
vn 0.376263 -0.226157 -0.898487
vn 0.395190 -0.284795 -0.873337
vn 0.225955 0.098141 -0.969181
vn 0.281108 -0.053884 -0.958162
vn 0.309463 -0.161176 -0.937153
vn 0.310846 -0.179568 -0.933343
vn 0.325767 -0.177677 -0.928605
vn 0.332837 -0.180347 -0.925578
vn 0.329791 -0.181897 -0.926365
vn 0.518306 0.278685 -0.808513
vn 0.321046 0.344854 -0.882046
vn 0.303764 0.364160 -0.880406
vn 0.487568 0.369584 -0.791003
vn 0.162264 0.358300 -0.919397
vn 0.167577 0.334842 -0.927254
vn 0.199518 0.316601 -0.927338
vn 0.328114 0.380173 -0.864760
vn 0.530590 0.430847 -0.729962
vn 0.062607 0.341693 -0.937724
vn 0.082384 0.297112 -0.951282
vn 0.117916 0.257679 -0.959008
vn 0.167226 0.203425 -0.964704
vn 0.253979 0.269835 -0.928808
vn 0.410868 0.361928 -0.836777
vn 0.660682 0.435078 -0.611724
vn 0.010206 0.012796 -0.999866
vn 0.012420 -0.039136 -0.999157
vn 0.009877 0.046656 -0.998862
vn 0.038998 0.047860 -0.998093
vn 0.040925 0.014615 -0.999055
vn 0.050234 -0.035209 -0.998117
vn 0.010711 0.080348 -0.996709
vn 0.013546 0.131451 -0.991230
vn 0.053868 0.130268 -0.990014
vn 0.042532 0.081034 -0.995804
vn 0.095188 0.080390 -0.992208
vn 0.093277 0.050476 -0.994360
vn 0.111884 0.123170 -0.986058
vn 0.184064 0.113707 -0.976315
vn 0.189132 0.084646 -0.978297
vn 0.189275 0.055375 -0.980361
vn 0.093030 0.020252 -0.995457
vn 0.106516 -0.023042 -0.994044
vn 0.186374 0.025611 -0.982145
vn 0.177722 -0.005323 -0.984066
vn -0.058408 -0.675989 -0.734593
vn -0.155558 -0.555762 -0.816658
vn 0.006191 -0.705945 -0.708240
vn 0.107082 -0.672849 -0.731989
vn 0.072823 -0.638490 -0.766177
vn 0.041025 -0.507465 -0.860695
vn 0.036987 -0.697113 -0.716006
vn 0.051425 -0.657664 -0.751554
vn 0.181825 -0.605933 -0.774458
vn 0.147703 -0.656440 -0.739778
vn 0.303675 -0.564398 -0.767618
vn 0.257186 -0.627562 -0.734862
vn 0.357082 -0.463604 -0.810903
vn 0.524698 -0.242773 -0.815937
vn 0.474617 -0.438404 -0.763244
vn 0.466020 -0.553267 -0.690450
vn 0.266687 -0.621937 -0.736255
vn 0.290157 -0.514744 -0.806751
vn 0.548612 -0.572367 -0.609443
vn 0.697218 -0.489526 -0.523691
vn -0.534672 -0.659420 0.528480
vn -0.614097 -0.739823 0.274857
vn -0.294486 -0.914315 0.278039
vn -0.285961 -0.740844 0.607764
vn -0.645485 -0.763738 -0.007311
vn -0.309008 -0.951033 -0.007120
vn -0.001707 -0.999976 -0.006733
vn -0.001955 -0.958697 0.284421
vn -0.002538 -0.778274 0.627919
vn -0.620428 -0.728016 -0.291654
vn -0.299490 -0.906950 -0.296222
vn -0.544312 -0.632862 -0.550645
vn -0.293185 -0.713981 -0.635826
vn -0.002631 -0.752560 -0.658518
vn -0.002053 -0.952917 -0.303223
vn 0.277584 -0.919310 -0.278956
vn 0.284211 -0.958735 -0.007097
vn 0.274907 -0.743553 -0.609553
vn 0.495569 -0.703687 -0.509151
vn 0.552000 -0.791179 -0.263311
vn 0.568639 -0.822550 -0.007757
vn 0.273046 -0.925912 0.261024
vn 0.267942 -0.768352 0.581242
vn 0.545994 -0.800947 0.245712
vn 0.485980 -0.726438 0.485912
vn 0.487625 -0.236259 0.840478
vn 0.329035 -0.443173 0.833867
vn 0.292043 -0.560443 0.774993
vn 0.459720 -0.441015 0.770820
vn 0.166575 -0.572570 0.802756
vn 0.141353 -0.647154 0.749140
vn 0.105550 -0.679631 0.725921
vn 0.254326 -0.635995 0.728580
vn 0.461550 -0.562539 0.685946
vn 0.047249 -0.620724 0.782605
vn 0.035148 -0.685518 0.727206
vn 0.005737 -0.711040 0.703128
vn -0.057293 -0.694733 0.716982
vn 0.073531 -0.659351 0.748231
vn -0.152134 -0.591242 0.792015
vn 0.042693 -0.546281 0.836513
vn 0.266941 -0.641246 0.719406
vn 0.548131 -0.586249 0.596543
vn 0.290362 -0.548703 0.783974
vn 0.694963 -0.508184 0.508699
vn -0.277646 -0.372056 -0.885713
vn -0.611671 -0.417327 -0.672085
vn -0.019187 -0.341943 -0.939525
vn -0.006845 -0.300490 -0.953761
vn -0.274853 -0.347050 -0.896667
vn -0.586959 -0.427484 -0.687558
vn 0.223994 -0.373510 -0.900176
vn 0.528715 -0.443480 -0.723731
vn 0.582310 -0.374653 -0.721491
vn 0.262607 -0.315148 -0.911987
vn 0.275635 -0.430265 -0.859592
vn -0.000769 -0.440556 -0.897725
vn 0.575693 -0.464079 -0.673207
vn -0.269056 -0.471000 -0.840100
vn -0.546510 -0.541898 -0.638493
vn 0.801745 -0.465242 -0.375174
vn 0.886351 -0.462934 -0.008608
vn 0.906682 -0.421757 -0.006959
vn 0.833311 -0.411332 -0.369322
vn 0.798389 -0.485222 0.356561
vn 0.524252 -0.481853 0.702123
vn 0.578264 -0.413413 0.703350
vn 0.830129 -0.430910 0.353839
vn 0.779752 -0.534526 0.325987
vn 0.838775 -0.544430 -0.007206
vn 0.569978 -0.498375 0.653259
vn 0.784091 -0.517875 -0.342062
vn 0.221169 -0.421878 0.879263
vn -0.020174 -0.392271 0.919628
vn -0.007291 -0.351867 0.936022
vn 0.260222 -0.364528 0.894094
vn -0.277092 -0.417735 0.865285
vn -0.609535 -0.450081 0.652606
vn -0.583200 -0.462366 0.667904
vn -0.273121 -0.394300 0.877458
vn -0.265276 -0.513295 0.816185
vn -0.000813 -0.486110 0.873897
vn -0.540364 -0.572909 0.616265
vn 0.271943 -0.474453 0.837223
vn -0.886716 -0.398014 0.235200
vn -0.856935 -0.419374 0.299646
vn -0.935704 -0.352740 -0.005649
vn -0.920459 -0.390782 -0.006661
vn -0.877866 -0.478847 -0.007569
vn -0.813106 -0.485943 0.320496
vn -0.887689 -0.388025 -0.247881
vn -0.858715 -0.404498 -0.314627
vn -0.816070 -0.469385 -0.337205
vn -0.725632 -0.612373 -0.313780
vn -0.767680 -0.640779 -0.008343
vn -0.721114 -0.626649 0.295475
vn -0.818294 -0.463793 0.339546
vn -0.555344 -0.470405 0.685793
vn -0.898110 -0.439710 -0.007311
vn -0.920006 -0.391860 -0.005901
vn -0.851120 -0.404762 0.334309
vn -0.611316 -0.399341 0.683242
vn -0.822232 -0.444132 -0.355923
vn -0.560728 -0.431555 -0.706644
vn -0.616510 -0.358550 -0.700969
vn -0.854920 -0.384708 -0.348012
vn -0.812254 -0.484887 -0.324233
vn -0.861667 -0.507436 -0.006312
vn -0.612111 -0.443973 -0.654377
vn -0.807314 -0.502400 0.309577
vn -0.605167 -0.480818 0.634497
vn -0.243575 -0.367858 -0.897414
vn 0.015345 -0.340719 -0.940040
vn 0.004974 -0.298041 -0.954540
vn -0.285402 -0.307559 -0.907719
vn 0.292542 -0.376814 -0.878880
vn 0.646535 -0.414533 -0.640433
vn 0.620782 -0.420264 -0.661821
vn 0.294939 -0.347840 -0.889954
vn 0.291820 -0.467454 -0.834463
vn 0.000460 -0.436766 -0.899575
vn 0.580858 -0.529543 -0.618214
vn -0.299958 -0.421287 -0.855887
vn 0.905063 -0.365945 -0.216669
vn 0.878270 -0.383550 -0.285535
vn 0.945094 -0.326772 -0.004283
vn 0.931303 -0.364207 -0.005342
vn 0.893302 -0.449411 -0.006395
vn 0.838550 -0.445786 -0.313222
vn 0.904151 -0.373923 0.206624
vn 0.876325 -0.396946 0.272925
vn 0.644178 -0.445667 0.621623
vn 0.616169 -0.455561 0.642495
vn 0.835196 -0.461899 0.298493
vn 0.748749 -0.600894 0.279825
vn 0.792005 -0.610470 -0.007434
vn 0.573539 -0.561952 0.596039
vn 0.753788 -0.586338 -0.296666
vn 0.292378 -0.423315 0.857508
vn 0.016898 -0.393402 0.919211
vn 0.005714 -0.353830 0.935292
vn 0.292812 -0.398011 0.869395
vn -0.240080 -0.418286 0.876013
vn -0.282168 -0.360986 0.888859
vn -0.295220 -0.469778 0.831958
vn 0.000579 -0.486820 0.873502
vn 0.287091 -0.513194 0.808833
vn 0.574421 -0.021895 -0.818267
vn 0.635840 0.007306 -0.771786
vn 0.624416 -0.103325 -0.774228
vn 0.588871 0.072260 -0.804991
vn 0.657587 0.080847 -0.749029
vn 0.803403 0.095326 -0.587755
vn 0.789938 0.045152 -0.611522
vn 0.777034 -0.026876 -0.628884
vn 0.579827 0.152217 -0.800394
vn 0.663072 0.146593 -0.734061
vn 0.663657 0.224771 -0.713469
vn 0.812350 0.211726 -0.543378
vn 0.808666 0.144687 -0.570197
vn 0.923907 0.141225 -0.355600
vn 0.924667 0.105552 -0.365855
vn 0.920545 0.194754 -0.338627
vn 0.922080 0.073821 -0.379894
vn 0.917573 0.033923 -0.396119
vn 0.517770 0.138038 0.844310
vn 0.626908 0.133883 0.767504
vn 0.621976 0.200416 0.756954
vn 0.531028 0.066555 0.844737
vn 0.625142 0.074615 0.776936
vn 0.792356 0.088820 0.603559
vn 0.799047 0.131406 0.586734
vn 0.804201 0.184084 0.565132
vn 0.525719 -0.021637 0.850383
vn 0.607572 0.003183 0.794258
vn 0.602716 -0.109618 0.790390
vn 0.767122 -0.032638 0.640671
vn 0.778479 0.041113 0.626323
vn 0.920549 0.071050 0.384110
vn 0.924600 0.099787 0.367638
vn 0.915545 0.031010 0.401019
vn 0.926505 0.128976 0.353488
vn 0.927552 0.169558 0.333013
vn 0.688771 0.346386 -0.636876
vn 0.737100 0.436850 -0.515602
vn 0.853219 0.405265 -0.328295
vn 0.829255 0.311601 -0.463940
vn 0.809607 0.458371 -0.366650
vn 0.878248 0.418121 -0.232069
vn 0.894982 0.431606 -0.112801
vn 0.875403 0.443044 -0.193343
vn 0.903118 0.415996 -0.106418
vn 0.910443 0.365077 -0.194456
vn 0.905105 0.420418 -0.063508
vn 0.916738 0.277839 -0.287048
vn 0.954899 0.230358 -0.187360
vn 0.915569 0.378191 -0.136770
vn 0.969433 0.224965 -0.097935
vn 0.933428 0.349254 -0.082060
vn 0.920805 0.384602 -0.064801
vn 0.910394 0.404713 -0.085966
vn 0.973725 0.227654 0.005822
vn 0.935308 0.353579 -0.013430
vn 0.915068 0.378749 0.138562
vn 0.922543 0.384971 0.026675
vn 0.924995 0.378367 -0.034966
vn 0.922947 0.383230 -0.036125
vn 0.918738 0.391888 -0.048424
vn 0.925960 0.377576 -0.005869
vn 0.912973 0.404117 -0.056307
vn 0.831124 0.412711 0.372696
vn 0.719827 0.390327 0.574015
vn 0.869901 0.349294 0.348233
vn 0.906756 0.386955 0.167510
vn 0.647002 0.305287 0.698705
vn 0.827859 0.264906 0.494443
vn 0.931310 0.234141 0.278997
vn 0.934008 0.309442 0.178534
vn 0.930404 0.359507 0.071439
vn 0.634997 -0.295356 0.713824
vn 0.686232 -0.433941 0.583765
vn 0.846155 -0.286837 0.449163
vn 0.790881 -0.158768 0.591016
vn 0.776413 -0.468512 0.421522
vn 0.867434 -0.417994 0.269889
vn 0.937683 -0.319698 0.136177
vn 0.900615 -0.337987 0.273235
vn 0.958772 -0.228448 0.169020
vn 0.944006 -0.154367 0.291587
vn 0.965886 -0.247104 0.077488
vn 0.922078 -0.046289 0.384227
vn 0.931230 -0.341969 0.125965
vn 0.952878 -0.303339 -0.003094
vn 0.962738 -0.270429 -0.001970
vn 0.956476 -0.285907 0.058407
vn 0.931535 -0.338561 -0.132738
vn 0.868108 -0.411527 -0.277551
vn 0.937910 -0.317484 -0.139743
vn 0.956509 -0.284956 -0.062374
vn 0.971313 -0.235574 -0.032480
vn 0.973190 -0.229999 -0.001186
vn 0.965971 -0.246221 -0.079214
vn 0.971317 -0.235866 0.030193
vn 0.777839 -0.460208 -0.427989
vn 0.691996 -0.424392 -0.583981
vn 0.849904 -0.278379 -0.447401
vn 0.901796 -0.332949 -0.275515
vn 0.649598 -0.286789 -0.704112
vn 0.797773 -0.149629 -0.584098
vn 0.923741 -0.041109 -0.380806
vn 0.945104 -0.149167 -0.290737
vn 0.959283 -0.225654 -0.169874
vn -0.633522 -0.022702 0.773392
vn -0.731750 0.000559 0.681573
vn -0.709925 -0.106934 0.696112
vn -0.652119 0.066308 0.755211
vn -0.749158 0.067954 0.658897
vn -0.852762 0.070610 0.517505
vn -0.846014 0.031021 0.532257
vn -0.835321 -0.033759 0.548725
vn -0.632329 0.139232 0.762086
vn -0.742480 0.122165 0.658634
vn -0.729302 0.186897 0.658171
vn -0.845504 0.145317 0.513815
vn -0.850733 0.104499 0.515105
vn -0.932894 0.090026 0.348718
vn -0.934719 0.071834 0.348053
vn -0.929087 0.113447 0.352032
vn -0.933540 0.051062 0.354817
vn -0.930385 0.017065 0.366187
vn -0.681904 0.143134 -0.717300
vn -0.769223 0.122417 -0.627144
vn -0.752922 0.183689 -0.631955
vn -0.705222 0.067940 -0.705724
vn -0.776437 0.068892 -0.626418
vn -0.862837 0.071166 -0.500448
vn -0.860627 0.104051 -0.498493
vn -0.854509 0.142781 -0.499427
vn -0.680701 -0.024469 -0.732152
vn -0.756738 0.002579 -0.653714
vn -0.730036 -0.101177 -0.675877
vn -0.843733 -0.028327 -0.536015
vn -0.855657 0.033121 -0.516482
vn -0.935446 0.052334 -0.349574
vn -0.936592 0.072160 -0.342911
vn -0.932314 0.020108 -0.361091
vn -0.934748 0.089654 -0.343814
vn -0.930890 0.112147 -0.347658
vn -0.750500 0.301175 0.588254
vn -0.798755 0.403027 0.446722
vn -0.890382 0.322233 0.321537
vn -0.859269 0.221890 0.460892
vn -0.854531 0.428743 0.293183
vn -0.906043 0.389989 0.164302
vn -0.925137 0.372618 0.072643
vn -0.911999 0.376015 0.163924
vn -0.938481 0.330191 0.101131
vn -0.940491 0.257641 0.221580
vn -0.936131 0.349830 0.035759
vn -0.931647 0.165717 0.323377
vn -0.935489 0.344559 0.078357
vn -0.947066 0.321025 0.002985
vn -0.939917 0.341402 0.001066
vn -0.935525 0.351539 0.034834
vn -0.936758 0.342394 -0.072463
vn -0.909453 0.384879 -0.157360
vn -0.926762 0.368791 -0.071456
vn -0.936342 0.349563 -0.032706
vn -0.939393 0.342536 -0.014470
vn -0.940285 0.340389 0.000226
vn -0.936785 0.348092 -0.035570
vn -0.939073 0.343394 0.014908
vn -0.861770 0.419487 -0.285276
vn -0.811000 0.390939 -0.435254
vn -0.894775 0.315647 -0.315824
vn -0.914397 0.370592 -0.162909
vn -0.768457 0.290807 -0.570004
vn -0.866308 0.216046 -0.450371
vn -0.933179 0.163013 -0.320318
vn -0.941620 0.254412 -0.220515
vn -0.939342 0.327701 -0.101239
vn -0.711029 -0.272612 -0.648167
vn -0.709433 -0.409033 -0.573932
vn -0.860474 -0.264056 -0.435729
vn -0.843214 -0.138892 -0.519326
vn -0.763140 -0.459328 -0.454572
vn -0.847113 -0.427499 -0.315663
vn -0.926884 -0.335850 -0.167605
vn -0.892823 -0.335300 -0.300734
vn -0.954421 -0.229239 -0.191130
vn -0.945271 -0.145736 -0.291931
vn -0.960614 -0.260047 -0.097957
vn -0.934228 -0.046187 -0.353673
vn -0.918348 -0.362699 -0.158385
vn -0.944226 -0.329270 -0.004284
vn -0.956081 -0.293089 -0.002839
vn -0.948446 -0.307169 -0.078084
vn -0.917851 -0.367761 0.149336
vn -0.845779 -0.436809 0.306359
vn -0.926342 -0.339660 0.162854
vn -0.948308 -0.308966 0.072465
vn -0.966843 -0.252480 0.038312
vn -0.969205 -0.246251 -0.001750
vn -0.960381 -0.261808 0.095527
vn -0.966891 -0.251768 -0.041655
vn -0.760633 -0.470465 0.447325
vn -0.702953 -0.420239 0.573808
vn -0.856314 -0.273853 0.437872
vn -0.891040 -0.342360 0.298056
vn -0.697474 -0.281505 0.659003
vn -0.836690 -0.148197 0.527245
vn -0.932446 -0.051753 0.357585
vn -0.943878 -0.152017 0.293232
vn -0.953626 -0.233356 0.190114
vn -0.489940 -0.869373 -0.064417
vn -0.525802 -0.798997 -0.291782
vn -0.403804 -0.903805 0.141698
vn -0.580018 -0.807116 0.110193
vn -0.645790 -0.762664 -0.036048
vn -0.705041 -0.686861 -0.176464
vn -0.314048 -0.889955 0.330689
vn -0.321988 -0.804146 0.499673
vn -0.512685 -0.755347 0.408172
vn -0.518483 -0.814088 0.261605
vn -0.726535 -0.660585 0.189141
vn -0.741788 -0.664926 0.087318
vn -0.725996 -0.626181 0.284300
vn -0.753493 -0.657262 -0.015965
vn -0.792993 -0.599364 -0.109205
vn -0.453899 -0.548083 0.702553
vn -0.606022 -0.221110 0.764099
vn -0.756098 -0.266331 0.597815
vn -0.623988 -0.547427 0.557640
vn -0.755108 -0.031261 0.654854
vn -0.891786 0.197695 0.406983
vn -0.914943 0.212016 0.343408
vn -0.857664 -0.036586 0.512908
vn -0.923850 -0.148357 0.352834
vn -0.867959 -0.306080 0.391104
vn -0.964940 0.000036 0.262471
vn -0.792331 -0.488042 0.366097
vn -0.948842 -0.135675 0.285118
vn -0.864540 0.467990 0.183180
vn -0.949361 0.296108 0.105046
vn -0.806637 0.589465 0.043214
vn -0.912566 0.406046 0.048474
vn -0.900334 0.401582 0.167724
vn -0.924216 -0.381870 0.000954
vn -0.975650 0.217021 -0.031758
vn -0.960498 -0.159186 -0.228261
vn -0.986377 -0.070899 -0.148436
vn -0.970105 0.237711 -0.048883
vn -0.999431 -0.025372 -0.022220
vn -0.998183 0.011886 0.059073
vn -0.986027 -0.134748 -0.097951
vn -0.987231 0.050555 0.151061
vn -0.791364 -0.256746 -0.554819
vn -0.610895 -0.303731 -0.731133
vn -0.830593 -0.353009 -0.430697
vn -0.924717 -0.228570 -0.304391
vn -0.558188 -0.569384 -0.603513
vn -0.759416 -0.543281 -0.357957
vn -0.867653 -0.463516 -0.179810
vn -0.921381 -0.336422 -0.194620
vn -0.956279 -0.249950 -0.151842
vn 0.996810 -0.079709 0.003994
vn 0.962711 -0.166272 0.213404
vn 0.992220 -0.071118 -0.102182
vn 0.912403 -0.400815 -0.082867
vn 0.930872 -0.365307 -0.005215
vn 0.919019 -0.373553 0.125948
vn 0.966211 -0.158625 -0.203162
vn 0.890332 -0.259438 -0.374168
vn 0.802647 -0.528996 -0.275538
vn 0.869893 -0.467374 -0.157634
vn 0.797162 -0.590932 -0.123821
vn 0.823353 -0.564451 -0.059042
vn 0.778901 -0.589515 -0.213974
vn 0.853440 -0.521174 0.004209
vn 0.886156 -0.453998 0.092811
vn 0.671733 -0.370103 -0.641715
vn 0.458669 -0.335156 -0.822979
vn 0.635631 -0.333735 -0.696128
vn 0.708394 -0.504557 -0.493559
vn 0.392633 -0.165914 -0.904606
vn 0.385239 -0.012292 -0.922735
vn 0.626480 0.051857 -0.777711
vn 0.619515 -0.114129 -0.776644
vn 0.866796 -0.046236 -0.496515
vn 0.845709 -0.265882 -0.462691
vn 0.867544 0.106721 -0.485776
vn 0.803369 -0.482758 -0.348631
vn 0.559669 -0.205713 0.802778
vn 0.551875 0.006555 0.833901
vn 0.598167 -0.358389 0.716766
vn 0.797732 -0.253840 0.546982
vn 0.772031 -0.060003 0.632746
vn 0.749777 0.132462 0.648296
vn 0.784941 -0.322592 0.528963
vn 0.860630 -0.367421 0.352586
vn 0.918571 -0.330387 0.216958
vn 0.935007 -0.149695 0.321487
vn 0.926840 0.039944 0.373326
vn 0.898734 0.194042 0.393224
vn 0.388077 0.141328 -0.910726
vn 0.419150 0.345064 -0.839788
vn 0.618393 0.408157 -0.671564
vn 0.621729 0.205579 -0.755771
vn 0.524076 0.570465 -0.632388
vn 0.610272 0.735391 -0.294563
vn 0.613717 0.762426 -0.205083
vn 0.624939 0.621294 -0.472701
vn 0.749397 0.584529 -0.311015
vn 0.810458 0.408692 -0.419677
vn 0.675903 0.721535 -0.150140
vn 0.849006 0.241024 -0.470209
vn 0.774515 0.627075 -0.083087
vn 0.622783 0.780667 -0.051967
vn 0.783990 0.613613 0.094016
vn 0.610964 0.787003 0.085727
vn 0.561442 0.824548 0.070021
vn 0.587072 0.808906 -0.031910
vn 0.736413 0.627916 0.251828
vn 0.569466 0.795606 0.206687
vn 0.535789 0.754318 0.379389
vn 0.540815 0.789786 0.289409
vn 0.540559 0.825502 0.162301
vn 0.600143 0.789375 0.129287
vn 0.613690 0.787700 0.053976
vn 0.614244 0.756838 0.223384
vn 0.633814 0.773028 -0.026622
vn 0.493834 0.625434 0.604120
vn 0.481096 0.439234 0.758696
vn 0.638226 0.494153 0.590322
vn 0.578567 0.671618 0.462805
vn 0.518722 0.224477 0.824947
vn 0.702373 0.307334 0.642042
vn 0.851161 0.331960 0.406605
vn 0.780253 0.487690 0.391617
vn 0.690674 0.643841 0.329301
vn -0.454598 -0.888783 0.058359
vn -0.408850 -0.908843 0.082748
vn -0.505667 -0.860385 0.063556
vn -0.544332 -0.837755 0.043242
vn -0.372808 -0.920028 0.120680
vn -0.466275 -0.879164 0.098274
vn -0.527942 -0.846138 0.072991
vn -0.556761 -0.829724 0.039682
vn -0.583114 -0.811851 0.029613
vn -0.365507 -0.917428 0.157257
vn -0.438862 -0.888120 0.136538
vn -0.373479 -0.910603 0.176964
vn -0.420785 -0.890866 0.171166
vn -0.475439 -0.865612 0.157078
vn -0.500221 -0.858300 0.114455
vn -0.544343 -0.833472 0.094945
vn -0.567380 -0.821646 0.054577
vn -0.518414 -0.843496 0.140574
vn -0.556423 -0.822112 0.120520
vn -0.584067 -0.807530 0.082225
vn -0.603323 -0.796272 0.044195
vn -0.584583 -0.811024 0.022413
vn -0.600875 -0.799214 0.014337
vn -0.613898 -0.789306 0.011229
vn -0.616621 -0.787260 -0.000237
vn -0.538403 -0.109694 0.835518
vn -0.577946 -0.498829 0.645869
vn -0.474382 0.296977 0.828714
vn -0.585128 0.234763 0.776216
vn -0.636662 -0.158678 0.754641
vn -0.623692 -0.500169 0.600699
vn -0.313259 0.749537 0.583150
vn -0.090651 0.951574 0.293750
vn -0.121869 0.931015 0.344033
vn -0.395807 0.680816 0.616300
vn -0.632707 0.547088 0.548066
vn -0.745208 0.181023 0.641791
vn -0.435505 0.833588 0.339804
vn -0.763865 -0.160155 0.625189
vn -0.718770 -0.461359 0.520113
vn 0.038761 0.992359 0.117142
vn 0.079118 0.996577 -0.023961
vn 0.067578 0.997500 -0.020686
vn 0.026387 0.990257 0.136726
vn 0.049308 0.981755 -0.183647
vn -0.080054 0.902902 -0.422326
vn -0.102881 0.889734 -0.444735
vn 0.040875 0.980467 -0.192390
vn -0.333667 0.926408 -0.174454
vn -0.330364 0.943785 -0.011354
vn -0.421229 0.814985 -0.397953
vn -0.341731 0.928834 0.143137
vn -0.282387 0.625564 -0.727274
vn -0.404157 0.247351 -0.880610
vn -0.530312 0.257197 -0.807848
vn -0.364624 0.597657 -0.714042
vn -0.460116 -0.025277 -0.887499
vn -0.549775 -0.283379 -0.785776
vn -0.685504 -0.193012 -0.702019
vn -0.611161 0.024015 -0.791142
vn -0.778889 0.043110 -0.625678
vn -0.722172 0.252999 -0.643785
vn -0.814467 -0.145458 -0.561681
vn -0.609649 0.526555 -0.592510
vn -0.425292 -0.902329 0.070202
vn -0.479232 -0.870719 -0.110388
vn -0.458825 -0.870426 0.178432
vn -0.229262 -0.962977 0.141825
vn -0.231882 -0.968889 0.086511
vn -0.369353 -0.929288 -0.001293
vn -0.473878 -0.848876 0.234201
vn -0.490534 -0.807906 0.326595
vn -0.347221 -0.906988 0.238349
vn -0.281149 -0.940531 0.190676
vn -0.310195 -0.934738 0.173330
vn -0.285795 -0.948904 0.133803
vn -0.346646 -0.916129 0.201354
vn -0.298973 -0.950458 0.085112
vn -0.391566 -0.919497 0.034648
vn -0.519854 -0.754816 0.400007
vn -0.556738 -0.722709 0.409555
vn -0.500311 -0.815246 0.291657
vn -0.435705 -0.854238 0.283618
vn -0.631851 -0.676125 0.378971
vn -0.749494 -0.589456 0.301331
vn -0.657438 -0.719418 0.224086
vn -0.563181 -0.779539 0.274128
vn -0.524535 -0.827804 0.199005
vn -0.472055 -0.855262 0.213753
vn -0.594129 -0.787794 0.162458
vn -0.411280 -0.884492 0.220277
vn -0.867054 -0.465171 0.178419
vn -0.931464 -0.362028 0.036212
vn -0.817341 -0.574938 0.037426
vn -0.757393 -0.638255 0.137795
vn -0.943452 -0.308217 -0.122071
vn -0.900922 -0.321149 -0.291897
vn -0.813138 -0.553944 -0.178755
vn -0.839023 -0.539105 -0.073532
vn -0.701643 -0.712263 -0.019460
vn -0.685183 -0.727274 0.039957
vn -0.692815 -0.718451 -0.061931
vn -0.655731 -0.748415 0.099462
vn -0.818729 -0.388286 -0.422985
vn -0.738097 -0.486550 -0.467420
vn -0.689032 -0.694011 -0.208769
vn -0.752291 -0.618223 -0.227726
vn -0.659641 -0.660116 -0.359334
vn -0.575581 -0.807677 -0.127925
vn -0.543016 -0.839476 -0.020361
vn -0.620207 -0.783274 -0.042732
vn -0.656398 -0.752268 -0.056875
vn 0.898017 0.370169 0.237784
vn 0.768254 0.458902 0.446313
vn 0.935385 0.344189 0.081175
vn 0.982279 0.177203 0.061058
vn 0.952651 0.212820 0.217172
vn 0.838407 0.345121 0.421859
vn 0.917804 0.386959 -0.088872
vn 0.812390 0.472096 -0.342268
vn 0.872574 0.362871 -0.327016
vn 0.968020 0.231110 -0.097603
vn 0.976786 0.172178 -0.127455
vn 0.991873 0.120069 0.042078
vn 0.882188 0.315499 -0.349579
vn 0.862885 0.358172 -0.356570
vn 0.963237 0.225646 -0.145806
vn 0.983917 0.176836 0.025247
vn 0.964414 0.159077 0.211187
vn 0.855992 0.303512 0.418519
vn 0.958075 0.207900 0.197157
vn 0.851141 0.337415 0.402132
vn 0.549443 0.530491 -0.645516
vn 0.149217 0.573157 -0.805745
vn 0.225397 0.595406 -0.771160
vn 0.618051 0.504985 -0.602497
vn -0.346902 0.605842 -0.715971
vn -0.704732 0.548493 -0.450010
vn -0.684455 0.545826 -0.483317
vn -0.275282 0.616093 -0.738004
vn -0.146287 0.692641 -0.706293
vn 0.295950 0.629605 -0.718339
vn -0.576344 0.653540 -0.490625
vn -0.468980 0.742692 -0.477982
vn -0.052109 0.751103 -0.658125
vn 0.330708 0.671666 -0.662946
vn 0.642711 0.495317 -0.584451
vn 0.635306 0.534273 -0.557619
vn -0.850151 0.486359 -0.201739
vn -0.883900 0.467663 -0.003489
vn -0.892769 0.450500 -0.003557
vn -0.855755 0.471779 -0.212387
vn -0.851284 0.489874 0.187989
vn -0.715614 0.559694 0.417900
vn -0.688645 0.565319 0.454073
vn -0.854626 0.479471 0.199301
vn -0.783633 0.583872 0.212163
vn -0.835303 0.549788 -0.001226
vn -0.569347 0.670897 0.475123
vn -0.460653 0.751264 0.472653
vn -0.700783 0.679622 0.216834
vn -0.761009 0.648741 0.000292
vn -0.787938 0.575785 -0.218231
vn -0.704841 0.675040 -0.217989
vn -0.381528 0.635774 0.670990
vn 0.098770 0.613149 0.783768
vn 0.193221 0.621625 0.759110
vn -0.295701 0.648436 0.701492
vn 0.496172 0.540089 0.679792
vn 0.578344 0.506568 0.639459
vn 0.615207 0.493681 0.614654
vn 0.280341 0.640169 0.715257
vn 0.622360 0.521625 0.583588
vn 0.324258 0.668162 0.669639
vn -0.146692 0.712021 0.686664
vn -0.048026 0.756360 0.652390
vn -0.320331 -0.332118 0.887178
vn -0.481529 -0.144695 0.864404
vn -0.155653 -0.449600 0.879563
vn -0.117240 -0.287386 0.950613
vn -0.246693 -0.213014 0.945393
vn -0.375151 -0.090622 0.922523
vn -0.043370 -0.493075 0.868905
vn -0.000148 -0.499421 0.866360
vn -0.000064 -0.313743 0.949508
vn -0.031082 -0.312506 0.949407
vn -0.018810 -0.149239 0.988622
vn -0.074043 -0.138549 0.987584
vn -0.000013 -0.148846 0.988860
vn -0.161326 -0.106156 0.981175
vn -0.261364 -0.041023 0.964368
vn -0.053100 0.445557 0.893677
vn -0.010623 0.442769 0.896573
vn -0.162037 0.420218 0.892839
vn -0.117996 0.317635 0.940843
vn -0.033630 0.332339 0.942560
vn -0.002738 0.330579 0.943774
vn -0.317470 0.343467 0.883880
vn -0.460410 0.222510 0.859367
vn -0.356495 0.187853 0.915217
vn -0.238919 0.269454 0.932905
vn -0.162636 0.193554 0.967515
vn -0.077192 0.215950 0.973348
vn -0.258167 0.147811 0.954726
vn -0.020327 0.222951 0.974618
vn -0.000344 0.221889 0.975072
vn -0.528576 0.134418 0.838176
vn -0.555188 0.065434 0.829147
vn -0.438666 0.064242 0.896351
vn -0.418133 0.118087 0.900678
vn -0.546516 -0.014711 0.837319
vn -0.431773 0.004292 0.901972
vn -0.301322 0.019350 0.953326
vn -0.304255 0.060569 0.950663
vn -0.298825 0.099518 0.949105
vn -0.000242 -0.499741 0.866175
vn -0.000285 -0.499720 0.866187
vn -0.000122 -0.314298 0.949324
vn -0.000104 -0.314215 0.949352
vn -0.000251 -0.499315 0.866421
vn -0.000157 -0.498639 0.866810
vn -0.000068 -0.313211 0.949683
vn -0.000107 -0.313923 0.949448
vn -0.000022 -0.149055 0.988829
vn -0.000025 -0.149237 0.988802
vn -0.000013 -0.148672 0.988887
vn -0.000021 -0.149152 0.988814
vn -0.010175 0.422857 0.906140
vn -0.009993 0.416005 0.909308
vn -0.010330 0.429123 0.903187
vn -0.002717 0.326618 0.945153
vn -0.002696 0.324547 0.945866
vn -0.002670 0.322148 0.946686
vn -0.010473 0.435486 0.900135
vn -0.002730 0.328537 0.944487
vn -0.000345 0.221725 0.975109
vn -0.000345 0.221492 0.975162
vn -0.000344 0.221133 0.975244
vn -0.000342 0.220646 0.975354
vn 0.044549 -0.490900 0.870076
vn 0.158034 -0.442453 0.882757
vn 0.120045 -0.281211 0.952108
vn 0.032152 -0.310880 0.949905
vn 0.311165 -0.317345 0.895806
vn 0.441643 -0.132256 0.887389
vn 0.358551 -0.079017 0.930160
vn 0.245254 -0.200291 0.948543
vn 0.165883 -0.099762 0.981086
vn 0.077680 -0.135800 0.987686
vn 0.260933 -0.034360 0.964745
vn 0.019799 -0.148643 0.988693
vn 0.484319 -0.010377 0.874830
vn 0.482414 0.064554 0.873562
vn 0.405564 0.063458 0.911861
vn 0.402603 0.009035 0.915330
vn 0.460933 0.127488 0.878230
vn 0.402602 0.202738 0.892642
vn 0.333509 0.174247 0.926504
vn 0.387643 0.111948 0.914987
vn 0.294778 0.096642 0.950666
vn 0.300058 0.060571 0.951996
vn 0.256519 0.141522 0.956122
vn 0.297329 0.022327 0.954514
vn 0.270897 0.305185 0.912950
vn 0.131639 0.374116 0.917991
vn 0.111045 0.299089 0.947742
vn 0.225427 0.249678 0.941724
vn 0.030858 0.405461 0.913591
vn 0.028513 0.318776 0.947401
vn 0.020648 0.220671 0.975130
vn 0.079643 0.211571 0.974112
vn 0.165161 0.186696 0.968435
vn -0.353013 0.352376 -0.866726
vn -0.513164 0.234488 -0.825638
vn -0.181466 0.411978 -0.892941
vn -0.127072 0.319765 -0.938937
vn -0.260976 0.281299 -0.923451
vn -0.396966 0.201001 -0.895554
vn -0.067878 0.413045 -0.908177
vn -0.024403 0.390301 -0.920364
vn -0.007209 0.312489 -0.949894
vn -0.038697 0.322502 -0.945778
vn -0.020676 0.216068 -0.976159
vn -0.078087 0.213578 -0.973800
vn -0.001067 0.212752 -0.977106
vn -0.168799 0.196173 -0.965931
vn -0.276876 0.153927 -0.948497
vn -0.048209 -0.543746 -0.837864
vn -0.000000 -0.549974 -0.835182
vn -0.174348 -0.497218 -0.849928
vn -0.128615 -0.314251 -0.940587
vn -0.033662 -0.337779 -0.940624
vn -0.000000 -0.337357 -0.941377
vn -0.358551 -0.366399 -0.858600
vn -0.536496 -0.160971 -0.828408
vn -0.418810 -0.104942 -0.901990
vn -0.273470 -0.236637 -0.932318
vn -0.168471 -0.110382 -0.979507
vn -0.075652 -0.140288 -0.987216
vn -0.279848 -0.046301 -0.958927
vn -0.018852 -0.148151 -0.988785
vn -0.000000 -0.146496 -0.989211
vn -0.611643 -0.020632 -0.790865
vn -0.625834 0.067720 -0.777011
vn -0.497940 0.066406 -0.864665
vn -0.486743 -0.000993 -0.873545
vn -0.592920 0.143432 -0.792385
vn -0.472211 0.126717 -0.872330
vn -0.324684 0.103729 -0.940118
vn -0.330489 0.061588 -0.941798
vn -0.326611 0.017038 -0.945005
vn -0.019872 0.368374 -0.929465
vn -0.011673 0.355230 -0.934706
vn -0.003329 0.300635 -0.953734
vn -0.005824 0.305078 -0.952310
vn -0.002032 0.350358 -0.936614
vn 0.005749 0.352888 -0.935648
vn 0.001989 0.300342 -0.953829
vn -0.000395 0.299098 -0.954222
vn 0.000040 0.210736 -0.977543
vn -0.000427 0.210906 -0.977506
vn 0.000411 0.211072 -0.977471
vn -0.000833 0.211576 -0.977361
vn -0.000000 -0.550346 -0.834937
vn -0.000000 -0.549890 -0.835237
vn 0.000000 -0.550538 -0.834810
vn 0.000000 -0.338104 -0.941109
vn -0.000000 -0.337849 -0.941200
vn -0.000000 -0.337246 -0.941417
vn -0.000000 -0.550393 -0.834906
vn 0.000000 -0.337912 -0.941178
vn 0.000000 -0.146785 -0.989168
vn -0.000000 -0.146886 -0.989154
vn 0.000000 -0.146753 -0.989173
vn -0.000000 -0.146439 -0.989220
vn 0.049246 0.360081 -0.931621
vn 0.154133 0.357919 -0.920944
vn 0.121649 0.298492 -0.946628
vn 0.034596 0.304561 -0.951864
vn 0.313450 0.316309 -0.895376
vn 0.468475 0.220760 -0.855451
vn 0.380856 0.188852 -0.905143
vn 0.251223 0.261734 -0.931870
vn 0.173086 0.190082 -0.966390
vn 0.081088 0.209360 -0.974471
vn 0.278683 0.148318 -0.948861
vn 0.021185 0.213407 -0.976734
vn 0.535185 0.141188 -0.832852
vn 0.556298 0.069231 -0.828094
vn 0.467023 0.066418 -0.881747
vn 0.447073 0.121601 -0.886193
vn 0.550588 -0.015009 -0.834642
vn 0.498293 -0.147247 -0.854414
vn 0.403575 -0.092357 -0.910273
vn 0.458397 0.004645 -0.888735
vn 0.324892 0.020170 -0.945536
vn 0.328901 0.061766 -0.942342
vn 0.281391 -0.039666 -0.958773
vn 0.323922 0.101156 -0.940661
vn 0.352616 -0.350899 -0.867486
vn 0.179122 -0.490765 -0.852681
vn 0.132769 -0.308608 -0.941878
vn 0.274148 -0.223511 -0.935353
vn 0.050187 -0.542529 -0.838537
vn 0.035119 -0.336817 -0.940915
vn 0.019914 -0.147845 -0.988810
vn 0.079705 -0.138069 -0.987210
vn 0.174226 -0.104419 -0.979154
vn 0.921510 0.349014 0.170320
vn 0.820602 0.445591 0.357857
vn 0.943763 0.330338 0.013753
vn 0.863175 0.504876 0.005372
vn 0.846498 0.515860 0.131646
vn 0.762556 0.581005 0.284504
vn 0.918246 0.370313 -0.140332
vn 0.818334 0.473219 -0.326180
vn 0.753142 0.602065 -0.265133
vn 0.839092 0.531016 -0.118093
vn 0.732396 0.675606 -0.084577
vn 0.744122 0.668043 0.000988
vn 0.674662 0.713700 -0.188316
vn 0.736494 0.670704 0.087939
vn 0.680749 0.705924 0.195581
vn 0.615971 0.609400 -0.499211
vn 0.356520 0.722285 -0.592620
vn 0.392986 0.791696 -0.467739
vn 0.590821 0.701941 -0.397756
vn 0.026817 0.802389 -0.596199
vn -0.357036 0.820162 -0.447056
vn -0.160055 0.917907 -0.363082
vn 0.144158 0.869663 -0.472129
vn 0.268462 0.912524 -0.308590
vn 0.426362 0.851070 -0.306424
vn 0.065992 0.967527 -0.244002
vn 0.556789 0.785307 -0.270701
vn -0.594406 0.776333 -0.209733
vn -0.654536 0.756030 0.000677
vn -0.419948 0.907548 0.000581
vn -0.363977 0.914588 -0.176210
vn -0.593179 0.777027 0.210635
vn -0.354043 0.821155 0.447614
vn -0.163131 0.915726 0.367199
vn -0.365962 0.913478 0.177847
vn -0.053895 0.991536 0.118120
vn -0.072612 0.997360 0.000186
vn 0.063239 0.967054 0.246590
vn -0.052364 0.991709 -0.117353
vn 0.027244 0.799473 0.600084
vn 0.353622 0.711911 0.606740
vn 0.391657 0.782308 0.484355
vn 0.140726 0.864947 0.481730
vn 0.614400 0.589607 0.524287
vn 0.595021 0.686004 0.418747
vn 0.559846 0.779921 0.279815
vn 0.426175 0.848331 0.314182
vn 0.266280 0.911330 0.313964
s 1
g pCube4
usemtl initialShadingGroup
f 1/1855/1 1191/1856/2 1783/1857/3 1194/1858/4
f 1191/1856/2 303/1859/5 1192/1860/6 1783/1857/3
f 1783/1857/3 1192/1860/6 451/1867/7 1193/1861/8
f 1194/1858/4 1783/1857/3 1193/1861/8 306/1862/9
f 303/1859/5 1195/1865/10 1784/1866/11 1192/1860/6
f 1195/1865/10 3/1873/12 1196/1874/13 1784/1866/11
f 1784/1866/11 1196/1874/13 304/1885/14 1197/1875/15
f 1192/1860/6 1784/1866/11 1197/1875/15 451/1867/7
f 451/1867/7 1197/1875/15 1785/1886/16 1200/1876/17
f 1197/1875/15 304/1885/14 1198/1898/18 1785/1886/16
f 1785/1886/16 1198/1898/18 4/1910/19 1199/1899/20
f 1200/1876/17 1785/1886/16 1199/1899/20 305/1887/21
f 306/1862/9 1193/1861/8 1786/1868/22 1202/1869/23
f 1193/1861/8 451/1867/7 1200/1876/17 1786/1868/22
f 1786/1868/22 1200/1876/17 305/1887/21 1201/1877/24
f 1202/1869/23 1786/1868/22 1201/1877/24 2/1878/25
f 3/1873/12 1203/1883/26 1787/1884/27 1196/1874/13
f 1203/1883/26 307/1895/28 1204/1896/29 1787/1884/27
f 1787/1884/27 1204/1896/29 452/1908/30 1205/1897/31
f 1196/1874/13 1787/1884/27 1205/1897/31 304/1885/14
f 307/99/28 1206/98/32 1788/107/33 1204/108/29
f 1206/1938/32 5/1939/34 1207/1940/35 1788/1941/33
f 1788/1941/33 1207/1940/35 308/1944/36 1208/1945/37
f 1204/1896/29 1788/1918/33 1208/1919/37 452/1908/30
f 452/1908/30 1208/1919/37 1789/1927/38 1211/1920/39
f 1208/43/37 308/44/36 1209/36/40 1789/29/38
f 1789/29/38 1209/36/40 6/30/41 1210/21/42
f 1211/28/39 1789/29/38 1210/21/42 309/12/43
f 304/1885/14 1205/1897/31 1790/1909/44 1198/1898/18
f 1205/1897/31 452/1908/30 1211/1920/39 1790/1909/44
f 1790/1909/44 1211/1920/39 309/1928/43 1212/1921/45
f 1198/1898/18 1790/1909/44 1212/1921/45 4/1910/19
f 5/1939/34 1213/1942/46 1791/1943/47 1207/1940/35
f 1213/1942/46 310/1946/48 1214/1947/49 1791/1943/47
f 1791/1943/47 1214/1947/49 453/1951/50 1215/1948/51
f 1207/1940/35 1791/1943/47 1215/1948/51 308/1944/36
f 310/1946/48 1216/1949/52 1792/1950/53 1214/1947/49
f 1216/1949/52 7/1954/54 1217/1955/55 1792/1950/53
f 1792/1950/53 1217/1955/55 311/1960/56 1218/1956/57
f 1214/1947/49 1792/1950/53 1218/1956/57 453/1951/50
f 453/1951/50 1218/1956/57 1793/1961/58 1221/1957/59
f 1218/1956/57 311/1960/56 1219/1967/60 1793/1961/58
f 1793/1961/58 1219/1967/60 8/1973/61 1220/1968/62
f 1221/1957/59 1793/1961/58 1220/1968/62 312/1962/63
f 308/1944/36 1215/1948/51 1794/1952/64 1209/1953/40
f 1215/1948/51 453/1951/50 1221/1957/59 1794/1952/64
f 1794/1952/64 1221/1957/59 312/1962/63 1222/1963/65
f 1209/36/40 1794/37/64 1222/22/65 6/30/41
f 13/1183/66 1223/1184/67 1795/1185/68 1226/1186/69
f 1223/1184/67 313/1189/70 1224/1190/71 1795/1185/68
f 1795/1185/68 1224/1190/71 454/1199/72 1225/1191/73
f 1226/1186/69 1795/1185/68 1225/1191/73 316/1192/74
f 313/1189/70 1227/1197/75 1796/1198/76 1224/1190/71
f 1227/1197/75 16/1208/77 1228/1209/78 1796/1198/76
f 1796/1198/76 1228/1209/78 314/1217/79 1229/1210/80
f 1224/1190/71 1796/1198/76 1229/1210/80 454/1199/72
f 454/1199/72 1229/1210/80 1797/1218/81 1232/1211/82
f 1229/1210/80 314/1217/79 1230/1223/83 1797/1218/81
f 1797/69/81 1230/72/83 15/67/84 1231/64/85
f 1232/68/82 1797/69/81 1231/64/85 315/63/86
f 316/1192/74 1225/1191/73 1798/1200/87 1234/1201/88
f 1225/1191/73 454/1199/72 1232/1211/82 1798/1200/87
f 1798/71/87 1232/68/82 315/63/86 1233/66/89
f 1234/73/88 1798/71/87 1233/66/89 14/70/90
f 2/17/25 1201/18/24 1799/1/91 1237/9/92
f 1201/1877/24 305/1887/21 1235/1900/93 1799/1901/91
f 1799/1/91 1235/2/93 455/3/94 1236/4/95
f 1237/9/92 1799/1/91 1236/4/95 317/10/96
f 305/1887/21 1199/1899/20 1800/1911/97 1235/1900/93
f 1199/1899/20 4/1910/19 1212/1921/45 1800/1911/97
f 1800/5/97 1212/11/45 309/12/43 1238/6/98
f 1235/2/93 1800/5/97 1238/6/98 455/3/94
f 455/3/94 1238/6/98 1801/13/99 1239/7/100
f 1238/6/98 309/12/43 1210/21/42 1801/13/99
f 1801/13/99 1210/21/42 6/30/41 1222/22/65
f 1239/7/100 1801/13/99 1222/22/65 312/14/63
f 317/10/96 1236/4/95 1802/8/101 1240/16/102
f 1236/4/95 455/3/94 1239/7/100 1802/8/101
f 1802/8/101 1239/7/100 312/14/63 1220/15/62
f 1240/16/102 1802/8/101 1220/15/62 8/23/61
f 7/78/54 1216/79/52 1803/75/103 1243/74/104
f 1216/79/52 310/86/48 1241/80/105 1803/75/103
f 1803/75/103 1241/80/105 456/81/106 1242/76/107
f 1243/74/104 1803/75/103 1242/76/107 318/77/108
f 310/86/48 1213/96/46 1804/88/109 1241/80/105
f 1213/96/46 5/106/34 1206/98/32 1804/88/109
f 1804/88/109 1206/98/32 307/99/28 1244/89/110
f 1241/80/105 1804/88/109 1244/89/110 456/81/106
f 456/81/106 1244/89/110 1805/100/111 1245/90/112
f 1244/89/110 307/99/28 1203/109/26 1805/100/111
f 1805/100/111 1203/109/26 3/115/12 1195/110/10
f 1245/90/112 1805/100/111 1195/110/10 303/101/5
f 318/77/108 1242/76/107 1806/82/113 1246/83/114
f 1242/76/107 456/81/106 1245/90/112 1806/82/113
f 1806/82/113 1245/90/112 303/101/5 1191/91/2
f 1246/83/114 1806/82/113 1191/91/2 1/92/1
f 7/1954/54 1247/1958/115 1807/1959/116 1217/1955/55
f 1247/1958/115 319/1964/117 1248/1965/118 1807/1959/116
f 1807/1959/116 1248/1965/118 457/1971/119 1249/1966/120
f 1217/1955/55 1807/1959/116 1249/1966/120 311/1960/56
f 319/1964/117 1250/1969/121 1808/1970/122 1248/1965/118
f 1250/1969/121 9/1976/123 1251/1977/124 1808/1970/122
f 1808/1970/122 1251/1977/124 320/1984/125 1252/1978/126
f 1248/1965/118 1808/1970/122 1252/1978/126 457/1971/119
f 457/1971/119 1252/1978/126 1809/1985/127 1255/1979/128
f 1252/1978/126 320/1984/125 1253/1991/129 1809/1985/127
f 1809/1985/127 1253/1991/129 10/1995/130 1254/1992/131
f 1255/1979/128 1809/1985/127 1254/1992/131 321/1986/132
f 311/1960/56 1249/1966/120 1810/1972/133 1219/1967/60
f 1249/1966/120 457/1971/119 1255/1979/128 1810/1972/133
f 1810/1972/133 1255/1979/128 321/1986/132 1256/1980/134
f 1219/1967/60 1810/1972/133 1256/1980/134 8/1973/61
f 8/23/61 1256/31/134 1811/24/135 1240/16/102
f 1256/31/134 321/38/132 1257/32/136 1811/24/135
f 1811/24/135 1257/32/136 458/26/137 1258/19/138
f 1240/16/102 1811/24/135 1258/19/138 317/10/96
f 321/38/132 1254/45/131 1812/39/139 1257/32/136
f 1254/45/131 10/50/130 1259/46/140 1812/39/139
f 1812/39/139 1259/46/140 322/41/141 1260/34/142
f 1257/32/136 1812/39/139 1260/34/142 458/26/137
f 458/26/137 1260/34/142 1813/35/143 1263/27/144
f 1260/34/142 322/41/141 1261/42/145 1813/35/143
f 1813/35/143 1261/42/145 11/47/146 1262/40/147
f 1263/27/144 1813/35/143 1262/40/147 323/33/148
f 317/10/96 1258/19/138 1814/20/149 1237/9/92
f 1258/19/138 458/26/137 1263/27/144 1814/20/149
f 1814/20/149 1263/27/144 323/33/148 1264/25/150
f 1237/9/92 1814/20/149 1264/25/150 2/17/25
f 2/1878/25 1264/1888/150 1815/1879/151 1202/1869/23
f 1264/1888/150 323/1902/148 1265/1889/152 1815/1879/151
f 1815/1879/151 1265/1889/152 459/1880/153 1266/1870/154
f 1202/1869/23 1815/1879/151 1266/1870/154 306/1862/9
f 323/1902/148 1262/1912/147 1816/1903/155 1265/1889/152
f 1262/1912/147 11/1922/146 1267/1913/156 1816/1903/155
f 1816/1903/155 1267/1913/156 324/1904/157 1268/1890/158
f 1265/1889/152 1816/1903/155 1268/1890/158 459/1880/153
f 459/1880/153 1268/1890/158 1817/1881/159 1271/1871/160
f 1268/1890/158 324/1904/157 1269/1891/161 1817/1881/159
f 1817/1881/159 1269/1891/161 12/1892/162 1270/1882/163
f 1271/1871/160 1817/1881/159 1270/1882/163 325/1872/164
f 306/1862/9 1266/1870/154 1818/1863/165 1194/1858/4
f 1266/1870/154 459/1880/153 1271/1871/160 1818/1863/165
f 1818/1863/165 1271/1871/160 325/1872/164 1272/1864/166
f 1194/1858/4 1818/1863/165 1272/1864/166 1/1855/1
f 1/92/1 1272/102/166 1819/93/167 1246/83/114
f 1272/102/166 325/111/164 1273/103/168 1819/93/167
f 1819/93/167 1273/103/168 460/94/169 1274/84/170
f 1246/83/114 1819/93/167 1274/84/170 318/77/108
f 325/1872/164 1270/1882/163 1820/1893/171 1273/1894/168
f 1270/1882/163 12/1892/162 1275/1907/172 1820/1893/171
f 1820/112/171 1275/116/172 326/113/173 1276/104/174
f 1273/103/168 1820/112/171 1276/104/174 460/94/169
f 460/94/169 1276/104/174 1821/105/175 1278/95/176
f 1276/104/174 326/113/173 1277/114/177 1821/105/175
f 1821/1975/175 1277/1981/177 9/1976/123 1250/1969/121
f 1278/1974/176 1821/1975/175 1250/1969/121 319/1964/117
f 318/77/108 1274/84/170 1822/85/178 1243/74/104
f 1274/84/170 460/94/169 1278/95/176 1822/85/178
f 1822/85/178 1278/95/176 319/97/117 1247/87/115
f 1243/74/104 1822/85/178 1247/87/115 7/78/54
f 9/1976/123 1279/1982/179 1823/1983/180 1251/1977/124
f 1279/1982/179 327/1988/181 1280/1989/182 1823/1983/180
f 1823/1983/180 1280/1989/182 461/1993/183 1281/1990/184
f 1251/1977/124 1823/1983/180 1281/1990/184 320/1984/125
f 327/1196/181 1282/1188/185 1824/1193/186 1280/1203/182
f 1282/1188/185 13/1183/66 1226/1186/69 1824/1193/186
f 1824/1193/186 1226/1186/69 316/1192/74 1283/1202/187
f 1280/1989/182 1824/1996/186 1283/1997/187 461/1993/183
f 461/1993/183 1283/1997/187 1825/2000/188 1285/1998/189
f 1283/1202/187 316/1192/74 1234/1201/88 1825/1212/188
f 1825/1212/188 1234/1201/88 14/1219/90 1284/1220/190
f 1285/1998/189 1825/2000/188 1284/2002/190 328/2001/191
f 320/1984/125 1281/1990/184 1826/1994/192 1253/1991/129
f 1281/1990/184 461/1993/183 1285/1998/189 1826/1994/192
f 1826/1994/192 1285/1998/189 328/2001/191 1286/1999/193
f 1253/1991/129 1826/1994/192 1286/1999/193 10/1995/130
f 10/50/130 1286/55/193 1827/51/194 1259/46/140
f 1286/55/193 328/60/191 1287/56/195 1827/51/194
f 1827/51/194 1287/56/195 462/53/196 1288/48/197
f 1259/46/140 1827/51/194 1288/48/197 322/41/141
f 328/60/191 1284/65/190 1828/61/198 1287/56/195
f 1284/65/190 14/70/90 1233/66/89 1828/61/198
f 1828/61/198 1233/66/89 315/63/86 1289/58/199
f 1287/56/195 1828/61/198 1289/58/199 462/53/196
f 462/53/196 1289/58/199 1829/59/200 1291/54/201
f 1289/58/199 315/63/86 1231/64/85 1829/59/200
f 1829/59/200 1231/64/85 15/67/84 1290/62/202
f 1291/54/201 1829/59/200 1290/62/202 329/57/203
f 322/41/141 1288/48/197 1830/49/204 1261/42/145
f 1288/48/197 462/53/196 1291/54/201 1830/49/204
f 1830/49/204 1291/54/201 329/57/203 1292/52/205
f 1261/42/145 1830/49/204 1292/52/205 11/47/146
f 11/1922/146 1292/1929/205 1831/1923/206 1267/1913/156
f 1292/1929/205 329/1932/203 1293/1930/207 1831/1923/206
f 1831/1923/206 1293/1930/207 463/1924/208 1294/1914/209
f 1267/1913/156 1831/1923/206 1294/1914/209 324/1904/157
f 329/1932/203 1290/1934/202 1832/1933/210 1293/1930/207
f 1290/1934/202 15/1937/84 1230/1935/83 1832/1933/210
f 1832/1933/210 1230/1935/83 314/1936/79 1295/1931/211
f 1293/1930/207 1832/1933/210 1295/1931/211 463/1924/208
f 463/1924/208 1295/1931/211 1833/1925/212 1297/1915/213
f 1295/1222/211 314/1217/79 1228/1209/78 1833/1216/212
f 1833/1216/212 1228/1209/78 16/1208/77 1296/1213/214
f 1297/1915/213 1833/1925/212 1296/1926/214 330/1916/215
f 324/1904/157 1294/1914/209 1834/1905/216 1269/1891/161
f 1294/1914/209 463/1924/208 1297/1915/213 1834/1905/216
f 1834/1905/216 1297/1915/213 330/1916/215 1298/1906/217
f 1269/1891/161 1834/1905/216 1298/1906/217 12/1892/162
f 12/1892/162 1298/1906/217 1835/1917/218 1275/1907/172
f 1298/1224/217 330/1221/215 1299/1214/219 1835/1225/218
f 1835/119/218 1299/120/219 464/121/220 1300/117/221
f 1275/116/172 1835/119/218 1300/117/221 326/113/173
f 330/1221/215 1296/1213/214 1836/1204/222 1299/1214/219
f 1296/1213/214 16/1208/77 1227/1197/75 1836/1204/222
f 1836/1204/222 1227/1197/75 313/1189/70 1301/1194/223
f 1299/1214/219 1836/1204/222 1301/1194/223 464/1205/220
f 464/1205/220 1301/1194/223 1837/1187/224 1302/1195/225
f 1301/1194/223 313/1189/70 1223/1184/67 1837/1187/224
f 1837/1187/224 1223/1184/67 13/1183/66 1282/1188/185
f 1302/1195/225 1837/1187/224 1282/1188/185 327/1196/181
f 326/113/173 1300/117/221 1838/118/226 1277/114/177
f 1300/1215/221 464/1205/220 1302/1195/225 1838/1206/226
f 1838/1206/226 1302/1195/225 327/1196/181 1279/1207/179
f 1277/1981/177 1838/1987/226 1279/1982/179 9/1976/123
s 3
f 17/2003/227 1303/2004/228 1839/2005/229 1306/2006/230
f 1303/2004/228 331/2009/231 1304/2010/232 1839/2005/229
f 1839/2005/229 1304/2010/232 465/2018/233 1305/2011/234
f 1306/2006/230 1839/2005/229 1305/2011/234 334/2012/235
f 331/2009/231 1307/2016/236 1840/2017/237 1304/2010/232
f 1307/2016/236 18/2025/238 1308/2026/239 1840/2017/237
f 1840/2017/237 1308/2026/239 332/2040/240 1309/2027/241
f 1304/2010/232 1840/2017/237 1309/2027/241 465/2018/233
f 465/2018/233 1309/2027/241 1841/2041/242 1312/2028/243
f 1309/2027/241 332/2040/240 1310/2053/244 1841/2041/242
f 1841/2041/242 1310/2053/244 20/2064/245 1311/2054/246
f 1312/2028/243 1841/2041/242 1311/2054/246 333/2042/247
f 334/2012/235 1305/2011/234 1842/2019/248 1314/2020/249
f 1305/2011/234 465/2018/233 1312/2028/243 1842/2019/248
f 1842/2019/248 1312/2028/243 333/2042/247 1313/2029/250
f 1314/2020/249 1842/2019/248 1313/2029/250 19/2030/251
f 19/2030/251 1313/2029/250 1843/2043/252 1317/2044/253
f 1313/2029/250 333/2042/247 1315/2055/254 1843/2043/252
f 1843/1239/252 1315/1234/254 466/1230/255 1316/1236/256
f 1317/229/253 1843/237/252 1316/230/256 337/221/257
f 333/2042/247 1311/2054/246 1844/2065/258 1315/2055/254
f 1311/2054/246 20/2064/245 1318/2072/259 1844/2065/258
f 1844/1235/258 1318/1237/259 335/1238/260 1319/1231/261
f 1315/1234/254 1844/1235/258 1319/1231/261 466/1230/255
f 466/1230/255 1319/1231/261 1845/1227/262 1322/1226/263
f 1319/161/261 335/146/260 1320/153/264 1845/162/262
f 1845/162/262 1320/153/264 22/160/265 1321/168/266
f 1322/1226/263 1845/1227/262 1321/1228/266 336/1229/267
f 337/221/257 1316/230/256 1846/231/268 1324/222/269
f 1316/1236/256 466/1230/255 1322/1226/263 1846/1232/268
f 1846/1232/268 1322/1226/263 336/1229/267 1323/1233/270
f 1324/222/269 1846/231/268 1323/238/270 21/232/271
f 21/2082/271 1323/2083/270 1847/2084/272 1327/2085/273
f 1323/2083/270 336/2086/267 1325/2087/274 1847/2084/272
f 1847/2084/272 1325/2087/274 467/2092/275 1326/2088/276
f 1327/2085/273 1847/2084/272 1326/2088/276 340/2089/277
f 336/2086/267 1321/2090/266 1848/2091/278 1325/2087/274
f 1321/168/266 22/160/265 1328/152/279 1848/169/278
f 1848/2091/278 1328/2099/279 338/2100/280 1329/2095/281
f 1325/2087/274 1848/2091/278 1329/2095/281 467/2092/275
f 467/2092/275 1329/2095/281 1849/2101/282 1332/2096/283
f 1329/2095/281 338/2100/280 1330/2105/284 1849/2101/282
f 1849/2101/282 1330/2105/284 24/2110/285 1331/2106/286
f 1332/2096/283 1849/2101/282 1331/2106/286 339/2102/287
f 340/2089/277 1326/2088/276 1850/2093/288 1334/2094/289
f 1326/2088/276 467/2092/275 1332/2096/283 1850/2093/288
f 1850/2093/288 1332/2096/283 339/2102/287 1333/2097/290
f 1334/2094/289 1850/2093/288 1333/2097/290 23/2098/291
f 29/1240/292 1335/1241/293 1851/1242/294 1338/1243/295
f 1335/1241/293 341/1246/296 1336/1247/297 1851/1242/294
f 1851/1242/294 1336/1247/297 468/1256/298 1337/1248/299
f 1338/1243/295 1851/1242/294 1337/1248/299 344/1249/300
f 341/1246/296 1339/1254/301 1852/1255/302 1336/1247/297
f 1339/190/301 30/189/303 1340/183/304 1852/186/302
f 1852/186/302 1340/183/304 342/177/305 1341/181/306
f 1336/191/297 1852/186/302 1341/181/306 468/187/298
f 468/187/298 1341/181/306 1853/182/307 1344/188/308
f 1341/181/306 342/177/305 1342/176/309 1853/182/307
f 1853/182/307 1342/176/309 31/180/310 1343/185/311
f 1344/1262/308 1853/1276/307 1343/1277/311 343/1269/312
f 344/1249/300 1337/1248/299 1854/1257/313 1346/1258/314
f 1337/1248/299 468/1256/298 1344/1262/308 1854/1257/313
f 1854/1257/313 1344/1262/308 343/1269/312 1345/1263/315
f 1346/1258/314 1854/1257/313 1345/1263/315 32/1264/316
f 18/2025/238 1347/2038/317 1855/2039/318 1308/2026/239
f 1347/122/317 345/123/319 1348/124/320 1855/125/318
f 1855/125/318 1348/124/320 469/130/321 1349/131/322
f 1308/2026/239 1855/2039/318 1349/2052/322 332/2040/240
f 345/123/319 1350/128/323 1856/129/324 1348/124/320
f 1350/128/323 24/135/285 1330/136/284 1856/129/324
f 1856/129/324 1330/136/284 338/144/280 1351/137/325
f 1348/124/320 1856/129/324 1351/137/325 469/130/321
f 469/130/321 1351/137/325 1857/145/326 1352/138/327
f 1351/137/325 338/144/280 1328/152/279 1857/145/326
f 1857/145/326 1328/152/279 22/160/265 1320/153/264
f 1352/138/327 1857/145/326 1320/153/264 335/146/260
f 332/2040/240 1349/2052/322 1858/2063/328 1310/2053/244
f 1349/131/322 469/130/321 1352/138/327 1858/139/328
f 1858/139/328 1352/138/327 335/146/260 1318/147/259
f 1310/2053/244 1858/2063/328 1318/2072/259 20/2064/245
f 23/203/291 1353/193/329 1859/196/330 1334/204/289
f 1353/193/329 346/194/331 1354/195/332 1859/196/330
f 1859/196/330 1354/195/332 470/201/333 1355/202/334
f 1334/204/289 1859/196/330 1355/202/334 340/214/277
f 346/194/331 1356/199/335 1860/200/336 1354/195/332
f 1356/199/335 17/209/227 1306/210/230 1860/200/336
f 1860/200/336 1306/210/230 334/219/235 1357/211/337
f 1354/195/332 1860/200/336 1357/211/337 470/201/333
f 470/201/333 1357/211/337 1861/220/338 1358/212/339
f 1357/211/337 334/219/235 1314/228/249 1861/220/338
f 1861/220/338 1314/228/249 19/236/251 1317/229/253
f 1358/212/339 1861/220/338 1317/229/253 337/221/257
f 340/214/277 1355/202/334 1862/213/340 1327/223/273
f 1355/202/334 470/201/333 1358/212/339 1862/213/340
f 1862/213/340 1358/212/339 337/221/257 1324/222/269
f 1327/223/273 1862/213/340 1324/222/269 21/232/271
f 23/2098/291 1333/2097/290 1863/2103/341 1361/2104/342
f 1333/2097/290 339/2102/287 1359/2107/343 1863/2103/341
f 1863/2103/341 1359/2107/343 471/2112/344 1360/2108/345
f 1361/2104/342 1863/2103/341 1360/2108/345 349/2109/346
f 339/2102/287 1331/2106/286 1864/2111/347 1359/2107/343
f 1331/2106/286 24/2110/285 1362/2117/348 1864/2111/347
f 1864/2111/347 1362/2117/348 347/2123/349 1363/2118/350
f 1359/2107/343 1864/2111/347 1363/2118/350 471/2112/344
f 471/2112/344 1363/2118/350 1865/2124/351 1366/2119/352
f 1363/2118/350 347/2123/349 1364/2129/353 1865/2124/351
f 1865/2124/351 1364/2129/353 26/2134/354 1365/2130/355
f 1366/2119/352 1865/2124/351 1365/2130/355 348/2125/356
f 349/2109/346 1360/2108/345 1866/2113/357 1368/2114/358
f 1360/2108/345 471/2112/344 1366/2119/352 1866/2113/357
f 1866/2113/357 1366/2119/352 348/2125/356 1367/2120/359
f 1368/2114/358 1866/2113/357 1367/2120/359 25/2121/360
f 24/135/285 1350/128/323 1867/134/361 1362/143/348
f 1350/128/323 345/123/319 1369/127/362 1867/134/361
f 1867/134/361 1369/127/362 472/133/363 1370/142/364
f 1362/143/348 1867/134/361 1370/142/364 347/151/349
f 345/123/319 1347/122/317 1868/126/365 1369/127/362
f 1347/2038/317 18/2025/238 1371/2037/366 1868/2051/365
f 1868/2051/365 1371/2037/366 350/2050/367 1372/2062/368
f 1369/127/362 1868/126/365 1372/132/368 472/133/363
f 472/133/363 1372/132/368 1869/140/369 1375/141/370
f 1372/2062/368 350/2050/367 1373/2061/371 1869/2071/369
f 1869/140/369 1373/154/371 27/155/372 1374/148/373
f 1375/141/370 1869/140/369 1374/148/373 351/149/374
f 347/151/349 1370/142/364 1870/150/375 1364/159/353
f 1370/142/364 472/133/363 1375/141/370 1870/150/375
f 1870/150/375 1375/141/370 351/149/374 1376/158/376
f 1364/159/353 1870/150/375 1376/158/376 26/167/354
f 18/2025/238 1307/2016/236 1871/2024/377 1371/2037/366
f 1307/2016/236 331/2009/231 1377/2015/378 1871/2024/377
f 1871/2024/377 1377/2015/378 473/2023/379 1378/2036/380
f 1371/2037/366 1871/2024/377 1378/2036/380 350/2050/367
f 331/2009/231 1303/2004/228 1872/2008/381 1377/2015/378
f 1303/2004/228 17/2003/227 1379/2007/382 1872/2008/381
f 1872/2008/381 1379/2007/382 352/2013/383 1380/2014/384
f 1377/2015/378 1872/2008/381 1380/2014/384 473/2023/379
f 473/2023/379 1380/2014/384 1873/2022/385 1383/2035/386
f 1380/2014/384 352/2013/383 1381/2021/387 1873/2022/385
f 1873/2022/385 1381/2021/387 28/2033/388 1382/2034/389
f 1383/2035/386 1873/2022/385 1382/2034/389 353/2048/390
f 350/2050/367 1378/2036/380 1874/2049/391 1373/2061/371
f 1378/2036/380 473/2023/379 1383/2035/386 1874/2049/391
f 1874/2049/391 1383/2035/386 353/2048/390 1384/2060/392
f 1373/2061/371 1874/2049/391 1384/2060/392 27/2070/372
f 17/209/227 1356/199/335 1875/208/393 1379/218/382
f 1356/199/335 346/194/331 1385/198/394 1875/208/393
f 1875/208/393 1385/198/394 474/207/395 1386/217/396
f 1379/218/382 1875/208/393 1386/217/396 352/227/383
f 346/194/331 1353/193/329 1876/197/397 1385/198/394
f 1353/193/329 23/203/291 1361/205/342 1876/197/397
f 1876/2115/397 1361/2104/342 349/2109/346 1387/2116/398
f 1385/198/394 1876/197/397 1387/206/398 474/207/395
f 474/207/395 1387/206/398 1877/215/399 1389/216/400
f 1387/2116/398 349/2109/346 1368/2114/358 1877/2122/399
f 1877/2122/399 1368/2114/358 25/2121/360 1388/2128/401
f 1389/216/400 1877/215/399 1388/224/401 354/225/402
f 352/2013/383 1386/2031/396 1878/2032/403 1381/2021/387
f 1386/217/396 474/207/395 1389/216/400 1878/226/403
f 1878/226/403 1389/216/400 354/225/402 1390/235/404
f 1381/2021/387 1878/2032/403 1390/2045/404 28/2033/388
f 25/2121/360 1367/2120/359 1879/2126/405 1393/2127/406
f 1367/2120/359 348/2125/356 1391/2131/407 1879/2126/405
f 1879/2126/405 1391/2131/407 475/2136/408 1392/2132/409
f 1393/2127/406 1879/2126/405 1392/2132/409 356/2133/410
f 348/2125/356 1365/2130/355 1880/2135/411 1391/2131/407
f 1365/2130/355 26/2134/354 1394/2137/412 1880/2135/411
f 1880/2135/411 1394/2137/412 355/2141/413 1395/2138/414
f 1391/2131/407 1880/2135/411 1395/2138/414 475/2136/408
f 475/2136/408 1395/2138/414 1881/2142/415 1397/2139/416
f 1395/2138/414 355/2141/413 1396/2143/417 1881/2142/415
f 1881/192/415 1396/184/417 30/189/303 1339/190/301
f 1397/1253/416 1881/1261/415 1339/1254/301 341/1246/296
f 356/1251/410 1392/1252/409 1882/1245/418 1398/1244/419
f 1392/2132/409 475/2136/408 1397/2139/416 1882/2140/418
f 1882/1245/418 1397/1253/416 341/1246/296 1335/1241/293
f 1398/1244/419 1882/1245/418 1335/1241/293 29/1240/292
f 26/167/354 1376/158/376 1883/166/420 1394/174/412
f 1376/158/376 351/149/374 1399/157/421 1883/166/420
f 1883/166/420 1399/157/421 476/165/422 1400/173/423
f 1394/174/412 1883/166/420 1400/173/423 355/179/413
f 351/149/374 1374/148/373 1884/156/424 1399/157/421
f 1374/148/373 27/155/372 1401/163/425 1884/156/424
f 1884/156/424 1401/163/425 357/170/426 1402/164/427
f 1399/157/421 1884/156/424 1402/164/427 476/165/422
f 476/165/422 1402/164/427 1885/171/428 1404/172/429
f 1402/164/427 357/170/426 1403/175/430 1885/171/428
f 1885/171/428 1403/175/430 31/180/310 1342/176/309
f 1404/172/429 1885/171/428 1342/176/309 342/177/305
f 355/179/413 1400/173/423 1886/178/431 1396/184/417
f 1400/173/423 476/165/422 1404/172/429 1886/178/431
f 1886/178/431 1404/172/429 342/177/305 1340/183/304
f 1396/184/417 1886/178/431 1340/183/304 30/189/303
f 27/2070/372 1384/2060/392 1887/2069/432 1401/2075/425
f 1384/2060/392 353/2048/390 1405/2059/433 1887/2069/432
f 1887/2069/432 1405/2059/433 477/2068/434 1406/2074/435
f 1401/2075/425 1887/2069/432 1406/2074/435 357/2077/426
f 353/2048/390 1382/2034/389 1888/2047/436 1405/2059/433
f 1382/2034/389 28/2033/388 1407/2046/437 1888/2047/436
f 1888/2047/436 1407/2046/437 358/2057/438 1408/2058/439
f 1405/2059/433 1888/2047/436 1408/2058/439 477/2068/434
f 477/2068/434 1408/2058/439 1889/2067/440 1410/2073/441
f 1408/2058/439 358/2057/438 1409/2066/442 1889/2067/440
f 1889/1270/440 1409/1271/442 32/1264/316 1345/1263/315
f 1410/1278/441 1889/1270/440 1345/1263/315 343/1269/312
f 357/2077/426 1406/2074/435 1890/2076/443 1403/2080/430
f 1406/2074/435 477/2068/434 1410/2073/441 1890/2076/443
f 1890/2076/443 1410/2073/441 343/2078/312 1343/2079/311
f 1403/2080/430 1890/2076/443 1343/2079/311 31/2081/310
f 28/2033/388 1390/2045/404 1891/2056/444 1407/2046/437
f 1390/235/404 354/225/402 1411/234/445 1891/239/444
f 1891/1280/444 1411/1273/445 478/1266/446 1412/1272/447
f 1407/1281/437 1891/1280/444 1412/1272/447 358/1279/438
f 354/225/402 1388/224/401 1892/233/448 1411/234/445
f 1388/1274/401 25/1275/360 1393/1268/406 1892/1267/448
f 1892/1267/448 1393/1268/406 356/1251/410 1413/1260/449
f 1411/1273/445 1892/1267/448 1413/1260/449 478/1266/446
f 478/1266/446 1413/1260/449 1893/1250/450 1414/1259/451
f 1413/1260/449 356/1251/410 1398/1244/419 1893/1250/450
f 1893/1250/450 1398/1244/419 29/1240/292 1338/1243/295
f 1414/1259/451 1893/1250/450 1338/1243/295 344/1249/300
f 358/1279/438 1412/1272/447 1894/1265/452 1409/1271/442
f 1412/1272/447 478/1266/446 1414/1259/451 1894/1265/452
f 1894/1265/452 1414/1259/451 344/1249/300 1346/1258/314
f 1409/1271/442 1894/1265/452 1346/1258/314 32/1264/316
s 5
f 135/2144/453 1415/2145/454 1895/2146/455 1418/2147/456
f 1415/2145/454 359/2150/457 1416/2151/458 1895/2146/455
f 1895/2146/455 1416/2151/458 479/2160/459 1417/2152/460
f 1418/2147/456 1895/2146/455 1417/2152/460 362/2153/461
f 359/2150/457 1419/2158/462 1896/2159/463 1416/2151/458
f 1419/2158/462 136/2169/464 1420/2170/465 1896/2159/463
f 1896/2159/463 1420/2170/465 360/2185/466 1421/2171/467
f 1416/2151/458 1896/2159/463 1421/2171/467 479/2160/459
f 479/2160/459 1421/2171/467 1897/2186/468 1424/2172/469
f 1421/2171/467 360/2185/466 1422/2201/470 1897/2186/468
f 1897/2186/468 1422/2201/470 137/2214/471 1423/2202/472
f 1424/2172/469 1897/2186/468 1423/2202/472 361/2187/473
f 362/2153/461 1417/2152/460 1898/2161/474 1426/2162/475
f 1417/2152/460 479/2160/459 1424/2172/469 1898/2161/474
f 1898/2161/474 1424/2172/469 361/2187/473 1425/2173/476
f 1426/2162/475 1898/2161/474 1425/2173/476 138/2174/477
f 53/1588/478 1427/1581/479 1899/1586/480 1430/1593/481
f 1427/1581/479 363/1573/482 1428/1579/483 1899/1586/480
f 1899/1586/480 1428/1579/483 480/1585/484 1429/1592/485
f 1430/1593/481 1899/1586/480 1429/1592/485 366/1601/486
f 363/1573/482 1431/1565/487 1900/1571/488 1428/1579/483
f 1431/1565/487 67/1559/489 1432/1566/490 1900/1571/488
f 1900/1571/488 1432/1566/490 364/1574/491 1433/1578/492
f 1428/1579/483 1900/1571/488 1433/1578/492 480/1585/484
f 480/1585/484 1433/1578/492 1901/1577/493 1436/1584/494
f 1433/1578/492 364/1574/491 1434/1570/495 1901/1577/493
f 1901/1577/493 1434/1570/495 68/1563/496 1435/1569/497
f 1436/1584/494 1901/1577/493 1435/1569/497 365/1576/498
f 366/1601/486 1429/1592/485 1902/1591/499 1438/1600/500
f 1429/1592/485 480/1585/484 1436/1584/494 1902/1591/499
f 1902/1591/499 1436/1584/494 365/1576/498 1437/1583/501
f 1438/1600/500 1902/1591/499 1437/1583/501 56/1590/502
f 143/2499/503 1439/2500/504 1903/2501/505 1442/2502/506
f 1439/2500/504 367/2505/507 1440/2506/508 1903/2501/505
f 1903/2501/505 1440/2506/508 481/2515/509 1441/2507/510
f 1442/2502/506 1903/2501/505 1441/2507/510 370/2508/511
f 367/2505/507 1443/2513/512 1904/2514/513 1440/2506/508
f 1443/2513/512 144/2524/514 1444/2525/515 1904/2514/513
f 1904/2514/513 1444/2525/515 368/2539/516 1445/2526/517
f 1440/2506/508 1904/2514/513 1445/2526/517 481/2515/509
f 481/2515/509 1445/2526/517 1905/2540/518 1448/2527/519
f 1445/2526/517 368/2539/516 1446/2554/520 1905/2540/518
f 1905/2540/518 1446/2554/520 145/2568/521 1447/2555/522
f 1448/2527/519 1905/2540/518 1447/2555/522 369/2541/523
f 370/2508/511 1441/2507/510 1906/2516/524 1450/2517/525
f 1441/2507/510 481/2515/509 1448/2527/519 1906/2516/524
f 1906/2516/524 1448/2527/519 369/2541/523 1449/2528/526
f 1450/2517/525 1906/2516/524 1449/2528/526 146/2529/527
f 89/1282/528 1451/1283/529 1907/1284/530 1454/1285/531
f 1451/1283/529 371/1288/532 1452/1289/533 1907/1284/530
f 1907/1284/530 1452/1289/533 482/1295/534 1453/1290/535
f 1454/1285/531 1907/1284/530 1453/1290/535 374/1291/536
f 371/1288/532 1455/1293/537 1908/1294/538 1452/1289/533
f 1455/1293/537 90/1299/539 1456/1300/540 1908/1294/538
f 1908/1294/538 1456/1300/540 372/1306/541 1457/1301/542
f 1452/1289/533 1908/1294/538 1457/1301/542 482/1295/534
f 482/1295/534 1457/1301/542 1909/1307/543 1460/1302/544
f 1457/1301/542 372/1306/541 1458/1311/545 1909/1307/543
f 1909/1307/543 1458/1311/545 91/1314/546 1459/1312/547
f 1460/1302/544 1909/1307/543 1459/1312/547 373/1308/548
f 374/1291/536 1453/1290/535 1910/1296/549 1462/1297/550
f 1453/1290/535 482/1295/534 1460/1302/544 1910/1296/549
f 1910/1296/549 1460/1302/544 373/1308/548 1461/1303/551
f 1462/1297/550 1910/1296/549 1461/1303/551 92/1304/552
f 98/240/553 1463/241/554 1911/242/555 1466/243/556
f 1463/241/554 375/246/557 1464/247/558 1911/242/555
f 1911/242/555 1464/247/558 483/258/559 1465/248/560
f 1466/243/556 1911/242/555 1465/248/560 378/249/561
f 375/246/557 1467/256/562 1912/257/563 1464/247/558
f 1467/256/562 97/270/564 1468/271/565 1912/257/563
f 1912/257/563 1468/271/565 376/290/566 1469/272/567
f 1464/247/558 1912/257/563 1469/272/567 483/258/559
f 483/258/559 1469/272/567 1913/291/568 1472/273/569
f 1469/272/567 376/290/566 1470/312/570 1913/291/568
f 1913/291/568 1470/312/570 99/336/571 1471/313/572
f 1472/273/569 1913/291/568 1471/313/572 377/292/573
f 378/249/561 1465/248/560 1914/259/574 1474/260/575
f 1465/248/560 483/258/559 1472/273/569 1914/259/574
f 1914/259/574 1472/273/569 377/292/573 1473/274/576
f 1474/260/575 1914/259/574 1473/274/576 100/275/577
f 105/652/578 1475/653/579 1915/654/580 1478/655/581
f 1475/653/579 379/658/582 1476/659/583 1915/654/580
f 1915/654/580 1476/659/583 484/670/584 1477/660/585
f 1478/655/581 1915/654/580 1477/660/585 382/661/586
f 379/658/582 1479/668/587 1916/669/588 1476/659/583
f 1479/668/587 106/682/589 1480/683/590 1916/669/588
f 1916/669/588 1480/683/590 380/702/591 1481/684/592
f 1476/659/583 1916/669/588 1481/684/592 484/670/584
f 484/670/584 1481/684/592 1917/703/593 1484/685/594
f 1481/684/592 380/702/591 1482/724/595 1917/703/593
f 1917/703/593 1482/724/595 107/748/596 1483/725/597
f 1484/685/594 1917/703/593 1483/725/597 381/704/598
f 382/661/586 1477/660/585 1918/671/599 1486/672/600
f 1477/660/585 484/670/584 1484/685/594 1918/671/599
f 1918/671/599 1484/685/594 381/704/598 1485/686/601
f 1486/672/600 1918/671/599 1485/686/601 108/687/602
f 35/2231/603 1487/2230/604 1919/2244/605 1490/2245/606
f 1487/2230/604 383/2243/607 1488/2258/608 1919/2244/605
f 1919/2244/605 1488/2258/608 485/2274/609 1489/2259/610
f 1490/2245/606 1919/2244/605 1489/2259/610 386/2260/611
f 383/2243/607 1491/2257/612 1920/2273/613 1488/2258/608
f 1491/2257/612 63/2272/614 1492/2287/615 1920/2273/613
f 1920/2273/613 1492/2287/615 384/2303/616 1493/2288/617
f 1488/2258/608 1920/2273/613 1493/2288/617 485/2274/609
f 485/2274/609 1493/2288/617 1921/2304/618 1496/2289/619
f 1493/2288/617 384/2303/616 1494/2319/620 1921/2304/618
f 1921/2304/618 1494/2319/620 64/2337/621 1495/2320/622
f 1496/2289/619 1921/2304/618 1495/2320/622 385/2305/623
f 386/868/611 1489/886/610 1922/887/624 1498/879/625
f 1489/2259/610 485/2274/609 1496/2289/619 1922/2290/624
f 1922/2290/624 1496/2289/619 385/2305/623 1497/2306/626
f 1498/879/625 1922/887/624 1497/891/626 41/888/627
f 100/275/577 1473/274/576 1923/293/628 1501/294/629
f 1473/274/576 377/292/573 1499/314/630 1923/293/628
f 1923/293/628 1499/314/630 486/338/631 1500/315/632
f 1501/294/629 1923/293/628 1500/315/632 389/316/633
f 377/292/573 1471/313/572 1924/337/634 1499/314/630
f 1471/313/572 99/336/571 1502/360/635 1924/337/634
f 1924/337/634 1502/360/635 387/384/636 1503/361/637
f 1499/314/630 1924/337/634 1503/361/637 486/338/631
f 486/338/631 1503/361/637 1925/385/638 1506/362/639
f 1503/361/637 387/384/636 1504/404/640 1925/385/638
f 1925/385/638 1504/404/640 101/424/641 1505/405/642
f 1506/362/639 1925/385/638 1505/405/642 388/386/643
f 389/316/633 1500/315/632 1926/339/644 1508/340/645
f 1500/315/632 486/338/631 1506/362/639 1926/339/644
f 1926/339/644 1506/362/639 388/386/643 1507/363/646
f 1508/340/645 1926/339/644 1507/363/646 102/364/647
f 72/2576/648 1509/2560/649 1927/2575/650 1512/2593/651
f 1509/2560/649 390/2547/652 1510/2559/653 1927/2575/650
f 1927/2575/650 1510/2559/653 487/2574/654 1511/2592/655
f 1512/2593/651 1927/2575/650 1511/2592/655 393/2611/656
f 390/2547/652 1513/2533/657 1928/2546/658 1510/2559/653
f 1513/2533/657 37/2532/659 1514/2545/660 1928/2546/658
f 1928/846/658 1514/806/660 391/827/661 1515/847/662
f 1510/2559/653 1928/2546/658 1515/2573/662 487/2574/654
f 487/2574/654 1515/2573/662 1929/2590/663 1518/2591/664
f 1515/847/662 391/827/661 1516/845/665 1929/862/663
f 1929/862/663 1516/845/665 44/861/666 1517/875/667
f 1518/2591/664 1929/2590/663 1517/2608/667 392/2609/668
f 393/2611/656 1511/2592/655 1930/2610/669 1520/2628/670
f 1511/2592/655 487/2574/654 1518/2591/664 1930/2610/669
f 1930/2610/669 1518/2591/664 392/2609/668 1519/2627/671
f 1520/2628/670 1930/2610/669 1519/2627/671 71/2644/672
f 108/687/602 1485/686/601 1931/705/673 1523/706/674
f 1485/686/601 381/704/598 1521/726/675 1931/705/673
f 1931/705/673 1521/726/675 488/750/676 1522/727/677
f 1523/706/674 1931/705/673 1522/727/677 396/728/678
f 381/704/598 1483/725/597 1932/749/679 1521/726/675
f 1483/725/597 107/748/596 1524/774/680 1932/749/679
f 1932/749/679 1524/774/680 394/799/681 1525/775/682
f 1521/726/675 1932/749/679 1525/775/682 488/750/676
f 488/750/676 1525/775/682 1933/800/683 1528/776/684
f 1525/775/682 394/799/681 1526/821/685 1933/800/683
f 1933/800/683 1526/821/685 109/840/686 1527/822/687
f 1528/776/684 1933/800/683 1527/822/687 395/801/688
f 396/728/678 1522/727/677 1934/751/689 1530/752/690
f 1522/727/677 488/750/676 1528/776/684 1934/751/689
f 1934/751/689 1528/776/684 395/801/688 1529/777/691
f 1530/752/690 1934/751/689 1529/777/691 110/778/692
f 41/888/627 1497/891/626 1935/895/693 1533/892/694
f 1497/2306/626 385/2305/623 1531/2321/695 1935/2322/693
f 1935/1355/693 1531/1362/695 489/1356/696 1532/1350/697
f 1533/1354/694 1935/1355/693 1532/1350/697 399/1346/698
f 385/1375/623 1495/1376/622 1936/1370/699 1531/1362/695
f 1495/1376/622 64/1381/621 1534/1377/700 1936/1370/699
f 1936/1370/699 1534/1377/700 397/1371/701 1535/1363/702
f 1531/1362/695 1936/1370/699 1535/1363/702 489/1356/696
f 489/1356/696 1535/1363/702 1937/1364/703 1538/1357/704
f 1535/1363/702 397/1371/701 1536/1372/705 1937/1364/703
f 1937/1364/703 1536/1372/705 65/1380/706 1537/1373/707
f 1538/1357/704 1937/1364/703 1537/1373/707 398/1365/708
f 399/1346/698 1532/1350/697 1938/1351/709 1540/1347/710
f 1532/1350/697 489/1356/696 1538/1357/704 1938/1351/709
f 1938/1351/709 1538/1357/704 398/1365/708 1539/1358/711
f 1540/1347/710 1938/1351/709 1539/1358/711 45/1352/712
f 117/485/713 1541/484/714 1939/494/715 1544/495/716
f 1541/484/714 400/493/717 1542/502/718 1939/494/715
f 1939/494/715 1542/502/718 490/513/719 1543/503/720
f 1544/495/716 1939/494/715 1543/503/720 403/504/721
f 400/493/717 1545/501/722 1940/512/723 1542/502/718
f 1545/501/722 118/511/724 1546/520/725 1940/512/723
f 1940/512/723 1546/520/725 401/530/726 1547/521/727
f 1542/502/718 1940/512/723 1547/521/727 490/513/719
f 490/513/719 1547/521/727 1941/531/728 1550/522/729
f 1547/521/727 401/530/726 1548/540/730 1941/531/728
f 1941/531/728 1548/540/730 119/550/731 1549/541/732
f 1550/522/729 1941/531/728 1549/541/732 402/532/733
f 403/504/721 1543/503/720 1942/514/734 1552/515/735
f 1543/503/720 490/513/719 1550/522/729 1942/514/734
f 1942/514/734 1550/522/729 402/532/733 1551/523/736
f 1552/515/735 1942/514/734 1551/523/736 120/524/737
f 71/2644/672 1519/2627/671 1943/2643/738 1555/2662/739
f 1519/2627/671 392/2609/668 1553/2626/740 1943/2643/738
f 1943/2643/738 1553/2626/740 491/2660/741 1554/2661/742
f 1555/2662/739 1943/2643/738 1554/2661/742 406/2678/743
f 392/2609/668 1517/2608/667 1944/2625/744 1553/2626/740
f 1517/875/667 44/861/666 1556/874/745 1944/883/744
f 1944/1321/744 1556/1322/745 404/1318/746 1557/1317/747
f 1553/1330/740 1944/1321/744 1557/1317/747 491/1327/741
f 491/1327/741 1557/1317/747 1945/1320/748 1560/1328/749
f 1557/1317/747 404/1318/746 1558/1319/750 1945/1320/748
f 1945/1320/748 1558/1319/750 48/1325/751 1559/1326/752
f 1560/1328/749 1945/1320/748 1559/1326/752 405/1336/753
f 406/2678/743 1554/2661/742 1946/2694/754 1562/2695/755
f 1554/1337/742 491/1327/741 1560/1328/749 1946/1338/754
f 1946/2694/754 1560/2725/749 405/2726/753 1561/2711/756
f 1562/2695/755 1946/2694/754 1561/2711/756 70/2712/757
f 44/861/666 1563/860/758 1947/873/759 1556/874/745
f 1563/860/758 407/872/760 1564/882/761 1947/873/759
f 1947/1329/759 1564/1339/761 492/1331/762 1565/1323/763
f 1556/1322/745 1947/1329/759 1565/1323/763 404/1318/746
f 407/872/760 1566/881/764 1948/889/765 1564/882/761
f 1566/881/764 41/888/627 1533/892/694 1948/889/765
f 1948/889/765 1533/892/694 399/896/698 1567/893/766
f 1564/882/761 1948/889/765 1567/893/766 492/894/762
f 492/1331/762 1567/1340/766 1949/1341/767 1569/1332/768
f 1567/1340/766 399/1346/698 1540/1347/710 1949/1341/767
f 1949/1341/767 1540/1347/710 45/1352/712 1568/1348/769
f 1569/1332/768 1949/1341/767 1568/1348/769 408/1342/770
f 404/1318/746 1565/1323/763 1950/1324/771 1558/1319/750
f 1565/1323/763 492/1331/762 1569/1332/768 1950/1324/771
f 1950/1324/771 1569/1332/768 408/1342/770 1570/1333/772
f 1558/1319/750 1950/1324/771 1570/1333/772 48/1325/751
f 45/1352/712 1539/1358/711 1951/1366/773 1573/1367/774
f 1539/2466/711 398/2458/708 1571/2459/775 1951/2467/773
f 1951/2467/773 1571/2459/775 493/2465/776 1572/2473/777
f 1573/2479/774 1951/2467/773 1572/2473/777 411/2480/778
f 398/2458/708 1537/2450/707 1952/2451/779 1571/2459/775
f 1537/2450/707 65/2444/706 1574/2443/780 1952/2451/779
f 1952/2451/779 1574/2443/780 409/2452/781 1575/2457/782
f 1571/2459/775 1952/2451/779 1575/2457/782 493/2465/776
f 493/2465/776 1575/2457/782 1953/2464/783 1578/2472/784
f 1575/2457/782 409/2452/781 1576/2460/785 1953/2464/783
f 1953/2464/783 1576/2460/785 66/2468/786 1577/2471/787
f 1578/2472/784 1953/2464/783 1577/2471/787 410/2477/788
f 411/2480/778 1572/2473/777 1954/2478/789 1580/2485/790
f 1572/2473/777 493/2465/776 1578/2472/784 1954/2478/789
f 1954/2478/789 1578/2472/784 410/2477/788 1579/2484/791
f 1580/973/790 1954/980/789 1579/981/791 49/978/792
f 120/524/737 1551/523/736 1955/533/793 1583/534/794
f 1551/523/736 402/532/733 1581/542/795 1955/533/793
f 1955/533/793 1581/542/795 494/552/796 1582/543/797
f 1583/534/794 1955/533/793 1582/543/797 414/544/798
f 402/532/733 1549/541/732 1956/551/799 1581/542/795
f 1549/541/732 119/550/731 1584/560/800 1956/551/799
f 1956/551/799 1584/560/800 412/572/801 1585/561/802
f 1581/542/795 1956/551/799 1585/561/802 494/552/796
f 494/552/796 1585/561/802 1957/573/803 1588/562/804
f 1585/561/802 412/572/801 1586/585/805 1957/573/803
f 1957/573/803 1586/585/805 121/595/806 1587/586/807
f 1588/562/804 1957/573/803 1587/586/807 413/574/808
f 414/544/798 1582/543/797 1958/553/809 1590/554/810
f 1582/543/797 494/552/796 1588/562/804 1958/553/809
f 1958/553/809 1588/562/804 413/574/808 1589/563/811
f 1590/554/810 1958/553/809 1589/563/811 122/564/812
f 70/2712/757 1561/2711/756 1959/2727/813 1593/2728/814
f 1561/2711/756 405/2726/753 1591/2739/815 1959/2727/813
f 1959/2727/813 1591/2739/815 495/2754/816 1592/2740/817
f 1593/2728/814 1959/2727/813 1592/2740/817 417/2741/818
f 405/2726/753 1559/2752/752 1960/2753/819 1591/2739/815
f 1559/1326/752 48/1325/751 1594/1334/820 1960/1335/819
f 1960/2753/819 1594/2780/820 415/2781/821 1595/2767/822
f 1591/2739/815 1960/2753/819 1595/2767/822 495/2754/816
f 495/2754/816 1595/2767/822 1961/2782/823 1598/2768/824
f 1595/2767/822 415/2781/821 1596/2795/825 1961/2782/823
f 1961/2782/823 1596/2795/825 52/2809/826 1597/2796/827
f 1598/2768/824 1961/2782/823 1597/2796/827 416/2783/828
f 417/2741/818 1592/2740/817 1962/2755/829 1600/2756/830
f 1592/2740/817 495/2754/816 1598/2768/824 1962/2755/829
f 1962/2755/829 1598/2768/824 416/2783/828 1599/2769/831
f 1600/2756/830 1962/2755/829 1599/2769/831 69/2770/832
f 114/897/833 1601/898/834 1963/899/835 1604/900/836
f 1601/898/834 418/903/837 1602/904/838 1963/899/835
f 1963/899/835 1602/904/838 496/913/839 1603/905/840
f 1604/900/836 1963/899/835 1603/905/840 421/906/841
f 418/903/837 1605/911/842 1964/912/843 1602/904/838
f 1605/911/842 113/922/844 1606/923/845 1964/912/843
f 1964/912/843 1606/923/845 419/935/846 1607/924/847
f 1602/904/838 1964/912/843 1607/924/847 496/913/839
f 496/913/839 1607/924/847 1965/936/848 1610/925/849
f 1607/924/847 419/935/846 1608/945/850 1965/936/848
f 1965/936/848 1608/945/850 115/953/851 1609/946/852
f 1610/925/849 1965/936/848 1609/946/852 420/937/853
f 421/906/841 1603/905/840 1966/914/854 1612/915/855
f 1603/905/840 496/913/839 1610/925/849 1966/914/854
f 1966/914/854 1610/925/849 420/937/853 1611/926/856
f 1612/915/855 1966/914/854 1611/926/856 116/927/857
f 49/2493/792 1579/2484/791 1967/2489/858 1615/2494/859
f 1579/2484/791 410/2477/788 1613/2483/860 1967/2489/858
f 1967/2489/858 1613/2483/860 497/2488/861 1614/2492/862
f 1615/2494/859 1967/2489/858 1614/2492/862 423/2496/863
f 410/2477/788 1577/2471/787 1968/2476/864 1613/2483/860
f 1577/2471/787 66/2468/786 1616/2474/865 1968/2476/864
f 1968/2476/864 1616/2474/865 422/2481/866 1617/2482/867
f 1613/2483/860 1968/2476/864 1617/2482/867 497/2488/861
f 497/2488/861 1617/2482/867 1969/2490/868 1619/2491/869
f 1617/1557/867 422/1550/866 1618/1549/870 1969/1558/868
f 1969/1558/868 1618/1549/870 67/1559/489 1431/1565/487
f 1619/1572/869 1969/1558/868 1431/1565/487 363/1573/482
f 423/1594/863 1614/1595/862 1970/1580/871 1620/1587/872
f 1614/2492/862 497/2488/861 1619/2491/869 1970/2495/871
f 1970/1580/871 1619/1572/869 363/1573/482 1427/1581/479
f 1620/1587/872 1970/1580/871 1427/1581/479 53/1588/478
f 151/636/873 1621/635/874 1971/642/875 1624/643/876
f 1621/635/874 424/641/877 1622/647/878 1971/642/875
f 1971/1404/875 1622/1405/878 498/1406/879 1623/1407/880
f 1624/1412/876 1971/1404/875 1623/1407/880 427/1413/881
f 424/641/877 1625/646/882 1972/650/883 1622/647/878
f 1625/646/882 152/649/884 1626/651/885 1972/650/883
f 1972/1408/883 1626/1414/885 425/1415/886 1627/1409/887
f 1622/1405/878 1972/1408/883 1627/1409/887 498/1406/879
f 498/1406/879 1627/1409/887 1973/1416/888 1630/1410/889
f 1627/1409/887 425/1415/886 1628/1424/890 1973/1416/888
f 1973/1416/888 1628/1424/890 153/1435/891 1629/1425/892
f 1630/1410/889 1973/1416/888 1629/1425/892 426/1417/893
f 427/1413/881 1623/1407/880 1974/1411/894 1632/1419/895
f 1623/1407/880 498/1406/879 1630/1410/889 1974/1411/894
f 1974/1411/894 1630/1410/889 426/1417/893 1631/1418/896
f 1632/1419/895 1974/1411/894 1631/1418/896 154/1428/897
f 69/2770/832 1599/2769/831 1975/2784/898 1635/2785/899
f 1599/2769/831 416/2783/828 1633/2797/900 1975/2784/898
f 1975/2784/898 1633/2797/900 499/2811/901 1634/2798/902
f 1635/2785/899 1975/2784/898 1634/2798/902 429/2799/903
f 416/2783/828 1597/2796/827 1976/2810/904 1633/2797/900
f 1597/2796/827 52/2809/826 1636/2824/905 1976/2810/904
f 1976/2810/904 1636/2824/905 428/2838/906 1637/2825/907
f 1633/2797/900 1976/2810/904 1637/2825/907 499/2811/901
f 499/2811/901 1637/2825/907 1977/2839/908 1639/2826/909
f 1637/2825/907 428/2838/906 1638/2851/910 1977/2839/908
f 1977/1582/908 1638/1589/910 56/1590/502 1437/1583/501
f 1639/1575/909 1977/1582/908 1437/1583/501 365/1576/498
f 429/2799/903 1634/2798/902 1978/2812/911 1640/2813/912
f 1634/2798/902 499/2811/901 1639/2826/909 1978/2812/911
f 1978/1568/911 1639/1575/909 365/1576/498 1435/1569/497
f 1640/1562/912 1978/1568/911 1435/1569/497 68/1563/496
f 124/1028/913 1641/1017/914 1979/1027/915 1644/1038/916
f 1641/1017/914 430/1010/917 1642/1016/918 1979/1027/915
f 1979/1027/915 1642/1016/918 500/1026/919 1643/1037/920
f 1644/1038/916 1979/1027/915 1643/1037/920 433/1050/921
f 430/1010/917 1645/1001/922 1980/1009/923 1642/1016/918
f 1645/1001/922 123/995/924 1646/1000/925 1980/1009/923
f 1980/1009/923 1646/1000/925 431/1008/926 1647/1015/927
f 1642/1016/918 1980/1009/923 1647/1015/927 500/1026/919
f 500/1026/919 1647/1015/927 1981/1025/928 1650/1036/929
f 1647/1015/927 431/1008/926 1648/1014/930 1981/1025/928
f 1981/1025/928 1648/1014/930 125/1024/931 1649/1035/932
f 1650/1036/929 1981/1025/928 1649/1035/932 432/1048/933
f 433/1050/921 1643/1037/920 1982/1049/934 1652/1061/935
f 1643/1037/920 500/1026/919 1650/1036/929 1982/1049/934
f 1982/1049/934 1650/1036/929 432/1048/933 1651/1060/936
f 1652/1061/935 1982/1049/934 1651/1060/936 126/1072/937
f 39/2589/938 1653/2588/939 1983/2606/940 1656/2607/941
f 1653/1769/939 434/1759/942 1654/1744/943 1983/1760/940
f 1983/1760/940 1654/1744/943 501/1728/944 1655/1745/945
f 1656/1770/941 1983/1760/940 1655/1745/945 437/1761/946
f 434/1759/942 1657/1743/947 1984/1727/948 1654/1744/943
f 1657/1743/947 73/1731/949 1658/1714/950 1984/1727/948
f 1984/1727/948 1658/1714/950 435/1697/951 1659/1711/952
f 1654/1744/943 1984/1727/948 1659/1711/952 501/1728/944
f 501/1728/944 1659/1711/952 1985/1695/953 1662/1712/954
f 1659/1711/952 435/1697/951 1660/1679/955 1985/1695/953
f 1985/1695/953 1660/1679/955 74/1663/956 1661/1696/957
f 1662/1712/954 1985/1695/953 1661/1696/957 436/1713/958
f 437/1761/946 1655/1745/945 1986/1729/959 1664/1746/960
f 1655/1745/945 501/1728/944 1662/1712/954 1986/1729/959
f 1986/1729/959 1662/1712/954 436/1713/958 1663/1730/961
f 1664/1746/960 1986/1729/959 1663/1730/961 57/1747/962
f 97/270/564 1467/256/562 1987/269/963 1667/287/964
f 1467/256/562 375/246/557 1665/255/965 1987/269/963
f 1987/269/963 1665/255/965 502/268/966 1666/286/967
f 1667/287/964 1987/269/963 1666/286/967 440/307/968
f 375/246/557 1463/241/554 1988/245/969 1665/255/965
f 1463/241/554 98/240/553 1668/244/970 1988/245/969
f 1988/245/969 1668/244/970 438/253/971 1669/254/972
f 1665/255/965 1988/245/969 1669/254/972 502/268/966
f 502/268/966 1669/254/972 1989/267/973 1672/285/974
f 1669/254/972 438/253/971 1670/266/975 1989/267/973
f 1989/267/973 1670/266/975 103/283/976 1671/284/977
f 1672/285/974 1989/267/973 1671/284/977 439/305/978
f 440/307/968 1666/286/967 1990/306/979 1674/329/980
f 1666/286/967 502/268/966 1672/285/974 1990/306/979
f 1990/306/979 1672/285/974 439/305/978 1673/328/981
f 1674/329/980 1990/306/979 1673/328/981 104/351/982
f 62/1657/983 1675/1674/984 1991/1658/985 1678/1646/986
f 1675/1674/984 441/1692/987 1676/1675/988 1991/1658/985
f 1991/1658/985 1676/1675/988 503/1659/989 1677/1647/990
f 1678/1646/986 1991/1658/985 1677/1647/990 444/1635/991
f 441/1692/987 1679/1709/992 1992/1693/993 1676/1675/988
f 1679/2179/992 33/2178/994 1680/2192/995 1992/2193/993
f 1992/1693/993 1680/1710/995 442/1694/996 1681/1676/997
f 1676/1675/988 1992/1693/993 1681/1676/997 503/1659/989
f 503/1659/989 1681/1676/997 1993/1660/998 1684/1648/999
f 1681/1676/997 442/1694/996 1682/1677/1000 1993/1660/998
f 1993/1660/998 1682/1677/1000 60/1678/1001 1683/1661/1002
f 1684/1648/999 1993/1660/998 1683/1661/1002 443/1649/1003
f 444/1635/991 1677/1647/990 1994/1636/1004 1686/1628/1005
f 1677/1647/990 503/1659/989 1684/1648/999 1994/1636/1004
f 1994/1636/1004 1684/1648/999 443/1649/1003 1685/1637/1006
f 1686/1628/1005 1994/1636/1004 1685/1637/1006 61/1621/1007
f 106/682/589 1479/668/587 1995/681/1008 1689/699/1009
f 1479/668/587 379/658/582 1687/667/1010 1995/681/1008
f 1995/681/1008 1687/667/1010 504/680/1011 1688/698/1012
f 1689/699/1009 1995/681/1008 1688/698/1012 447/719/1013
f 379/658/582 1475/653/579 1996/657/1014 1687/667/1010
f 1475/653/579 105/652/578 1690/656/1015 1996/657/1014
f 1996/657/1014 1690/656/1015 445/665/1016 1691/666/1017
f 1687/667/1010 1996/657/1014 1691/666/1017 504/680/1011
f 504/680/1011 1691/666/1017 1997/679/1018 1694/697/1019
f 1691/666/1017 445/665/1016 1692/678/1020 1997/679/1018
f 1997/679/1018 1692/678/1020 111/695/1021 1693/696/1022
f 1694/697/1019 1997/679/1018 1693/696/1022 446/717/1023
f 447/719/1013 1688/698/1012 1998/718/1024 1696/741/1025
f 1688/698/1012 504/680/1011 1694/697/1019 1998/718/1024
f 1998/718/1024 1694/697/1019 446/717/1023 1695/740/1026
f 1696/741/1025 1998/718/1024 1695/740/1026 112/765/1027
f 88/1642/1028 1697/1653/1029 1999/1643/1030 1700/1632/1031
f 1697/1653/1029 448/1669/1032 1698/1654/1033 1999/1643/1030
f 1999/1643/1030 1698/1654/1033 505/1644/1034 1699/1633/1035
f 1700/1632/1031 1999/1643/1030 1699/1633/1035 450/1626/1036
f 448/1669/1032 1701/1688/1037 2000/1670/1038 1698/1654/1033
f 1701/1688/1037 75/1706/1039 1702/1689/1040 2000/1670/1038
f 2000/1670/1038 1702/1689/1040 449/1671/1041 1703/1655/1042
f 1698/1654/1033 2000/1670/1038 1703/1655/1042 505/1644/1034
f 505/1644/1034 1703/1655/1042 2001/1645/1043 1705/1634/1044
f 1703/1655/1042 449/1671/1041 1704/1656/1045 2001/1645/1043
f 2001/1645/1043 1704/1656/1045 62/1657/983 1678/1646/986
f 1705/1634/1044 2001/1645/1043 1678/1646/986 444/1635/991
f 450/1626/1036 1699/1633/1035 2002/1627/1046 1706/1624/1047
f 1699/1633/1035 505/1644/1034 1705/1634/1044 2002/1627/1046
f 2002/1627/1046 1705/1634/1044 444/1635/991 1686/1628/1005
f 1706/1624/1047 2002/1627/1046 1686/1628/1005 61/1621/1007
f 137/2214/471 1422/2201/470 2003/2213/1048 1709/2226/1049
f 1422/2201/470 360/2185/466 1707/2200/1050 2003/2213/1048
f 2003/2213/1048 1707/2200/1050 506/2212/1051 1708/2225/1052
f 1709/2226/1049 2003/2213/1048 1708/2225/1052 157/2239/1053
f 360/2185/466 1420/2170/465 2004/2184/1054 1707/2200/1050
f 1420/2170/465 136/2169/464 1710/2183/1055 2004/2184/1054
f 2004/2184/1054 1710/2183/1055 155/2198/1056 1711/2199/1057
f 1707/2200/1050 2004/2184/1054 1711/2199/1057 506/2212/1051
f 506/2212/1051 1711/2199/1057 2005/2211/1058 1714/2224/1059
f 1711/2199/1057 155/2198/1056 1712/2210/1060 2005/2211/1058
f 2005/2211/1058 1712/2210/1060 139/2222/1061 1713/2223/1062
f 1714/2224/1059 2005/2211/1058 1713/2223/1062 156/2237/1063
f 157/2239/1053 1708/2225/1052 2006/2238/1064 1716/2253/1065
f 1708/2225/1052 506/2212/1051 1714/2224/1059 2006/2238/1064
f 2006/2238/1064 1714/2224/1059 156/2237/1063 1715/2252/1066
f 1716/2253/1065 2006/2238/1064 1715/2252/1066 140/2268/1067
f 64/2337/621 1494/2319/620 2007/2336/1068 1719/2348/1069
f 1494/2319/620 384/2303/616 1717/2318/1070 2007/2336/1068
f 2007/2336/1068 1717/2318/1070 507/2335/1071 1718/2347/1072
f 1719/2348/1069 2007/2336/1068 1718/2347/1072 160/2358/1073
f 384/2303/616 1492/2287/615 2008/2302/1074 1717/2318/1070
f 1492/2287/615 63/2272/614 1720/2286/1075 2008/2302/1074
f 2008/2302/1074 1720/2286/1075 158/2301/1076 1721/2317/1077
f 1717/2318/1070 2008/2302/1074 1721/2317/1077 507/2335/1071
f 507/2335/1071 1721/2317/1077 2009/2334/1078 1724/2346/1079
f 1721/2317/1077 158/2301/1076 1722/2316/1080 2009/2334/1078
f 2009/2334/1078 1722/2316/1080 76/2333/1081 1723/2345/1082
f 1724/2346/1079 2009/2334/1078 1723/2345/1082 159/2356/1083
f 160/2358/1073 1718/2347/1072 2010/2357/1084 1726/2364/1085
f 1718/2347/1072 507/2335/1071 1724/2346/1079 2010/2357/1084
f 2010/2357/1084 1724/2346/1079 159/2356/1083 1725/2363/1086
f 1726/2364/1085 2010/2357/1084 1725/2363/1086 77/2370/1087
f 65/1380/706 1536/1372/705 2011/1379/1088 1729/1385/1089
f 1536/1372/705 397/1371/701 1727/1378/1090 2011/1379/1088
f 2011/1379/1088 1727/1378/1090 508/1383/1091 1728/1384/1092
f 1729/1385/1089 2011/1379/1088 1728/1384/1092 162/1390/1093
f 397/1371/701 1534/1377/700 2012/1382/1094 1727/1378/1090
f 1534/1377/700 64/1381/621 1719/1386/1069 2012/1382/1094
f 2012/1382/1094 1719/1386/1069 160/1391/1073 1730/1387/1095
f 1727/1378/1090 2012/1382/1094 1730/1387/1095 508/1383/1091
f 508/1383/1091 1730/1387/1095 2013/1392/1096 1732/1388/1097
f 1730/2371/1095 160/2358/1073 1726/2364/1085 2013/2372/1096
f 2013/2372/1096 1726/2364/1085 77/2370/1087 1731/2377/1098
f 1732/1388/1097 2013/1392/1096 1731/1396/1098 161/1393/1099
f 162/1390/1093 1728/1384/1092 2014/1389/1100 1734/1395/1101
f 1728/1384/1092 508/1383/1091 1732/1388/1097 2014/1389/1100
f 2014/1389/1100 1732/1388/1097 161/1393/1099 1733/1394/1102
f 1734/1395/1101 2014/1389/1100 1733/1394/1102 78/1399/1103
f 66/2468/786 1576/2460/785 2015/2453/1104 1737/2461/1105
f 1576/2460/785 409/2452/781 1735/2445/1106 2015/2453/1104
f 2015/2453/1104 1735/2445/1106 509/2437/1107 1736/2446/1108
f 1737/2461/1105 2015/2453/1104 1736/2446/1108 164/2454/1109
f 409/2452/781 1574/2443/780 2016/2435/1110 1735/2445/1106
f 1574/2443/780 65/2444/706 1729/2436/1089 2016/2435/1110
f 2016/2435/1110 1729/2436/1089 162/2427/1093 1738/2426/1111
f 1735/2445/1106 2016/2435/1110 1738/2426/1111 509/2437/1107
f 509/2437/1107 1738/2426/1111 2017/2418/1112 1740/2428/1113
f 1738/2426/1111 162/2427/1093 1734/2419/1101 2017/2418/1112
f 2017/2418/1112 1734/2419/1101 78/2405/1103 1739/2412/1114
f 1740/2428/1113 2017/2418/1112 1739/2412/1114 163/2420/1115
f 164/2454/1109 1736/2446/1108 2018/2438/1116 1742/2447/1117
f 1736/2446/1108 509/2437/1107 1740/2428/1113 2018/2438/1116
f 2018/2438/1116 1740/2428/1113 163/2420/1115 1741/2429/1118
f 1742/2447/1117 2018/2438/1116 1741/2429/1118 79/2439/1119
f 67/1559/489 1618/1549/870 2019/1541/1120 1745/1551/1121
f 1618/1549/870 422/1550/866 1743/1542/1122 2019/1541/1120
f 2019/1541/1120 1743/1542/1122 510/1535/1123 1744/1534/1124
f 1745/1551/1121 2019/1541/1120 1744/1534/1124 166/1543/1125
f 422/2481/866 1616/2474/865 2020/2469/1126 1743/2475/1122
f 1616/2474/865 66/2468/786 1737/2461/1105 2020/2469/1126
f 2020/2469/1126 1737/2461/1105 164/2454/1109 1746/2462/1127
f 1743/2475/1122 2020/2469/1126 1746/2462/1127 510/2470/1123
f 510/2470/1123 1746/2462/1127 2021/2455/1128 1748/2463/1129
f 1746/2462/1127 164/2454/1109 1742/2447/1117 2021/2455/1128
f 2021/2455/1128 1742/2447/1117 79/2439/1119 1747/2448/1130
f 1748/2463/1129 2021/2455/1128 1747/2448/1130 165/2456/1131
f 166/1543/1125 1744/1534/1124 2022/1525/1132 1750/1536/1133
f 1744/1534/1124 510/1535/1123 1748/1526/1129 2022/1525/1132
f 2022/1525/1132 1748/1526/1129 165/1516/1131 1749/1515/1134
f 1750/1536/1133 2022/1525/1132 1749/1515/1134 80/1527/1135
f 68/1563/496 1434/1570/495 2023/1564/1136 1753/1555/1137
f 1434/1570/495 364/1574/491 1751/1567/1138 2023/1564/1136
f 2023/1564/1136 1751/1567/1138 511/1561/1139 1752/1556/1140
f 1753/1555/1137 2023/1564/1136 1752/1556/1140 168/1547/1141
f 364/1574/491 1432/1566/490 2024/1560/1142 1751/1567/1138
f 1432/1566/490 67/1559/489 1745/1551/1121 2024/1560/1142
f 2024/1560/1142 1745/1551/1121 166/1543/1125 1754/1552/1143
f 1751/1567/1138 2024/1560/1142 1754/1552/1143 511/1561/1139
f 511/1561/1139 1754/1552/1143 2025/1544/1144 1756/1553/1145
f 1754/1552/1143 166/1543/1125 1750/1536/1133 2025/1544/1144
f 2025/1544/1144 1750/1536/1133 80/1527/1135 1755/1537/1146
f 1756/1553/1145 2025/1544/1144 1755/1537/1146 167/1545/1147
f 168/1547/1141 1752/1556/1140 2026/1548/1148 1758/1539/1149
f 1752/1556/1140 511/1561/1139 1756/1553/1145 2026/1548/1148
f 2026/1548/1148 1756/1553/1145 167/1545/1147 1757/1540/1150
f 1758/1539/1149 2026/1548/1148 1757/1540/1150 81/1532/1151
f 82/2830/1152 1759/2816/1153 2027/2829/1154 1762/2842/1155
f 1759/2816/1153 169/2801/1156 1760/2815/1157 2027/2829/1154
f 2027/2829/1154 1760/2815/1157 512/2828/1158 1761/2841/1159
f 1762/2842/1155 2027/2829/1154 1761/2841/1159 170/2853/1160
f 169/2801/1156 1763/2786/1161 2028/2800/1162 1760/2815/1157
f 1763/2786/1161 69/2770/832 1635/2785/899 2028/2800/1162
f 2028/2800/1162 1635/2785/899 429/2799/903 1764/2814/1163
f 1760/2815/1157 2028/2800/1162 1764/2814/1163 512/2828/1158
f 512/2828/1158 1764/2814/1163 2029/2827/1164 1765/2840/1165
f 1764/2814/1163 429/2799/903 1640/2813/912 2029/2827/1164
f 2029/1554/1164 1640/1562/912 68/1563/496 1753/1555/1137
f 1765/1546/1165 2029/1554/1164 1753/1555/1137 168/1547/1141
f 170/1521/1160 1761/1530/1159 2030/1531/1166 1766/1522/1167
f 1761/2841/1159 512/2828/1158 1765/2840/1165 2030/2852/1166
f 2030/1531/1166 1765/1546/1165 168/1547/1141 1758/1539/1149
f 1766/1522/1167 2030/1531/1166 1758/1539/1149 81/1532/1151
f 83/2774/1168 1767/2759/1169 2031/2773/1170 1770/2789/1171
f 1767/2759/1169 171/2743/1172 1768/2758/1173 2031/2773/1170
f 2031/2773/1170 1768/2758/1173 513/2772/1174 1769/2788/1175
f 1770/2789/1171 2031/2773/1170 1769/2788/1175 172/2803/1176
f 171/2743/1172 1771/2729/1177 2032/2742/1178 1768/2758/1173
f 1771/2729/1177 70/2712/757 1593/2728/814 2032/2742/1178
f 2032/2742/1178 1593/2728/814 417/2741/818 1772/2757/1179
f 1768/2758/1173 2032/2742/1178 1772/2757/1179 513/2772/1174
f 513/2772/1174 1772/2757/1179 2033/2771/1180 1773/2787/1181
f 1772/2757/1179 417/2741/818 1600/2756/830 2033/2771/1180
f 2033/2771/1180 1600/2756/830 69/2770/832 1763/2786/1161
f 1773/2787/1181 2033/2771/1180 1763/2786/1161 169/2801/1156
f 172/2803/1176 1769/2788/1175 2034/2802/1182 1774/2817/1183
f 1769/2788/1175 513/2772/1174 1773/2787/1181 2034/2802/1182
f 2034/2802/1182 1773/2787/1181 169/2801/1156 1759/2816/1153
f 1774/2817/1183 2034/2802/1182 1759/2816/1153 82/2830/1152
f 84/2716/1184 1775/2698/1185 2035/2715/1186 1778/2732/1187
f 1775/2698/1185 173/2680/1188 1776/2697/1189 2035/2715/1186
f 2035/2715/1186 1776/2697/1189 514/2714/1190 1777/2731/1191
f 1778/2732/1187 2035/2715/1186 1777/2731/1191 174/2745/1192
f 173/2680/1188 1779/2663/1193 2036/2679/1194 1776/2697/1189
f 1779/2663/1193 71/2644/672 1555/2662/739 2036/2679/1194
f 2036/2679/1194 1555/2662/739 406/2678/743 1780/2696/1195
f 1776/2697/1189 2036/2679/1194 1780/2696/1195 514/2714/1190
f 514/2714/1190 1780/2696/1195 2037/2713/1196 1781/2730/1197
f 1780/2696/1195 406/2678/743 1562/2695/755 2037/2713/1196
f 2037/2713/1196 1562/2695/755 70/2712/757 1771/2729/1177
f 1781/2730/1197 2037/2713/1196 1771/2729/1177 171/2743/1172
f 174/2745/1192 1777/2731/1191 2038/2744/1198 1782/2760/1199
f 1777/2731/1191 514/2714/1190 1781/2730/1197 2038/2744/1198
f 2038/2744/1198 1781/2730/1197 171/2743/1172 1767/2759/1169
f 1782/2760/1199 2038/2744/1198 1767/2759/1169 83/2774/1168
f 85/2648/1200 599/2631/1201 2039/2647/1202 602/2666/1203
f 599/2631/1201 175/2613/1204 600/2630/1205 2039/2647/1202
f 2039/2647/1202 600/2630/1205 515/2646/1206 601/2665/1207
f 602/2666/1203 2039/2647/1202 601/2665/1207 176/2682/1208
f 175/2613/1204 603/2594/1209 2040/2612/1210 600/2630/1205
f 603/2594/1209 72/2576/648 1512/2593/651 2040/2612/1210
f 2040/2612/1210 1512/2593/651 393/2611/656 604/2629/1211
f 600/2630/1205 2040/2612/1210 604/2629/1211 515/2646/1206
f 515/2646/1206 604/2629/1211 2041/2645/1212 605/2664/1213
f 604/2629/1211 393/2611/656 1520/2628/670 2041/2645/1212
f 2041/2645/1212 1520/2628/670 71/2644/672 1779/2663/1193
f 605/2664/1213 2041/2645/1212 1779/2663/1193 173/2680/1188
f 176/2682/1208 601/2665/1207 2042/2681/1214 606/2699/1215
f 601/2665/1207 515/2646/1206 605/2664/1213 2042/2681/1214
f 2042/2681/1214 605/2664/1213 173/2680/1188 1775/2698/1185
f 606/2699/1215 2042/2681/1214 1775/2698/1185 84/2716/1184
f 145/2568/521 1446/2554/520 2043/2567/1216 609/2584/1217
f 1446/2554/520 368/2539/516 607/2553/1218 2043/2567/1216
f 2043/2567/1216 607/2553/1218 516/2566/1219 608/2583/1220
f 609/2584/1217 2043/2567/1216 608/2583/1220 179/2602/1221
f 368/2539/516 1444/2525/515 2044/2538/1222 607/2553/1218
f 1444/2525/515 144/2524/514 610/2537/1223 2044/2538/1222
f 2044/2538/1222 610/2537/1223 177/2551/1224 611/2552/1225
f 607/2553/1218 2044/2538/1222 611/2552/1225 516/2566/1219
f 516/2566/1219 611/2552/1225 2045/2565/1226 614/2582/1227
f 611/2552/1225 177/2551/1224 612/2564/1228 2045/2565/1226
f 2045/2565/1226 612/2564/1228 147/2580/1229 613/2581/1230
f 614/2582/1227 2045/2565/1226 613/2581/1230 178/2600/1231
f 179/2602/1221 608/2583/1220 2046/2601/1232 616/2621/1233
f 608/2583/1220 516/2566/1219 614/2582/1227 2046/2601/1232
f 2046/2601/1232 614/2582/1227 178/2600/1231 615/2620/1234
f 616/2621/1233 2046/2601/1232 615/2620/1234 148/2639/1235
f 74/1663/956 1660/1679/955 2047/1664/1236 619/1650/1237
f 1660/1679/955 435/1697/951 617/1680/1238 2047/1664/1236
f 2047/1664/1236 617/1680/1238 517/1681/1239 618/1665/1240
f 619/1650/1237 2047/1664/1236 618/1665/1240 182/1651/1241
f 435/1697/951 1658/1714/950 2048/1698/1242 617/1680/1238
f 1658/1714/950 73/1731/949 620/1715/1243 2048/1698/1242
f 2048/1698/1242 620/1715/1243 180/1716/1244 621/1699/1245
f 617/1680/1238 2048/1698/1242 621/1699/1245 517/1681/1239
f 517/1681/1239 621/1699/1245 2049/1717/1246 624/1700/1247
f 621/1699/1245 180/1716/1244 622/1734/1248 2049/1717/1246
f 2049/1717/1246 622/1734/1248 86/1750/1249 623/1735/1250
f 624/1700/1247 2049/1717/1246 623/1735/1250 181/1718/1251
f 182/1651/1241 618/1665/1240 2050/1682/1252 626/1666/1253
f 618/1665/1240 517/1681/1239 624/1700/1247 2050/1682/1252
f 2050/1682/1252 624/1700/1247 181/1718/1251 625/1701/1254
f 626/1666/1253 2050/1682/1252 625/1701/1254 87/1683/1255
f 61/1621/1007 627/1622/1256 2051/1623/1257 1706/1624/1047
f 627/1102/1256 183/1093/1258 628/1101/1259 2051/1110/1257
f 2051/1623/1257 628/1629/1259 518/1630/1260 629/1625/1261
f 1706/1624/1047 2051/1623/1257 629/1625/1261 450/1626/1036
f 183/1093/1258 630/1092/1262 2052/1100/1263 628/1101/1259
f 630/1662/1262 74/1663/956 619/1650/1237 2052/1638/1263
f 2052/1638/1263 619/1650/1237 182/1651/1241 631/1639/1264
f 628/1629/1259 2052/1638/1263 631/1639/1264 518/1630/1260
f 518/1630/1260 631/1639/1264 2053/1652/1265 633/1640/1266
f 631/1639/1264 182/1651/1241 626/1666/1253 2053/1652/1265
f 2053/1652/1265 626/1666/1253 87/1683/1255 632/1684/1267
f 633/1129/1266 2053/1138/1265 632/1130/1267 184/1121/1268
f 450/1626/1036 629/1625/1261 2054/1631/1269 1700/1632/1031
f 629/1625/1261 518/1630/1260 633/1640/1266 2054/1631/1269
f 2054/1128/1269 633/1129/1266 184/1121/1268 634/1120/1270
f 1700/1632/1031 2054/1631/1269 634/1641/1270 88/1642/1028
f 140/2268/1067 1715/2252/1066 2055/2267/1271 637/2282/1272
f 1715/2252/1066 156/2237/1063 635/2251/1273 2055/2267/1271
f 2055/2267/1271 635/2251/1273 519/2266/1274 636/2281/1275
f 637/2282/1272 2055/2267/1271 636/2281/1275 187/2297/1276
f 156/2237/1063 1713/2223/1062 2056/2236/1277 635/2251/1273
f 1713/2223/1062 139/2222/1061 638/2235/1278 2056/2236/1277
f 2056/2236/1277 638/2235/1278 185/2249/1279 639/2250/1280
f 635/2251/1273 2056/2236/1277 639/2250/1280 519/2266/1274
f 519/2266/1274 639/2250/1280 2057/2265/1281 642/2280/1282
f 639/2250/1280 185/2249/1279 640/2264/1283 2057/2265/1281
f 2057/2265/1281 640/2264/1283 141/2278/1284 641/2279/1285
f 642/2280/1282 2057/2265/1281 641/2279/1285 186/2295/1286
f 187/2297/1276 636/2281/1275 2058/2296/1287 644/2312/1288
f 636/2281/1275 519/2266/1274 642/2280/1282 2058/2296/1287
f 2058/2296/1287 642/2280/1282 186/2295/1286 643/2311/1289
f 644/2312/1288 2058/2296/1287 643/2311/1289 142/2329/1290
f 77/2370/1087 1725/2363/1086 2059/2369/1291 647/2376/1292
f 1725/2363/1086 159/2356/1083 645/2362/1293 2059/2369/1291
f 2059/2369/1291 645/2362/1293 520/2368/1294 646/2375/1295
f 647/2376/1292 2059/2369/1291 646/2375/1295 190/2380/1296
f 159/2356/1083 1723/2345/1082 2060/2355/1297 645/2362/1293
f 1723/2345/1082 76/2333/1081 648/2344/1298 2060/2355/1297
f 2060/2355/1297 648/2344/1298 188/2354/1299 649/2361/1300
f 645/2362/1293 2060/2355/1297 649/2361/1300 520/2368/1294
f 520/2368/1294 649/2361/1300 2061/2367/1301 652/2374/1302
f 649/2361/1300 188/2354/1299 650/2360/1303 2061/2367/1301
f 2061/2367/1301 650/2360/1303 36/2366/1304 651/2373/1305
f 652/2374/1302 2061/2367/1301 651/2373/1305 189/2378/1306
f 190/2380/1296 646/2375/1295 2062/2379/1307 654/2383/1308
f 646/2375/1295 520/2368/1294 652/2374/1302 2062/2379/1307
f 2062/2379/1307 652/2374/1302 189/2378/1306 653/2382/1309
f 654/2383/1308 2062/2379/1307 653/2382/1309 42/2385/1310
f 78/2405/1103 1733/2406/1102 2063/2400/1311 657/2399/1312
f 1733/1394/1102 161/1393/1099 655/1397/1313 2063/1398/1311
f 2063/1398/1311 655/1397/1313 521/1401/1314 656/1402/1315
f 657/2399/1312 2063/2400/1311 656/2391/1315 192/2394/1316
f 161/1393/1099 1731/1396/1098 2064/1400/1317 655/1397/1313
f 1731/2377/1098 77/2370/1087 647/2376/1292 2064/2381/1317
f 2064/2381/1317 647/2376/1292 190/2380/1296 658/2384/1318
f 655/1397/1313 2064/1400/1317 658/1403/1318 521/1401/1314
f 521/2388/1314 658/2384/1318 2065/2386/1319 660/2389/1320
f 658/2384/1318 190/2380/1296 654/2383/1308 2065/2386/1319
f 2065/2386/1319 654/2383/1308 42/2385/1310 659/2387/1321
f 660/2389/1320 2065/2386/1319 659/2387/1321 191/2390/1322
f 192/2394/1316 656/2391/1315 2066/2392/1323 662/2395/1324
f 656/2391/1315 521/2388/1314 660/2389/1320 2066/2392/1323
f 2066/2392/1323 660/2389/1320 191/2390/1322 661/2393/1325
f 662/2395/1324 2066/2392/1323 661/2393/1325 46/2398/1326
f 79/2439/1119 1741/2429/1118 2067/2421/1327 665/2430/1328
f 1741/2429/1118 163/2420/1115 663/2413/1329 2067/2421/1327
f 2067/2421/1327 663/2413/1329 522/2408/1330 664/2414/1331
f 665/2430/1328 2067/2421/1327 664/2414/1331 194/2422/1332
f 163/2420/1115 1739/2412/1114 2068/2407/1333 663/2413/1329
f 1739/2412/1114 78/2405/1103 657/2399/1312 2068/2407/1333
f 2068/2407/1333 657/2399/1312 192/2394/1316 666/2401/1334
f 663/2413/1329 2068/2407/1333 666/2401/1334 522/2408/1330
f 522/2408/1330 666/2401/1334 2069/2402/1335 668/2409/1336
f 666/2401/1334 192/2394/1316 662/2395/1324 2069/2402/1335
f 2069/2402/1335 662/2395/1324 46/2398/1326 667/2404/1337
f 668/2409/1336 2069/2402/1335 667/2404/1337 193/2411/1338
f 194/2422/1332 664/2414/1331 2070/2415/1339 670/2423/1340
f 664/2414/1331 522/2408/1330 668/2409/1336 2070/2415/1339
f 2070/2415/1339 668/2409/1336 193/2411/1338 669/2417/1341
f 670/2423/1340 2070/2415/1339 669/2417/1341 50/2425/1342
f 80/1527/1135 1749/1515/1134 2071/1505/1343 673/1517/1344
f 1749/1515/1134 165/1516/1131 671/1506/1345 2071/1505/1343
f 2071/1505/1343 671/1506/1345 523/1498/1346 672/1497/1347
f 673/1517/1344 2071/1505/1343 672/1497/1347 196/1507/1348
f 165/2456/1131 1747/2448/1130 2072/2440/1349 671/2449/1345
f 1747/2448/1130 79/2439/1119 665/2430/1328 2072/2440/1349
f 2072/2440/1349 665/2430/1328 194/2422/1332 674/2431/1350
f 671/2449/1345 2072/2440/1349 674/2431/1350 523/2441/1346
f 523/2441/1346 674/2431/1350 2073/2432/1351 676/2442/1352
f 674/2431/1350 194/2422/1332 670/2423/1340 2073/2432/1351
f 2073/2432/1351 670/2423/1340 50/2425/1342 675/2434/1353
f 676/1491/1352 2073/1492/1351 675/1485/1353 195/1484/1354
f 196/1507/1348 672/1497/1347 2074/1494/1355 678/1499/1356
f 672/1497/1347 523/1498/1346 676/1491/1352 2074/1494/1355
f 2074/1494/1355 676/1491/1352 195/1484/1354 677/1490/1357
f 678/1499/1356 2074/1494/1355 677/1490/1357 54/1500/1358
f 81/1532/1151 1757/1540/1150 2075/1533/1359 681/1523/1360
f 1757/1540/1150 167/1545/1147 679/1538/1361 2075/1533/1359
f 2075/1533/1359 679/1538/1361 524/1529/1362 680/1524/1363
f 681/1523/1360 2075/1533/1359 680/1524/1363 198/1512/1364
f 167/1545/1147 1755/1537/1146 2076/1528/1365 679/1538/1361
f 1755/1537/1146 80/1527/1135 673/1517/1344 2076/1528/1365
f 2076/1528/1365 673/1517/1344 196/1507/1348 682/1518/1366
f 679/1538/1361 2076/1528/1365 682/1518/1366 524/1529/1362
f 524/1529/1362 682/1518/1366 2077/1508/1367 684/1519/1368
f 682/1518/1366 196/1507/1348 678/1499/1356 2077/1508/1367
f 2077/1508/1367 678/1499/1356 54/1500/1358 683/1509/1369
f 684/1519/1368 2077/1508/1367 683/1509/1369 197/1520/1370
f 198/1512/1364 680/1524/1363 2078/1513/1371 686/1503/1372
f 680/1524/1363 524/1529/1362 684/1519/1368 2078/1513/1371
f 2078/1513/1371 684/1519/1368 197/1520/1370 685/1514/1373
f 686/1503/1372 2078/1513/1371 685/1514/1373 55/1504/1374
f 51/2872/1375 687/2865/1376 2079/2871/1377 690/2876/1378
f 687/2865/1376 199/2855/1379 688/2864/1380 2079/2871/1377
f 2079/2871/1377 688/2864/1380 525/2870/1381 689/2875/1382
f 690/2876/1378 2079/2871/1377 689/2875/1382 200/2877/1383
f 199/2855/1379 691/2843/1384 2080/2854/1385 688/2864/1380
f 691/2843/1384 82/2830/1152 1762/2842/1155 2080/2854/1385
f 2080/2854/1385 1762/2842/1155 170/2853/1160 692/2863/1386
f 688/2864/1380 2080/2854/1385 692/2863/1386 525/2870/1381
f 525/1501/1381 692/1510/1386 2081/1511/1387 693/1502/1388
f 692/1510/1386 170/1521/1160 1766/1522/1167 2081/1511/1387
f 2081/1511/1387 1766/1522/1167 81/1532/1151 681/1523/1360
f 693/1502/1388 2081/1511/1387 681/1523/1360 198/1512/1364
f 200/1487/1383 689/1495/1382 2082/1496/1389 694/1493/1390
f 689/1495/1382 525/1501/1381 693/1502/1388 2082/1496/1389
f 2082/1496/1389 693/1502/1388 198/1512/1364 686/1503/1372
f 694/1493/1390 2082/1496/1389 686/1503/1372 55/1504/1374
f 47/2834/1391 695/2820/1392 2083/2833/1393 698/2846/1394
f 695/2820/1392 201/2805/1395 696/2819/1396 2083/2833/1393
f 2083/2833/1393 696/2819/1396 526/2832/1397 697/2845/1398
f 698/2846/1394 2083/2833/1393 697/2845/1398 202/2857/1399
f 201/2805/1395 699/2790/1400 2084/2804/1401 696/2819/1396
f 699/2790/1400 83/2774/1168 1770/2789/1171 2084/2804/1401
f 2084/2804/1401 1770/2789/1171 172/2803/1176 700/2818/1402
f 696/2819/1396 2084/2804/1401 700/2818/1402 526/2832/1397
f 526/2832/1397 700/2818/1402 2085/2831/1403 701/2844/1404
f 700/2818/1402 172/2803/1176 1774/2817/1183 2085/2831/1403
f 2085/2831/1403 1774/2817/1183 82/2830/1152 691/2843/1384
f 701/2844/1404 2085/2831/1403 691/2843/1384 199/2855/1379
f 202/2857/1399 697/2845/1398 2086/2856/1405 702/2866/1406
f 697/2845/1398 526/2832/1397 701/2844/1404 2086/2856/1405
f 2086/2856/1405 701/2844/1404 199/2855/1379 687/2865/1376
f 702/2866/1406 2086/2856/1405 687/2865/1376 51/2872/1375
f 43/470/1407 703/480/1408 2087/488/1409 706/489/1410
f 703/2763/1408 203/2747/1411 704/2762/1412 2087/2777/1409
f 2087/2777/1409 704/2762/1412 527/2776/1413 705/2792/1414
f 706/2807/1410 2087/2777/1409 705/2792/1414 204/2808/1415
f 203/2747/1411 707/2733/1416 2088/2746/1417 704/2762/1412
f 707/2733/1416 84/2716/1184 1778/2732/1187 2088/2746/1417
f 2088/2746/1417 1778/2732/1187 174/2745/1192 708/2761/1418
f 704/2762/1412 2088/2746/1417 708/2761/1418 527/2776/1413
f 527/2776/1413 708/2761/1418 2089/2775/1419 709/2791/1420
f 708/2761/1418 174/2745/1192 1782/2760/1199 2089/2775/1419
f 2089/2775/1419 1782/2760/1199 83/2774/1168 699/2790/1400
f 709/2791/1420 2089/2775/1419 699/2790/1400 201/2805/1395
f 204/2808/1415 705/2792/1414 2090/2806/1421 710/2821/1422
f 705/2792/1414 527/2776/1413 709/2791/1420 2090/2806/1421
f 2090/2806/1421 709/2791/1420 201/2805/1395 695/2820/1392
f 710/2821/1422 2090/2806/1421 695/2820/1392 47/2834/1391
f 38/2720/1423 711/2702/1424 2091/2719/1425 714/2736/1426
f 711/2702/1424 205/2684/1427 712/2701/1428 2091/2719/1425
f 2091/2719/1425 712/2701/1428 528/2718/1429 713/2735/1430
f 714/2736/1426 2091/2719/1425 713/2735/1430 206/2749/1431
f 205/2684/1427 715/2667/1432 2092/2683/1433 712/2701/1428
f 715/2667/1432 85/2648/1200 602/2666/1203 2092/2683/1433
f 2092/2683/1433 602/2666/1203 176/2682/1208 716/2700/1434
f 712/2701/1428 2092/2683/1433 716/2700/1434 528/2718/1429
f 528/2718/1429 716/2700/1434 2093/2717/1435 717/2734/1436
f 716/2700/1434 176/2682/1208 606/2699/1215 2093/2717/1435
f 2093/2717/1435 606/2699/1215 84/2716/1184 707/2733/1416
f 717/2734/1436 2093/2717/1435 707/2733/1416 203/2747/1411
f 206/2749/1431 713/2735/1430 2094/2748/1437 718/2764/1438
f 713/2735/1430 528/2718/1429 717/2734/1436 2094/2748/1437
f 2094/2748/1437 717/2734/1436 203/2747/1411 703/2763/1408
f 718/460/1438 2094/479/1437 703/480/1408 43/470/1407
f 148/2639/1235 615/2620/1234 2095/2638/1439 721/2656/1440
f 615/2620/1234 178/2600/1231 719/2619/1441 2095/2638/1439
f 2095/2638/1439 719/2619/1441 529/2637/1442 720/2655/1443
f 721/2656/1440 2095/2638/1439 720/2655/1443 209/2674/1444
f 178/2600/1231 613/2581/1230 2096/2599/1445 719/2619/1441
f 613/2581/1230 147/2580/1229 722/2598/1446 2096/2599/1445
f 2096/2599/1445 722/2598/1446 207/2617/1447 723/2618/1448
f 719/2619/1441 2096/2599/1445 723/2618/1448 529/2637/1442
f 529/2637/1442 723/2618/1448 2097/2636/1449 726/2654/1450
f 723/2618/1448 207/2617/1447 724/2635/1451 2097/2636/1449
f 2097/2636/1449 724/2635/1451 149/2652/1452 725/2653/1453
f 726/2654/1450 2097/2636/1449 725/2653/1453 208/2672/1454
f 209/2674/1444 720/2655/1443 2098/2673/1455 728/2690/1456
f 720/2655/1443 529/2637/1442 726/2654/1450 2098/2673/1455
f 2098/2673/1455 726/2654/1450 208/2672/1454 727/2689/1457
f 728/2690/1456 2098/2673/1455 727/2689/1457 150/2707/1458
f 87/1683/1255 625/1701/1254 2099/1719/1459 731/1720/1460
f 625/1701/1254 181/1718/1251 729/1736/1461 2099/1719/1459
f 2099/1719/1459 729/1736/1461 530/1752/1462 730/1737/1463
f 731/1720/1460 2099/1719/1459 730/1737/1463 212/1738/1464
f 181/1718/1251 623/1735/1250 2100/1751/1465 729/1736/1461
f 623/1735/1250 86/1750/1249 732/1763/1466 2100/1751/1465
f 2100/1751/1465 732/1763/1466 210/1772/1467 733/1764/1468
f 729/1736/1461 2100/1751/1465 733/1764/1468 530/1752/1462
f 530/1752/1462 733/1764/1468 2101/1773/1469 736/1765/1470
f 733/1764/1468 210/1772/1467 734/1777/1471 2101/1773/1469
f 2101/2778/1469 734/2766/1471 40/2765/1472 735/2779/1473
f 736/1765/1470 2101/1773/1469 735/1778/1473 211/1774/1474
f 212/1738/1464 730/1737/1463 2102/1753/1475 738/1754/1476
f 730/1737/1463 530/1752/1462 736/1765/1470 2102/1753/1475
f 2102/1753/1475 736/1765/1470 211/1774/1474 737/1766/1477
f 738/1754/1476 2102/1753/1475 737/1766/1477 58/1767/1478
f 94/1780/1479 739/1781/1480 2103/1782/1481 742/1783/1482
f 739/1781/1480 213/1784/1483 740/1785/1484 2103/1782/1481
f 2103/1782/1481 740/1785/1484 531/1792/1485 741/1786/1486
f 742/1783/1482 2103/1782/1481 741/1786/1486 216/1787/1487
f 213/1784/1483 743/1790/1488 2104/1791/1489 740/1785/1484
f 743/1790/1488 93/1796/1490 744/1797/1491 2104/1791/1489
f 2104/1791/1489 744/1797/1491 214/1805/1492 745/1798/1493
f 740/1785/1484 2104/1791/1489 745/1798/1493 531/1792/1485
f 531/1792/1485 745/1798/1493 2105/1806/1494 748/1799/1495
f 745/1798/1493 214/1805/1492 746/1810/1496 2105/1806/1494
f 2105/1806/1494 746/1810/1496 95/1813/1497 747/1811/1498
f 748/1799/1495 2105/1806/1494 747/1811/1498 215/1807/1499
f 216/1787/1487 741/1786/1486 2106/1793/1500 750/1794/1501
f 741/1786/1486 531/1792/1485 748/1799/1495 2106/1793/1500
f 2106/1793/1500 748/1799/1495 215/1807/1499 749/1800/1502
f 750/1794/1501 2106/1793/1500 749/1800/1502 96/1801/1503
f 34/2338/1504 751/2324/1505 2107/2349/1506 754/2350/1507
f 751/1756/1505 217/1740/1508 752/1722/1509 2107/1741/1506
f 2107/1741/1506 752/1722/1509 532/1703/1510 753/1723/1511
f 754/1757/1507 2107/1741/1506 753/1723/1511 219/1742/1512
f 217/1740/1508 755/1721/1513 2108/1702/1514 752/1722/1509
f 755/1721/1513 75/1706/1039 1701/1688/1037 2108/1702/1514
f 2108/1702/1514 1701/1688/1037 448/1669/1032 756/1685/1515
f 752/1722/1509 2108/1702/1514 756/1685/1515 532/1703/1510
f 532/1703/1510 756/1685/1515 2109/1667/1516 758/1686/1517
f 756/1685/1515 448/1669/1032 1697/1653/1029 2109/1667/1516
f 2109/1667/1516 1697/1653/1029 88/1642/1028 757/1668/1518
f 758/1686/1517 2109/1667/1516 757/1668/1518 218/1687/1519
f 219/1742/1512 753/1723/1511 2110/1704/1520 760/1724/1521
f 753/1723/1511 532/1703/1510 758/1686/1517 2110/1704/1520
f 2110/1704/1520 758/1686/1517 218/1687/1519 759/1705/1522
f 760/1724/1521 2110/1704/1520 759/1705/1522 59/1725/1523
f 57/2878/962 1663/2879/961 2111/2880/1524 763/2881/1525
f 1663/2879/961 436/2882/958 761/2883/1526 2111/2880/1524
f 2111/2880/1524 761/2883/1526 533/2888/1527 762/2884/1528
f 763/2881/1525 2111/2880/1524 762/2884/1528 221/2885/1529
f 436/2882/958 1661/2886/957 2112/2887/1530 761/2883/1526
f 1661/2886/957 74/2891/956 764/2892/1531 2112/2887/1530
f 2112/2887/1530 764/2892/1531 220/2895/1532 765/2893/1533
f 761/2883/1526 2112/2887/1530 765/2893/1533 533/2888/1527
f 533/2888/1527 765/2893/1533 2113/2896/1534 767/2894/1535
f 765/2893/1533 220/2895/1532 766/2897/1536 2113/2896/1534
f 2113/1298/1534 766/1305/1536 90/1299/539 1455/1293/537
f 767/1292/1535 2113/1298/1534 1455/1293/537 371/1288/532
f 221/2885/1529 762/2884/1528 2114/2889/1537 768/2890/1538
f 762/2884/1528 533/2888/1527 767/2894/1535 2114/2889/1537
f 2114/1287/1537 767/1292/1535 371/1288/532 1451/1283/529
f 768/1286/1538 2114/1287/1537 1451/1283/529 89/1282/528
f 74/1103/956 630/1092/1262 2115/1088/1539 764/1098/1531
f 630/1092/1262 183/1093/1258 769/1089/1540 2115/1088/1539
f 2115/1088/1539 769/1089/1540 534/1090/1541 770/1091/1542
f 764/1098/1531 2115/1088/1539 770/1091/1542 220/1099/1532
f 183/1093/1258 627/1102/1256 2116/1094/1543 769/1089/1540
f 627/1102/1256 61/1111/1007 771/1104/1544 2116/1094/1543
f 2116/1094/1543 771/1104/1544 222/1105/1545 772/1095/1546
f 769/1089/1540 2116/1094/1543 772/1095/1546 534/1090/1541
f 534/1090/1541 772/1095/1546 2117/1106/1547 774/1096/1548
f 772/1095/1546 222/1105/1545 773/1112/1549 2117/1106/1547
f 2117/1106/1547 773/1112/1549 91/1115/546 1458/1113/545
f 774/1096/1548 2117/1106/1547 1458/1113/545 372/1107/541
f 220/1099/1532 770/1091/1542 2118/1097/1550 766/1109/1536
f 770/1091/1542 534/1090/1541 774/1096/1548 2118/1097/1550
f 2118/1097/1550 774/1096/1548 372/1107/541 1456/1108/540
f 766/1109/1536 2118/1097/1550 1456/1108/540 90/1114/539
f 61/2898/1007 1685/2899/1006 2119/2900/1551 771/2901/1544
f 1685/2899/1006 443/2902/1003 775/2903/1552 2119/2900/1551
f 2119/2900/1551 775/2903/1552 535/2908/1553 776/2904/1554
f 771/2901/1544 2119/2900/1551 776/2904/1554 222/2905/1545
f 443/2902/1003 1683/2906/1002 2120/2907/1555 775/2903/1552
f 1683/2906/1002 60/2911/1001 777/2912/1556 2120/2907/1555
f 2120/2907/1555 777/2912/1556 223/2915/1557 778/2913/1558
f 775/2903/1552 2120/2907/1555 778/2913/1558 535/2908/1553
f 535/2908/1553 778/2913/1558 2121/2916/1559 780/2914/1560
f 778/2913/1558 223/2915/1557 779/2917/1561 2121/2916/1559
f 2121/1309/1559 779/1310/1561 92/1304/552 1461/1303/551
f 780/1313/1560 2121/1309/1559 1461/1303/551 373/1308/548
f 222/2905/1545 776/2904/1554 2122/2909/1562 773/2910/1549
f 776/2904/1554 535/2908/1553 780/2914/1560 2122/2909/1562
f 2122/1315/1562 780/1313/1560 373/1308/548 1459/1312/547
f 773/1316/1549 2122/1315/1562 1459/1312/547 91/1314/546
f 60/852/1001 781/832/1563 2123/851/1564 777/867/1556
f 781/832/1563 224/811/1565 782/831/1566 2123/851/1564
f 2123/851/1564 782/831/1566 536/850/1567 783/866/1568
f 777/867/1556 2123/851/1564 783/866/1568 223/878/1557
f 224/811/1565 784/786/1569 2124/810/1570 782/831/1566
f 784/786/1569 57/785/962 763/809/1525 2124/810/1570
f 2124/810/1570 763/809/1525 221/829/1529 785/830/1571
f 782/831/1566 2124/810/1570 785/830/1571 536/850/1567
f 536/850/1567 785/830/1571 2125/849/1572 786/865/1573
f 785/830/1571 221/829/1529 768/848/1538 2125/849/1572
f 2125/849/1572 768/848/1538 89/863/528 1454/864/531
f 786/865/1573 2125/849/1572 1454/864/531 374/876/536
f 223/878/1557 783/866/1568 2126/877/1574 779/885/1561
f 783/866/1568 536/850/1567 786/865/1573 2126/877/1574
f 2126/877/1574 786/865/1573 374/876/536 1462/884/550
f 779/885/1561 2126/877/1574 1462/884/550 92/890/552
f 88/1131/1028 634/1120/1270 2127/1116/1575 789/1126/1576
f 634/1120/1270 184/1121/1268 787/1117/1577 2127/1116/1575
f 2127/1116/1575 787/1117/1577 537/1118/1578 788/1119/1579
f 789/1126/1576 2127/1116/1575 788/1119/1579 226/1127/1580
f 184/1121/1268 632/1130/1267 2128/1122/1581 787/1117/1577
f 632/1130/1267 87/1139/1255 790/1132/1582 2128/1122/1581
f 2128/1122/1581 790/1132/1582 225/1133/1583 791/1123/1584
f 787/1117/1577 2128/1122/1581 791/1123/1584 537/1118/1578
f 537/1118/1578 791/1123/1584 2129/1134/1585 793/1124/1586
f 791/1123/1584 225/1133/1583 792/1140/1587 2129/1134/1585
f 2129/1134/1585 792/1140/1587 93/1143/1490 743/1141/1488
f 793/1124/1586 2129/1134/1585 743/1141/1488 213/1135/1483
f 226/1127/1580 788/1119/1579 2130/1125/1588 794/1137/1589
f 788/1119/1579 537/1118/1578 793/1124/1586 2130/1125/1588
f 2130/1125/1588 793/1124/1586 213/1135/1483 739/1136/1480
f 794/1137/1589 2130/1125/1588 739/1136/1480 94/1142/1479
f 87/2918/1255 731/2919/1460 2131/2920/1590 790/2921/1582
f 731/2919/1460 212/2922/1464 795/2923/1591 2131/2920/1590
f 2131/2920/1590 795/2923/1591 538/2928/1592 796/2924/1593
f 790/2921/1582 2131/2920/1590 796/2924/1593 225/2925/1583
f 212/2922/1464 738/2926/1476 2132/2927/1594 795/2923/1591
f 738/2926/1476 58/2931/1478 797/2932/1595 2132/2927/1594
f 2132/2927/1594 797/2932/1595 227/2935/1596 798/2933/1597
f 795/2923/1591 2132/2927/1594 798/2933/1597 538/2928/1592
f 538/2928/1592 798/2933/1597 2133/2936/1598 800/2934/1599
f 798/2933/1597 227/2935/1596 799/2937/1600 2133/2936/1598
f 2133/1812/1598 799/1814/1600 95/1813/1497 746/1810/1496
f 800/1809/1599 2133/1812/1598 746/1810/1496 214/1805/1492
f 225/2925/1583 796/2924/1593 2134/2929/1601 792/2930/1587
f 796/2924/1593 538/2928/1592 800/2934/1599 2134/2929/1601
f 2134/1804/1601 800/1809/1599 214/1805/1492 744/1797/1491
f 792/1803/1587 2134/1804/1601 744/1797/1491 93/1796/1490
f 58/434/1478 801/414/1602 2135/433/1603 797/449/1595
f 801/414/1602 228/394/1604 802/413/1605 2135/433/1603
f 2135/433/1603 802/413/1605 539/432/1606 803/448/1607
f 797/449/1595 2135/433/1603 803/448/1607 227/459/1596
f 228/394/1604 804/371/1608 2136/393/1609 802/413/1605
f 804/371/1608 59/370/1523 805/392/1610 2136/393/1609
f 2136/393/1609 805/392/1610 229/411/1611 806/412/1612
f 802/413/1605 2136/393/1609 806/412/1612 539/432/1606
f 539/432/1606 806/412/1612 2137/431/1613 808/447/1614
f 806/412/1612 229/411/1611 807/430/1615 2137/431/1613
f 2137/431/1613 807/430/1615 96/445/1503 749/446/1502
f 808/447/1614 2137/431/1613 749/446/1502 215/457/1499
f 227/459/1596 803/448/1607 2138/458/1616 799/469/1600
f 803/448/1607 539/432/1606 808/447/1614 2138/458/1616
f 2138/458/1616 808/447/1614 215/457/1499 747/468/1498
f 799/469/1600 2138/458/1616 747/468/1498 95/478/1497
f 59/2938/1523 759/2939/1522 2139/2940/1617 805/2941/1610
f 759/2939/1522 218/2942/1519 809/2943/1618 2139/2940/1617
f 2139/2940/1617 809/2943/1618 540/2948/1619 810/2944/1620
f 805/2941/1610 2139/2940/1617 810/2944/1620 229/2945/1611
f 218/2942/1519 757/2946/1518 2140/2947/1621 809/2943/1618
f 757/2946/1518 88/2951/1028 789/2952/1576 2140/2947/1621
f 2140/2947/1621 789/2952/1576 226/2955/1580 811/2953/1622
f 809/2943/1618 2140/2947/1621 811/2953/1622 540/2948/1619
f 540/2948/1619 811/2953/1622 2141/2956/1623 812/2954/1624
f 811/2953/1622 226/2955/1580 794/2957/1589 2141/2956/1623
f 2141/1788/1623 794/1789/1589 94/1780/1479 742/1783/1482
f 812/1795/1624 2141/1788/1623 742/1783/1482 216/1787/1487
f 229/2945/1611 810/2944/1620 2142/2949/1625 807/2950/1615
f 810/2944/1620 540/2948/1619 812/2954/1624 2142/2949/1625
f 2142/1802/1625 812/1795/1624 216/1787/1487 750/1794/1501
f 807/1808/1615 2142/1802/1625 750/1794/1501 96/1801/1503
f 40/355/1472 813/356/1626 2143/333/1627 816/332/1628
f 813/356/1626 230/380/1629 814/357/1630 2143/333/1627
f 2143/333/1627 814/357/1630 541/334/1631 815/310/1632
f 816/332/1628 2143/333/1627 815/310/1632 232/309/1633
f 230/380/1629 817/400/1634 2144/381/1635 814/357/1630
f 817/400/1634 38/420/1423 818/401/1636 2144/381/1635
f 2144/381/1635 818/401/1636 231/382/1637 819/358/1638
f 814/357/1630 2144/381/1635 819/358/1638 541/334/1631
f 541/334/1631 819/358/1638 2145/335/1639 821/311/1640
f 819/358/1638 231/382/1637 820/359/1641 2145/335/1639
f 2145/335/1639 820/359/1641 99/336/571 1470/312/570
f 821/311/1640 2145/335/1639 1470/312/570 376/290/566
f 232/309/1633 815/310/1632 2146/289/1642 822/288/1643
f 815/310/1632 541/334/1631 821/311/1640 2146/289/1642
f 2146/289/1642 821/311/1640 376/290/566 1468/271/565
f 822/288/1643 2146/289/1642 1468/271/565 97/270/564
f 36/368/1304 823/344/1644 2147/319/1645 826/343/1646
f 823/344/1644 233/320/1647 824/297/1648 2147/319/1645
f 2147/319/1645 824/297/1648 542/277/1649 825/296/1650
f 826/343/1646 2147/319/1645 825/296/1650 235/318/1651
f 233/320/1647 827/298/1652 2148/278/1653 824/297/1648
f 827/298/1652 34/299/1504 828/279/1654 2148/278/1653
f 2148/278/1653 828/279/1654 234/263/1655 829/262/1656
f 824/297/1648 2148/278/1653 829/262/1656 542/277/1649
f 542/277/1649 829/262/1656 2149/250/1657 831/261/1658
f 829/262/1656 234/263/1655 830/251/1659 2149/250/1657
f 2149/250/1657 830/251/1659 98/240/553 1466/243/556
f 831/261/1658 2149/250/1657 1466/243/556 378/249/561
f 235/318/1651 825/296/1650 2150/276/1660 832/295/1661
f 825/296/1650 542/277/1649 831/261/1658 2150/276/1660
f 2150/276/1660 831/261/1658 378/249/561 1474/260/575
f 832/295/1661 2150/276/1660 1474/260/575 100/275/577
f 38/420/1423 714/437/1426 2151/421/1662 818/401/1636
f 714/437/1426 206/450/1431 833/438/1663 2151/421/1662
f 2151/421/1662 833/438/1663 543/422/1664 834/402/1665
f 818/401/1636 2151/421/1662 834/402/1665 231/382/1637
f 206/450/1431 718/460/1438 2152/451/1666 833/438/1663
f 718/460/1438 43/470/1407 835/461/1667 2152/451/1666
f 2152/451/1666 835/461/1667 236/452/1668 836/439/1669
f 833/438/1663 2152/451/1666 836/439/1669 543/422/1664
f 543/422/1664 836/439/1669 2153/423/1670 838/403/1671
f 836/439/1669 236/452/1668 837/440/1672 2153/423/1670
f 2153/423/1670 837/440/1672 101/424/641 1504/404/640
f 838/403/1671 2153/423/1670 1504/404/640 387/384/636
f 231/382/1637 834/402/1665 2154/383/1673 820/359/1641
f 834/402/1665 543/422/1664 838/403/1671 2154/383/1673
f 2154/383/1673 838/403/1671 387/384/636 1502/360/635
f 820/359/1641 2154/383/1673 1502/360/635 99/336/571
f 43/470/1407 839/462/1674 2155/453/1675 835/461/1667
f 839/462/1674 237/454/1676 840/442/1677 2155/453/1675
f 2155/453/1675 840/442/1677 544/426/1678 841/441/1679
f 835/461/1667 2155/453/1675 841/441/1679 236/452/1668
f 237/454/1676 842/443/1680 2156/427/1681 840/442/1677
f 842/443/1680 42/444/1310 843/428/1682 2156/427/1681
f 2156/427/1681 843/428/1682 238/408/1683 844/407/1684
f 840/442/1677 2156/427/1681 844/407/1684 544/426/1678
f 544/426/1678 844/407/1684 2157/387/1685 846/406/1686
f 844/407/1684 238/408/1683 845/388/1687 2157/387/1685
f 2157/387/1685 845/388/1687 102/364/647 1507/363/646
f 846/406/1686 2157/387/1685 1507/363/646 388/386/643
f 236/452/1668 841/441/1679 2158/425/1688 837/440/1672
f 841/441/1679 544/426/1678 846/406/1686 2158/425/1688
f 2158/425/1688 846/406/1686 388/386/643 1505/405/642
f 837/440/1672 2158/425/1688 1505/405/642 101/424/641
f 42/444/1310 653/429/1309 2159/409/1689 843/428/1682
f 653/429/1309 189/410/1306 847/390/1690 2159/409/1689
f 2159/409/1689 847/390/1690 545/366/1691 848/389/1692
f 843/428/1682 2159/409/1689 848/389/1692 238/408/1683
f 189/410/1306 651/391/1305 2160/367/1693 847/390/1690
f 651/391/1305 36/368/1304 826/343/1646 2160/367/1693
f 2160/367/1693 826/343/1646 235/318/1651 849/342/1694
f 847/390/1690 2160/367/1693 849/342/1694 545/366/1691
f 545/366/1691 849/342/1694 2161/317/1695 850/341/1696
f 849/342/1694 235/318/1651 832/295/1661 2161/317/1695
f 2161/317/1695 832/295/1661 100/275/577 1501/294/629
f 850/341/1696 2161/317/1695 1501/294/629 389/316/633
f 238/408/1683 848/389/1692 2162/365/1697 845/388/1687
f 848/389/1692 545/366/1691 850/341/1696 2162/365/1697
f 2162/365/1697 850/341/1696 389/316/633 1508/340/645
f 845/388/1687 2162/365/1697 1508/340/645 102/364/647
f 34/299/1504 754/300/1507 2163/280/1698 828/279/1654
f 754/300/1507 219/323/1512 851/301/1699 2163/280/1698
f 2163/280/1698 851/301/1699 546/281/1700 852/264/1701
f 828/279/1654 2163/280/1698 852/264/1701 234/263/1655
f 219/323/1512 760/346/1521 2164/324/1702 851/301/1699
f 760/346/1521 59/370/1523 853/347/1703 2164/324/1702
f 2164/324/1702 853/347/1703 239/325/1704 854/302/1705
f 851/301/1699 2164/324/1702 854/302/1705 546/281/1700
f 546/281/1700 854/302/1705 2165/282/1706 856/265/1707
f 854/302/1705 239/325/1704 855/303/1708 2165/282/1706
f 2165/282/1706 855/303/1708 103/283/976 1670/266/975
f 856/265/1707 2165/282/1706 1670/266/975 438/253/971
f 234/263/1655 852/264/1701 2166/252/1709 830/251/1659
f 852/264/1701 546/281/1700 856/265/1707 2166/252/1709
f 2166/252/1709 856/265/1707 438/253/971 1668/244/970
f 830/251/1659 2166/252/1709 1668/244/970 98/240/553
f 59/370/1523 804/371/1608 2167/348/1710 853/347/1703
f 804/371/1608 228/394/1604 857/372/1711 2167/348/1710
f 2167/348/1710 857/372/1711 547/349/1712 858/326/1713
f 853/347/1703 2167/348/1710 858/326/1713 239/325/1704
f 228/394/1604 801/414/1602 2168/395/1714 857/372/1711
f 801/414/1602 58/434/1478 859/415/1715 2168/395/1714
f 2168/395/1714 859/415/1715 240/396/1716 860/373/1717
f 857/372/1711 2168/395/1714 860/373/1717 547/349/1712
f 547/349/1712 860/373/1717 2169/350/1718 862/327/1719
f 860/373/1717 240/396/1716 861/374/1720 2169/350/1718
f 2169/350/1718 861/374/1720 104/351/982 1673/328/981
f 862/327/1719 2169/350/1718 1673/328/981 439/305/978
f 239/325/1704 858/326/1713 2170/304/1721 855/303/1708
f 858/326/1713 547/349/1712 862/327/1719 2170/304/1721
f 2170/304/1721 862/327/1719 439/305/978 1671/284/977
f 855/303/1708 2170/304/1721 1671/284/977 103/283/976
f 58/434/1478 737/416/1477 2171/397/1722 859/415/1715
f 737/416/1477 211/398/1474 863/376/1723 2171/397/1722
f 2171/397/1722 863/376/1723 548/353/1724 864/375/1725
f 859/415/1715 2171/397/1722 864/375/1725 240/396/1716
f 211/398/1474 735/377/1473 2172/354/1726 863/376/1723
f 735/377/1473 40/355/1472 816/332/1628 2172/354/1726
f 2172/354/1726 816/332/1628 232/309/1633 865/331/1727
f 863/376/1723 2172/354/1726 865/331/1727 548/353/1724
f 548/353/1724 865/331/1727 2173/308/1728 866/330/1729
f 865/331/1727 232/309/1633 822/288/1643 2173/308/1728
f 2173/308/1728 822/288/1643 97/270/564 1667/287/964
f 866/330/1729 2173/308/1728 1667/287/964 440/307/968
f 240/396/1716 864/375/1725 2174/352/1730 861/374/1720
f 864/375/1725 548/353/1724 866/330/1729 2174/352/1730
f 2174/352/1730 866/330/1729 440/307/968 1674/329/980
f 861/374/1720 2174/352/1730 1674/329/980 104/351/982
f 33/769/994 867/770/1731 2175/745/1732 870/744/1733
f 867/770/1731 241/795/1734 868/771/1735 2175/745/1732
f 2175/745/1732 868/771/1735 549/746/1736 869/722/1737
f 870/744/1733 2175/745/1732 869/722/1737 243/721/1738
f 241/795/1734 871/817/1739 2176/796/1740 868/771/1735
f 871/817/1739 35/836/603 872/818/1741 2176/796/1740
f 2176/796/1740 872/818/1741 242/797/1742 873/772/1743
f 868/771/1735 2176/796/1740 873/772/1743 549/746/1736
f 549/746/1736 873/772/1743 2177/747/1744 875/723/1745
f 873/772/1743 242/797/1742 874/773/1746 2177/747/1744
f 2177/747/1744 874/773/1746 107/748/596 1482/724/595
f 875/723/1745 2177/747/1744 1482/724/595 380/702/591
f 243/721/1738 869/722/1737 2178/701/1747 876/700/1748
f 869/722/1737 549/746/1736 875/723/1745 2178/701/1747
f 2178/701/1747 875/723/1745 380/702/591 1480/683/590
f 876/700/1748 2178/701/1747 1480/683/590 106/682/589
f 37/782/659 877/756/1749 2179/731/1750 880/755/1751
f 877/756/1749 244/732/1752 878/709/1753 2179/731/1750
f 2179/731/1750 878/709/1753 550/689/1754 879/708/1755
f 880/755/1751 2179/731/1750 879/708/1755 246/730/1756
f 244/732/1752 881/710/1757 2180/690/1758 878/709/1753
f 881/710/1757 39/711/938 882/691/1759 2180/690/1758
f 2180/690/1758 882/691/1759 245/675/1760 883/674/1761
f 878/709/1753 2180/690/1758 883/674/1761 550/689/1754
f 550/689/1754 883/674/1761 2181/662/1762 885/673/1763
f 883/674/1761 245/675/1760 884/663/1764 2181/662/1762
f 2181/662/1762 884/663/1764 105/652/578 1478/655/581
f 885/673/1763 2181/662/1762 1478/655/581 382/661/586
f 246/730/1756 879/708/1755 2182/688/1765 886/707/1766
f 879/708/1755 550/689/1754 885/673/1763 2182/688/1765
f 2182/688/1765 885/673/1763 382/661/586 1486/672/600
f 886/707/1766 2182/688/1765 1486/672/600 108/687/602
f 35/836/603 1490/854/606 2183/837/1767 872/818/1741
f 1490/854/606 386/868/611 887/855/1768 2183/837/1767
f 2183/837/1767 887/855/1768 551/838/1769 888/819/1770
f 872/818/1741 2183/837/1767 888/819/1770 242/797/1742
f 386/868/611 1498/879/625 2184/869/1771 887/855/1768
f 1498/879/625 41/888/627 889/880/1772 2184/869/1771
f 2184/869/1771 889/880/1772 247/870/1773 890/856/1774
f 887/855/1768 2184/869/1771 890/856/1774 551/838/1769
f 551/838/1769 890/856/1774 2185/839/1775 892/820/1776
f 890/856/1774 247/870/1773 891/857/1777 2185/839/1775
f 2185/839/1775 891/857/1777 109/840/686 1526/821/685
f 892/820/1776 2185/839/1775 1526/821/685 394/799/681
f 242/797/1742 888/819/1770 2186/798/1778 874/773/1746
f 888/819/1770 551/838/1769 892/820/1776 2186/798/1778
f 2186/798/1778 892/820/1776 394/799/681 1524/774/680
f 874/773/1746 2186/798/1778 1524/774/680 107/748/596
f 41/888/627 1566/881/764 2187/871/1779 889/880/1772
f 1566/881/764 407/872/760 893/859/1780 2187/871/1779
f 2187/871/1779 893/859/1780 552/842/1781 894/858/1782
f 889/880/1772 2187/871/1779 894/858/1782 247/870/1773
f 407/872/760 1563/860/758 2188/843/1783 893/859/1780
f 1563/860/758 44/861/666 895/844/1784 2188/843/1783
f 2188/843/1783 895/844/1784 248/825/1785 896/824/1786
f 893/859/1780 2188/843/1783 896/824/1786 552/842/1781
f 552/842/1781 896/824/1786 2189/802/1787 898/823/1788
f 896/824/1786 248/825/1785 897/803/1789 2189/802/1787
f 2189/802/1787 897/803/1789 110/778/692 1529/777/691
f 898/823/1788 2189/802/1787 1529/777/691 395/801/688
f 247/870/1773 894/858/1782 2190/841/1790 891/857/1777
f 894/858/1782 552/842/1781 898/823/1788 2190/841/1790
f 2190/841/1790 898/823/1788 395/801/688 1527/822/687
f 891/857/1777 2190/841/1790 1527/822/687 109/840/686
f 44/861/666 1516/845/665 2191/826/1791 895/844/1784
f 1516/845/665 391/827/661 899/805/1792 2191/826/1791
f 2191/826/1791 899/805/1792 553/780/1793 900/804/1794
f 895/844/1784 2191/826/1791 900/804/1794 248/825/1785
f 391/827/661 1514/806/660 2192/781/1795 899/805/1792
f 1514/806/660 37/782/659 880/755/1751 2192/781/1795
f 2192/781/1795 880/755/1751 246/730/1756 901/754/1796
f 899/805/1792 2192/781/1795 901/754/1796 553/780/1793
f 553/780/1793 901/754/1796 2193/729/1797 902/753/1798
f 901/754/1796 246/730/1756 886/707/1766 2193/729/1797
f 2193/729/1797 886/707/1766 108/687/602 1523/706/674
f 902/753/1798 2193/729/1797 1523/706/674 396/728/678
f 248/825/1785 900/804/1794 2194/779/1799 897/803/1789
f 900/804/1794 553/780/1793 902/753/1798 2194/779/1799
f 2194/779/1799 902/753/1798 396/728/678 1530/752/690
f 897/803/1789 2194/779/1799 1530/752/690 110/778/692
f 39/711/938 1656/712/941 2195/692/1800 882/691/1759
f 1656/712/941 437/735/946 903/713/1801 2195/692/1800
f 2195/692/1800 903/713/1801 554/693/1802 904/676/1803
f 882/691/1759 2195/692/1800 904/676/1803 245/675/1760
f 437/735/946 1664/760/960 2196/736/1804 903/713/1801
f 1664/760/960 57/785/962 905/761/1805 2196/736/1804
f 2196/736/1804 905/761/1805 249/737/1806 906/714/1807
f 903/713/1801 2196/736/1804 906/714/1807 554/693/1802
f 554/693/1802 906/714/1807 2197/694/1808 908/677/1809
f 906/714/1807 249/737/1806 907/715/1810 2197/694/1808
f 2197/694/1808 907/715/1810 111/695/1021 1692/678/1020
f 908/677/1809 2197/694/1808 1692/678/1020 445/665/1016
f 245/675/1760 904/676/1803 2198/664/1811 884/663/1764
f 904/676/1803 554/693/1802 908/677/1809 2198/664/1811
f 2198/664/1811 908/677/1809 445/665/1016 1690/656/1015
f 884/663/1764 2198/664/1811 1690/656/1015 105/652/578
f 57/785/962 784/786/1569 2199/762/1812 905/761/1805
f 784/786/1569 224/811/1565 909/787/1813 2199/762/1812
f 2199/762/1812 909/787/1813 555/763/1814 910/738/1815
f 905/761/1805 2199/762/1812 910/738/1815 249/737/1806
f 224/811/1565 781/832/1563 2200/812/1816 909/787/1813
f 781/832/1563 60/852/1001 911/833/1817 2200/812/1816
f 2200/812/1816 911/833/1817 250/813/1818 912/788/1819
f 909/787/1813 2200/812/1816 912/788/1819 555/763/1814
f 555/763/1814 912/788/1819 2201/764/1820 914/739/1821
f 912/788/1819 250/813/1818 913/789/1822 2201/764/1820
f 2201/764/1820 913/789/1822 112/765/1027 1695/740/1026
f 914/739/1821 2201/764/1820 1695/740/1026 446/717/1023
f 249/737/1806 910/738/1815 2202/716/1823 907/715/1810
f 910/738/1815 555/763/1814 914/739/1821 2202/716/1823
f 2202/716/1823 914/739/1821 446/717/1023 1693/696/1022
f 907/715/1810 2202/716/1823 1693/696/1022 111/695/1021
f 60/852/1001 1682/834/1000 2203/814/1824 911/833/1817
f 1682/834/1000 442/815/996 915/791/1825 2203/814/1824
f 2203/814/1824 915/791/1825 556/767/1826 916/790/1827
f 911/833/1817 2203/814/1824 916/790/1827 250/813/1818
f 442/815/996 1680/792/995 2204/768/1828 915/791/1825
f 1680/792/995 33/769/994 870/744/1733 2204/768/1828
f 2204/768/1828 870/744/1733 243/721/1738 917/743/1829
f 915/791/1825 2204/768/1828 917/743/1829 556/767/1826
f 556/767/1826 917/743/1829 2205/720/1830 918/742/1831
f 917/743/1829 243/721/1738 876/700/1748 2205/720/1830
f 2205/720/1830 876/700/1748 106/682/589 1689/699/1009
f 918/742/1831 2205/720/1830 1689/699/1009 447/719/1013
f 250/813/1818 916/790/1827 2206/766/1832 913/789/1822
f 916/790/1827 556/767/1826 918/742/1831 2206/766/1832
f 2206/766/1832 918/742/1831 447/719/1013 1696/741/1025
f 913/789/1822 2206/766/1832 1696/741/1025 112/765/1027
f 48/1325/751 1570/1333/772 2207/1343/1833 921/1344/1834
f 1570/1333/772 408/1342/770 919/1349/1835 2207/1343/1833
f 2207/919/1833 919/931/1835 557/920/1836 920/909/1837
f 921/918/1834 2207/919/1833 920/909/1837 252/908/1838
f 408/1342/770 1568/1348/769 2208/1353/1839 919/1349/1835
f 1568/1348/769 45/1352/712 922/1359/1840 2208/1353/1839
f 2208/1353/1839 922/1359/1840 251/1369/1841 923/1360/1842
f 919/1349/1835 2208/1353/1839 923/1360/1842 557/1361/1836
f 557/920/1836 923/932/1842 2209/921/1843 925/910/1844
f 923/932/1842 251/942/1841 924/933/1845 2209/921/1843
f 2209/921/1843 924/933/1845 113/922/844 1605/911/842
f 925/910/1844 2209/921/1843 1605/911/842 418/903/837
f 252/908/1838 920/909/1837 2210/902/1846 926/901/1847
f 920/909/1837 557/920/1836 925/910/1844 2210/902/1846
f 2210/902/1846 925/910/1844 418/903/837 1601/898/834
f 926/901/1847 2210/902/1846 1601/898/834 114/897/833
f 45/1352/712 1573/1367/774 2211/1368/1848 922/1359/1840
f 1573/2479/774 411/2480/778 927/2486/1849 2211/2487/1848
f 2211/960/1848 927/961/1849 558/951/1850 928/943/1851
f 922/1359/1840 2211/1368/1848 928/1374/1851 251/1369/1841
f 411/972/778 1580/973/790 2212/968/1852 927/961/1849
f 1580/973/790 49/978/792 929/974/1853 2212/968/1852
f 2212/968/1852 929/974/1853 253/969/1854 930/962/1855
f 927/961/1849 2212/968/1852 930/962/1855 558/951/1850
f 558/951/1850 930/962/1855 2213/952/1856 932/944/1857
f 930/962/1855 253/969/1854 931/963/1858 2213/952/1856
f 2213/952/1856 931/963/1858 115/953/851 1608/945/850
f 932/944/1857 2213/952/1856 1608/945/850 419/935/846
f 251/942/1841 928/943/1851 2214/934/1859 924/933/1845
f 928/943/1851 558/951/1850 932/944/1857 2214/934/1859
f 2214/934/1859 932/944/1857 419/935/846 1606/923/845
f 924/933/1845 2214/934/1859 1606/923/845 113/922/844
f 49/978/792 933/975/1860 2215/970/1861 929/974/1853
f 933/975/1860 254/971/1862 934/965/1863 2215/970/1861
f 2215/970/1861 934/965/1863 559/955/1864 935/964/1865
f 929/974/1853 2215/970/1861 935/964/1865 253/969/1854
f 254/971/1862 936/966/1866 2216/956/1867 934/965/1863
f 936/966/1866 52/967/826 937/957/1868 2216/956/1867
f 2216/956/1867 937/957/1868 255/949/1869 938/948/1870
f 934/965/1863 2216/956/1867 938/948/1870 559/955/1864
f 559/955/1864 938/948/1870 2217/938/1871 940/947/1872
f 938/948/1870 255/949/1869 939/939/1873 2217/938/1871
f 2217/938/1871 939/939/1873 116/927/857 1611/926/856
f 940/947/1872 2217/938/1871 1611/926/856 420/937/853
f 253/969/1854 935/964/1865 2218/954/1874 931/963/1858
f 935/964/1865 559/955/1864 940/947/1872 2218/954/1874
f 2218/954/1874 940/947/1872 420/937/853 1609/946/852
f 931/963/1858 2218/954/1874 1609/946/852 115/953/851
f 52/967/826 1596/958/825 2219/950/1875 937/957/1868
f 1596/958/825 415/959/821 941/941/1876 2219/950/1875
f 2219/950/1875 941/941/1876 560/929/1877 942/940/1878
f 937/957/1868 2219/950/1875 942/940/1878 255/949/1869
f 415/2781/821 1594/2780/820 2220/2793/1879 941/2794/1876
f 1594/1334/820 48/1325/751 921/1344/1834 2220/1345/1879
f 2220/930/1879 921/918/1834 252/908/1838 943/917/1880
f 941/941/1876 2220/930/1879 943/917/1880 560/929/1877
f 560/929/1877 943/917/1880 2221/907/1881 944/916/1882
f 943/917/1880 252/908/1838 926/901/1847 2221/907/1881
f 2221/907/1881 926/901/1847 114/897/833 1604/900/836
f 944/916/1882 2221/907/1881 1604/900/836 421/906/841
f 255/949/1869 942/940/1878 2222/928/1883 939/939/1873
f 942/940/1878 560/929/1877 944/916/1882 2222/928/1883
f 2222/928/1883 944/916/1882 421/906/841 1612/915/855
f 939/939/1873 2222/928/1883 1612/915/855 116/927/857
f 42/444/1310 842/443/1680 2223/455/1884 947/456/1885
f 842/443/1680 237/454/1676 945/463/1886 2223/455/1884
f 2223/455/1884 945/463/1886 561/472/1887 946/464/1888
f 947/456/1885 2223/455/1884 946/464/1888 257/465/1889
f 237/454/1676 839/462/1674 2224/471/1890 945/463/1886
f 839/462/1674 43/470/1407 948/481/1891 2224/471/1890
f 2224/471/1890 948/481/1891 256/491/1892 949/482/1893
f 945/463/1886 2224/471/1890 949/482/1893 561/472/1887
f 561/472/1887 949/482/1893 2225/492/1894 951/483/1895
f 949/482/1893 256/491/1892 950/500/1896 2225/492/1894
f 2225/492/1894 950/500/1896 118/511/724 1545/501/722
f 951/483/1895 2225/492/1894 1545/501/722 400/493/717
f 257/465/1889 946/464/1888 2226/473/1897 952/474/1898
f 946/464/1888 561/472/1887 951/483/1895 2226/473/1897
f 2226/473/1897 951/483/1895 400/493/717 1541/484/714
f 952/474/1898 2226/473/1897 1541/484/714 117/485/713
f 43/470/1407 706/489/1410 2227/490/1899 948/481/1891
f 706/2807/1410 204/2808/1415 953/2822/1900 2227/2823/1899
f 2227/490/1899 953/508/1900 562/509/1901 954/499/1902
f 948/481/1891 2227/490/1899 954/499/1902 256/491/1892
f 204/2808/1415 710/2821/1422 2228/2835/1903 953/2822/1900
f 710/2821/1422 47/2834/1391 955/2847/1904 2228/2835/1903
f 2228/2835/1903 955/2847/1904 258/2859/1905 956/2848/1906
f 953/2822/1900 2228/2835/1903 956/2848/1906 562/2849/1901
f 562/509/1901 956/528/1906 2229/529/1907 958/519/1908
f 956/528/1906 258/538/1905 957/539/1909 2229/529/1907
f 2229/529/1907 957/539/1909 119/550/731 1548/540/730
f 958/519/1908 2229/529/1907 1548/540/730 401/530/726
f 256/491/1892 954/499/1902 2230/510/1910 950/500/1896
f 954/499/1902 562/509/1901 958/519/1908 2230/510/1910
f 2230/510/1910 958/519/1908 401/530/726 1546/520/725
f 950/500/1896 2230/510/1910 1546/520/725 118/511/724
f 46/2398/1326 661/2393/1325 2231/2397/1911 961/2403/1912
f 661/2393/1325 191/2390/1322 959/2396/1913 2231/2397/1911
f 2231/497/1911 959/477/1913 563/487/1914 960/498/1915
f 961/506/1912 2231/497/1911 960/498/1915 259/507/1916
f 191/476/1322 659/466/1321 2232/467/1917 959/477/1913
f 659/466/1321 42/444/1310 947/456/1885 2232/467/1917
f 2232/467/1917 947/456/1885 257/465/1889 962/475/1918
f 959/477/1913 2232/467/1917 962/475/1918 563/487/1914
f 563/487/1914 962/475/1918 2233/486/1919 963/496/1920
f 962/475/1918 257/465/1889 952/474/1898 2233/486/1919
f 2233/486/1919 952/474/1898 117/485/713 1544/495/716
f 963/496/1920 2233/486/1919 1544/495/716 403/504/721
f 259/507/1916 960/498/1915 2234/505/1921 964/516/1922
f 960/498/1915 563/487/1914 963/496/1920 2234/505/1921
f 2234/505/1921 963/496/1920 403/504/721 1552/515/735
f 964/516/1922 2234/505/1921 1552/515/735 120/524/737
f 47/2834/1391 698/2846/1394 2235/2858/1923 955/2847/1904
f 698/2846/1394 202/2857/1399 965/2867/1924 2235/2858/1923
f 2235/2858/1923 965/2867/1924 564/2874/1925 966/2868/1926
f 955/2847/1904 2235/2858/1923 966/2868/1926 258/2859/1905
f 202/2857/1399 702/2866/1406 2236/2873/1927 965/2867/1924
f 702/602/1406 51/601/1375 967/594/1928 2236/582/1927
f 2236/582/1927 967/594/1928 260/583/1929 968/570/1930
f 965/581/1924 2236/582/1927 968/570/1930 564/558/1925
f 564/558/1925 968/570/1930 2237/571/1931 970/559/1932
f 968/570/1930 260/583/1929 969/584/1933 2237/571/1931
f 2237/571/1931 969/584/1933 121/595/806 1586/585/805
f 970/559/1932 2237/571/1931 1586/585/805 412/572/801
f 258/538/1905 966/548/1926 2238/549/1934 957/539/1909
f 966/548/1926 564/558/1925 970/559/1932 2238/549/1934
f 2238/549/1934 970/559/1932 412/572/801 1584/560/800
f 957/539/1909 2238/549/1934 1584/560/800 119/550/731
f 51/601/1375 971/593/1935 2239/579/1936 967/594/1928
f 971/593/1935 261/578/1937 972/568/1938 2239/579/1936
f 2239/579/1936 972/568/1938 565/569/1939 973/580/1940
f 967/594/1928 2239/579/1936 973/580/1940 260/583/1929
f 261/578/1937 974/566/1941 2240/556/1942 972/568/1938
f 974/566/1941 50/567/1342 975/546/1943 2240/556/1942
f 2240/556/1942 975/546/1943 262/547/1944 976/557/1945
f 972/568/1938 2240/556/1942 976/557/1945 565/569/1939
f 565/569/1939 976/557/1945 2241/565/1946 978/575/1947
f 976/557/1945 262/547/1944 977/555/1948 2241/565/1946
f 2241/565/1946 977/555/1948 122/564/812 1589/563/811
f 978/575/1947 2241/565/1946 1589/563/811 413/574/808
f 260/583/1929 973/580/1940 2242/587/1949 969/584/1933
f 973/580/1940 565/569/1939 978/575/1947 2242/587/1949
f 2242/587/1949 978/575/1947 413/574/808 1587/586/807
f 969/584/1933 2242/587/1949 1587/586/807 121/595/806
f 50/2425/1342 669/2417/1341 2243/2424/1950 975/2433/1943
f 669/2417/1341 193/2411/1338 979/2416/1951 2243/2424/1950
f 2243/536/1950 979/526/1951 566/527/1952 980/537/1953
f 975/546/1943 2243/536/1950 980/537/1953 262/547/1944
f 193/2411/1338 667/2404/1337 2244/2410/1954 979/2416/1951
f 667/2404/1337 46/2398/1326 961/2403/1912 2244/2410/1954
f 2244/517/1954 961/506/1912 259/507/1916 981/518/1955
f 979/526/1951 2244/517/1954 981/518/1955 566/527/1952
f 566/527/1952 981/518/1955 2245/525/1956 982/535/1957
f 981/518/1955 259/507/1916 964/516/1922 2245/525/1956
f 2245/525/1956 964/516/1922 120/524/737 1583/534/794
f 982/535/1957 2245/525/1956 1583/534/794 414/544/798
f 262/547/1944 980/537/1953 2246/545/1958 977/555/1948
f 980/537/1953 566/527/1952 982/535/1957 2246/545/1958
f 2246/545/1958 982/535/1957 414/544/798 1590/554/810
f 977/555/1948 2246/545/1958 1590/554/810 122/564/812
f 128/1815/1959 983/1816/1960 2247/1817/1961 986/1818/1962
f 983/1816/1960 263/1821/1963 984/1822/1964 2247/1817/1961
f 2247/1079/1961 984/1080/1964 567/1057/1965 985/1069/1966
f 986/1085/1962 2247/1079/1961 985/1069/1966 266/1081/1967
f 263/1821/1963 987/1826/1968 2248/1827/1969 984/1822/1964
f 987/1826/1968 127/1834/1970 988/1835/1971 2248/1827/1969
f 2248/1827/1969 988/1835/1971 264/1844/1972 989/1836/1973
f 984/1822/1964 2248/1827/1969 989/1836/1973 567/1837/1965
f 567/1057/1965 989/1044/1973 2249/1033/1974 992/1046/1975
f 989/1044/1973 264/1045/1972 990/1022/1976 2249/1033/1974
f 2249/1033/1974 990/1022/1976 129/1021/1977 991/1032/1978
f 992/1046/1975 2249/1033/1974 991/1032/1978 265/1043/1979
f 266/1081/1967 985/1069/1966 2250/1058/1980 994/1070/1981
f 985/1069/1966 567/1057/1965 992/1046/1975 2250/1058/1980
f 2250/1058/1980 992/1046/1975 265/1043/1979 993/1056/1982
f 994/1070/1981 2250/1058/1980 993/1056/1982 130/1068/1983
f 49/978/792 1615/985/859 2251/986/1984 997/983/1985
f 1615/2494/859 423/2496/863 995/2497/1986 2251/2498/1984
f 2251/986/1984 995/992/1986 568/993/1987 996/989/1988
f 997/983/1985 2251/986/1984 996/989/1988 268/987/1989
f 423/1594/863 1620/1587/872 2252/1597/1990 995/1603/1986
f 1620/1587/872 53/1588/478 998/1596/1991 2252/1597/1990
f 2252/1597/1990 998/1596/1991 267/1604/1992 999/1605/1993
f 995/1603/1986 2252/1597/1990 999/1605/1993 568/1611/1987
f 568/993/1987 999/1006/1993 2253/1007/1994 1001/999/1995
f 999/1605/1993 267/1604/1992 1000/1612/1996 2253/1613/1994
f 2253/1007/1994 1000/1023/1996 125/1024/931 1648/1014/930
f 1001/999/1995 2253/1007/1994 1648/1014/930 431/1008/926
f 268/987/1989 996/989/1988 2254/994/1997 1002/990/1998
f 996/989/1988 568/993/1987 1001/999/1995 2254/994/1997
f 2254/994/1997 1001/999/1995 431/1008/926 1646/1000/925
f 1002/990/1998 2254/994/1997 1646/1000/925 123/995/924
f 53/1588/478 1430/1593/481 2255/1602/1999 998/1596/1991
f 1430/1593/481 366/1601/486 1003/1609/2000 2255/1602/1999
f 2255/1602/1999 1003/1609/2000 569/1617/2001 1004/1610/2002
f 998/1596/1991 2255/1602/1999 1004/1610/2002 267/1604/1992
f 366/1601/486 1438/1600/500 2256/1608/2003 1003/1609/2000
f 1438/1600/500 56/1590/502 1005/1599/2004 2256/1608/2003
f 2256/1608/2003 1005/1599/2004 269/1607/2005 1006/1616/2006
f 1003/1609/2000 2256/1608/2003 1006/1616/2006 569/1617/2001
f 569/1617/2001 1006/1616/2006 2257/1619/2007 1008/1620/2008
f 1006/1616/2006 269/1607/2005 1007/1615/2009 2257/1619/2007
f 2257/1059/2007 1007/1071/2009 126/1072/937 1651/1060/936
f 1008/1047/2008 2257/1059/2007 1651/1060/936 432/1048/933
f 267/1604/1992 1004/1610/2002 2258/1618/2010 1000/1612/1996
f 1004/1610/2002 569/1617/2001 1008/1620/2008 2258/1618/2010
f 2258/1034/2010 1008/1047/2008 432/1048/933 1649/1035/932
f 1000/1023/1996 2258/1034/2010 1649/1035/932 125/1024/931
f 56/1590/502 1638/1589/910 2259/1598/2011 1005/1599/2004
f 1638/2851/910 428/2838/906 1009/2850/2012 2259/2862/2011
f 2259/2862/2011 1009/2850/2012 570/2861/2013 1010/2869/2014
f 1005/1599/2004 2259/1598/2011 1010/1606/2014 269/1607/2005
f 428/2838/906 1636/2824/905 2260/2837/2015 1009/2850/2012
f 1636/2824/905 52/2809/826 1011/2836/2016 2260/2837/2015
f 2260/1075/2015 1011/1064/2016 270/1052/2017 1012/1063/2018
f 1009/2850/2012 2260/2837/2015 1012/2860/2018 570/2861/2013
f 570/1074/2013 1012/1063/2018 2261/1051/2019 1014/1062/2020
f 1012/1063/2018 270/1052/2017 1013/1039/2021 2261/1051/2019
f 2261/1051/2019 1013/1039/2021 124/1028/913 1644/1038/916
f 1014/1062/2020 2261/1051/2019 1644/1038/916 433/1050/921
f 269/1607/2005 1010/1606/2014 2262/1614/2022 1007/1615/2009
f 1010/1082/2014 570/1074/2013 1014/1062/2020 2262/1073/2022
f 2262/1073/2022 1014/1062/2020 433/1050/921 1652/1061/935
f 1007/1071/2009 2262/1073/2022 1652/1061/935 126/1072/937
f 52/1838/826 936/1839/1866 2263/1829/2023 1017/1828/2024
f 936/966/1866 254/971/1862 1015/976/2025 2263/977/2023
f 2263/1829/2023 1015/1840/2025 571/1830/2026 1016/1824/2027
f 1017/1828/2024 2263/1829/2023 1016/1824/2027 272/1823/2028
f 254/971/1862 933/975/1860 2264/979/2029 1015/976/2025
f 933/975/1860 49/978/792 1018/982/2030 2264/979/2029
f 2264/1845/2029 1018/1849/2030 271/1846/2031 1019/1841/2032
f 1015/1840/2025 2264/1845/2029 1019/1841/2032 571/1830/2026
f 571/1830/2026 1019/1841/2032 2265/1833/2033 1021/1825/2034
f 1019/1841/2032 271/1846/2031 1020/1842/2035 2265/1833/2033
f 2265/1833/2033 1020/1842/2035 127/1834/1970 987/1826/1968
f 1021/1825/2034 2265/1833/2033 987/1826/1968 263/1821/1963
f 272/1823/2028 1016/1824/2027 2266/1820/2036 1022/1819/2037
f 1016/1824/2027 571/1830/2026 1021/1825/2034 2266/1820/2036
f 2266/1820/2036 1021/1825/2034 263/1821/1963 983/1816/1960
f 1022/1819/2037 2266/1820/2036 983/1816/1960 128/1815/1959
f 49/978/792 997/983/1985 2267/984/2038 1018/982/2030
f 997/983/1985 268/987/1989 1023/988/2039 2267/984/2038
f 2267/1850/2038 1023/1854/2039 572/1851/2040 1024/1847/2041
f 1018/1849/2030 2267/1850/2038 1024/1847/2041 271/1846/2031
f 268/987/1989 1002/990/1998 2268/991/2042 1023/988/2039
f 1002/990/1998 123/995/924 1025/996/2043 2268/991/2042
f 2268/991/2042 1025/996/2043 273/1003/2044 1026/997/2045
f 1023/988/2039 2268/991/2042 1026/997/2045 572/998/2040
f 572/998/2040 1026/997/2045 2269/1004/2046 1028/1005/2047
f 1026/997/2045 273/1003/2044 1027/1013/2048 2269/1004/2046
f 2269/1004/2046 1027/1013/2048 129/1021/1977 990/1022/1976
f 1028/1848/2047 2269/1852/2046 990/1853/1976 264/1844/1972
f 271/1846/2031 1024/1847/2041 2270/1843/2049 1020/1842/2035
f 1024/1847/2041 572/1851/2040 1028/1848/2047 2270/1843/2049
f 2270/1843/2049 1028/1848/2047 264/1844/1972 988/1835/1971
f 1020/1842/2035 2270/1843/2049 988/1835/1971 127/1834/1970
f 123/995/924 1645/1001/922 2271/1002/2050 1025/996/2043
f 1645/1001/922 430/1010/917 1029/1011/2051 2271/1002/2050
f 2271/1002/2050 1029/1011/2051 573/1019/2052 1030/1012/2053
f 1025/996/2043 2271/1002/2050 1030/1012/2053 273/1003/2044
f 430/1010/917 1641/1017/914 2272/1018/2054 1029/1011/2051
f 1641/1017/914 124/1028/913 1031/1029/2055 2272/1018/2054
f 2272/1018/2054 1031/1029/2055 274/1041/2056 1032/1030/2057
f 1029/1011/2051 2272/1018/2054 1032/1030/2057 573/1019/2052
f 573/1019/2052 1032/1030/2057 2273/1042/2058 1034/1031/2059
f 1032/1030/2057 274/1041/2056 1033/1055/2060 2273/1042/2058
f 2273/1042/2058 1033/1055/2060 130/1068/1983 993/1056/1982
f 1034/1031/2059 2273/1042/2058 993/1056/1982 265/1043/1979
f 273/1003/2044 1030/1012/2053 2274/1020/2061 1027/1013/2048
f 1030/1012/2053 573/1019/2052 1034/1031/2059 2274/1020/2061
f 2274/1020/2061 1034/1031/2059 265/1043/1979 991/1032/1978
f 1027/1013/2048 2274/1020/2061 991/1032/1978 129/1021/1977
f 124/1028/913 1013/1039/2021 2275/1040/2062 1031/1029/2055
f 1013/1039/2021 270/1052/2017 1035/1053/2063 2275/1040/2062
f 2275/1040/2062 1035/1053/2063 574/1066/2064 1036/1054/2065
f 1031/1029/2055 2275/1040/2062 1036/1054/2065 274/1041/2056
f 270/1052/2017 1011/1064/2016 2276/1065/2066 1035/1053/2063
f 1011/1064/2016 52/967/826 1017/1076/2024 2276/1065/2066
f 2276/1065/2066 1017/1076/2024 272/1083/2028 1037/1077/2067
f 1035/1053/2063 2276/1065/2066 1037/1077/2067 574/1066/2064
f 574/1066/2064 1037/1077/2067 2277/1084/2068 1038/1078/2069
f 1037/1831/2067 272/1823/2028 1022/1819/2037 2277/1832/2068
f 2277/1084/2068 1022/1086/2037 128/1087/1959 986/1085/1962
f 1038/1078/2069 2277/1084/2068 986/1085/1962 266/1081/1967
f 274/1041/2056 1036/1054/2065 2278/1067/2070 1033/1055/2060
f 1036/1054/2065 574/1066/2064 1038/1078/2069 2278/1067/2070
f 2278/1067/2070 1038/1078/2069 266/1081/1967 994/1070/1981
f 1033/1055/2060 2278/1067/2070 994/1070/1981 130/1068/1983
f 50/567/1342 974/566/1941 2279/576/2071 1041/577/2072
f 974/566/1941 261/578/1937 1039/588/2073 2279/576/2071
f 2279/576/2071 1039/588/2073 575/597/2074 1040/589/2075
f 1041/577/2072 2279/576/2071 1040/589/2075 277/590/2076
f 261/578/1937 971/593/1935 2280/596/2077 1039/588/2073
f 971/593/1935 51/601/1375 1042/603/2078 2280/596/2077
f 2280/596/2077 1042/603/2078 275/611/2079 1043/604/2080
f 1039/588/2073 2280/596/2077 1043/604/2080 575/597/2074
f 575/597/2074 1043/604/2080 2281/612/2081 1046/605/2082
f 1043/604/2080 275/611/2079 1044/618/2083 2281/612/2081
f 2281/612/2081 1044/618/2083 132/625/2084 1045/619/2085
f 1046/605/2082 2281/612/2081 1045/619/2085 276/613/2086
f 277/590/2076 1040/589/2075 2282/598/2087 1048/599/2088
f 1040/589/2075 575/597/2074 1046/605/2082 2282/598/2087
f 2282/598/2087 1046/605/2082 276/613/2086 1047/606/2089
f 1048/599/2088 2282/598/2087 1047/606/2089 131/607/2090
f 51/601/1375 690/609/1378 2283/610/2091 1042/603/2078
f 690/1486/1378 200/1487/1383 1049/1479/2092 2283/1478/2091
f 2283/1478/2091 1049/1479/2092 576/1471/2093 1050/1470/2094
f 1042/603/2078 2283/610/2091 1050/617/2094 275/611/2079
f 200/1487/1383 694/1493/1390 2284/1488/2095 1049/1479/2092
f 694/1167/1390 55/1157/1374 1051/1154/2096 2284/1164/2095
f 2284/1164/2095 1051/1154/2096 278/1155/2097 1052/1165/2098
f 1049/1479/2092 2284/1488/2095 1052/1480/2098 576/1471/2093
f 576/1471/2093 1052/1480/2098 2285/1472/2099 1055/1462/2100
f 1052/1480/2098 278/1489/2097 1053/1481/2101 2285/1472/2099
f 2285/1472/2099 1053/1481/2101 133/1473/2102 1054/1463/2103
f 1055/1462/2100 2285/1472/2099 1054/1463/2103 279/1453/2104
f 275/611/2079 1050/617/2094 2286/624/2105 1044/618/2083
f 1050/1470/2094 576/1471/2093 1055/1462/2100 2286/1461/2105
f 2286/1461/2105 1055/1462/2100 279/1453/2104 1056/1452/2106
f 1044/618/2083 2286/624/2105 1056/631/2106 132/625/2084
f 55/1157/1374 685/1148/1373 2287/1144/2107 1051/1154/2096
f 685/1148/1373 197/1149/1370 1057/1145/2108 2287/1144/2107
f 2287/1144/2107 1057/1145/2108 577/1146/2109 1058/1147/2110
f 1051/1154/2096 2287/1144/2107 1058/1147/2110 278/1155/2097
f 197/1149/1370 683/1156/1369 2288/1150/2111 1057/1145/2108
f 683/1156/1369 54/1166/1358 1059/1158/2112 2288/1150/2111
f 2288/1150/2111 1059/1158/2112 280/1159/2113 1060/1151/2114
f 1057/1145/2108 2288/1150/2111 1060/1151/2114 577/1146/2109
f 577/1146/2109 1060/1151/2114 2289/1160/2115 1063/1152/2116
f 1060/1151/2114 280/1159/2113 1061/1170/2117 2289/1160/2115
f 2289/1160/2115 1061/1170/2117 134/1176/2118 1062/1171/2119
f 1063/1152/2116 2289/1160/2115 1062/1171/2119 281/1161/2120
f 278/1155/2097 1058/1147/2110 2290/1153/2121 1053/1163/2101
f 1058/1147/2110 577/1146/2109 1063/1152/2116 2290/1153/2121
f 2290/1153/2121 1063/1152/2116 281/1161/2120 1064/1162/2122
f 1053/1163/2101 2290/1153/2121 1064/1162/2122 133/1174/2102
f 54/1166/1358 677/1175/1357 2291/1168/2123 1059/1158/2112
f 677/1490/1357 195/1484/1354 1065/1476/2124 2291/1483/2123
f 2291/1483/2123 1065/1476/2124 578/1468/2125 1066/1475/2126
f 1059/1158/2112 2291/1168/2123 1066/1169/2126 280/1159/2113
f 195/1484/1354 675/1485/1353 2292/1477/2127 1065/1476/2124
f 675/591/1353 50/567/1342 1041/577/2072 2292/592/2127
f 2292/592/2127 1041/577/2072 277/590/2076 1067/600/2128
f 1065/1476/2124 2292/1477/2127 1067/1469/2128 578/1468/2125
f 578/1468/2125 1067/1469/2128 2293/1460/2129 1069/1459/2130
f 1067/600/2128 277/590/2076 1048/599/2088 2293/608/2129
f 2293/608/2129 1048/599/2088 131/607/2090 1068/616/2131
f 1069/1459/2130 2293/1460/2129 1068/1451/2131 282/1450/2132
f 280/1482/2113 1066/1475/2126 2294/1467/2133 1061/1474/2117
f 1066/1475/2126 578/1468/2125 1069/1459/2130 2294/1467/2133
f 2294/1467/2133 1069/1459/2130 282/1450/2132 1070/1458/2134
f 1061/1474/2117 2294/1467/2133 1070/1458/2134 134/1466/2118
f 33/2178/994 1679/2179/992 2295/2166/2135 1073/2165/2136
f 1679/2179/992 441/2194/987 1071/2180/2137 2295/2166/2135
f 2295/2166/2135 1071/2180/2137 579/2167/2138 1072/2156/2139
f 1073/2165/2136 2295/2166/2135 1072/2156/2139 284/2155/2140
f 441/1692/987 1675/1674/984 2296/1691/2141 1071/1708/2137
f 1675/1674/984 62/1657/983 1074/1673/2142 2296/1691/2141
f 2296/2195/2141 1074/2207/2142 283/2196/2143 1075/2181/2144
f 1071/2180/2137 2296/2195/2141 1075/2181/2144 579/2167/2138
f 579/2167/2138 1075/2181/2144 2297/2168/2145 1077/2157/2146
f 1075/2181/2144 283/2196/2143 1076/2182/2147 2297/2168/2145
f 2297/2168/2145 1076/2182/2147 136/2169/464 1419/2158/462
f 1077/2157/2146 2297/2168/2145 1419/2158/462 359/2150/457
f 284/2155/2140 1072/2156/2139 2298/2149/2148 1078/2148/2149
f 1072/2156/2139 579/2167/2138 1077/2157/2146 2298/2149/2148
f 2298/2149/2148 1077/2157/2146 359/2150/457 1415/2145/454
f 1078/2148/2149 2298/2149/2148 1415/2145/454 135/2144/453
f 63/2272/614 1491/2257/612 2299/2242/2150 1081/2256/2151
f 1491/2257/612 383/2243/607 1079/2229/2152 2299/2242/2150
f 2299/2242/2150 1079/2229/2152 580/2216/2153 1080/2228/2154
f 1081/2256/2151 2299/2242/2150 1080/2228/2154 286/2241/2155
f 383/2243/607 1487/2230/604 2300/2217/2156 1079/2229/2152
f 1487/2230/604 35/2231/603 1082/2218/2157 2300/2217/2156
f 2300/2217/2156 1082/2218/2157 285/2205/2158 1083/2204/2159
f 1079/2229/2152 2300/2217/2156 1083/2204/2159 580/2216/2153
f 580/2216/2153 1083/2204/2159 2301/2188/2160 1085/2203/2161
f 1083/2204/2159 285/2205/2158 1084/2189/2162 2301/2188/2160
f 2301/2188/2160 1084/2189/2162 138/2174/477 1425/2173/476
f 1085/2203/2161 2301/2188/2160 1425/2173/476 361/2187/473
f 286/2241/2155 1080/2228/2154 2302/2215/2163 1086/2227/2164
f 1080/2228/2154 580/2216/2153 1085/2203/2161 2302/2215/2163
f 2302/2215/2163 1085/2203/2161 361/2187/473 1423/2202/472
f 1086/2227/2164 2302/2215/2163 1423/2202/472 137/2214/471
f 35/836/603 871/817/1739 2303/835/2165 1082/853/2157
f 871/817/1739 241/795/1734 1087/816/2166 2303/835/2165
f 2303/2206/2165 1087/2191/2166 581/2176/2167 1088/2190/2168
f 1082/2218/2157 2303/2206/2165 1088/2190/2168 285/2205/2158
f 241/795/1734 867/770/1731 2304/794/2169 1087/816/2166
f 867/770/1731 33/769/994 1073/793/2136 2304/794/2169
f 2304/2177/2169 1073/2165/2136 284/2155/2140 1089/2164/2170
f 1087/2191/2166 2304/2177/2169 1089/2164/2170 581/2176/2167
f 581/2176/2167 1089/2164/2170 2305/2154/2171 1090/2163/2172
f 1089/2164/2170 284/2155/2140 1078/2148/2149 2305/2154/2171
f 2305/2154/2171 1078/2148/2149 135/2144/453 1418/2147/456
f 1090/2163/2172 2305/2154/2171 1418/2147/456 362/2153/461
f 285/2205/2158 1088/2190/2168 2306/2175/2173 1084/2189/2162
f 1088/2190/2168 581/2176/2167 1090/2163/2172 2306/2175/2173
f 2306/2175/2173 1090/2163/2172 362/2153/461 1426/2162/475
f 1084/2189/2162 2306/2175/2173 1426/2162/475 138/2174/477
f 62/1657/983 1704/1656/1045 2307/1672/2174 1074/1673/2142
f 1704/1656/1045 449/1671/1041 1091/1690/2175 2307/1672/2174
f 2307/2219/2174 1091/2232/2175 582/2220/2176 1092/2208/2177
f 1074/2207/2142 2307/2219/2174 1092/2208/2177 283/2196/2143
f 449/1671/1041 1702/1689/1040 2308/1707/2178 1091/1690/2175
f 1702/1689/1040 75/1706/1039 1093/1726/2179 2308/1707/2178
f 2308/2246/2178 1093/2261/2179 287/2247/2180 1094/2233/2181
f 1091/2232/2175 2308/2246/2178 1094/2233/2181 582/2220/2176
f 582/2220/2176 1094/2233/2181 2309/2221/2182 1096/2209/2183
f 1094/2233/2181 287/2247/2180 1095/2234/2184 2309/2221/2182
f 2309/2221/2182 1095/2234/2184 139/2222/1061 1712/2210/1060
f 1096/2209/2183 2309/2221/2182 1712/2210/1060 155/2198/1056
f 283/2196/2143 1092/2208/2177 2310/2197/2185 1076/2182/2147
f 1092/2208/2177 582/2220/2176 1096/2209/2183 2310/2197/2185
f 2310/2197/2185 1096/2209/2183 155/2198/1056 1710/2183/1055
f 1076/2182/2147 2310/2197/2185 1710/2183/1055 136/2169/464
f 76/2333/1081 1722/2316/1080 2311/2300/2186 1099/2315/2187
f 1722/2316/1080 158/2301/1076 1097/2285/2188 2311/2300/2186
f 2311/2300/2186 1097/2285/2188 583/2270/2189 1098/2284/2190
f 1099/2315/2187 2311/2300/2186 1098/2284/2190 288/2299/2191
f 158/2301/1076 1720/2286/1075 2312/2271/2192 1097/2285/2188
f 1720/2286/1075 63/2272/614 1081/2256/2151 2312/2271/2192
f 2312/2271/2192 1081/2256/2151 286/2241/2155 1100/2255/2193
f 1097/2285/2188 2312/2271/2192 1100/2255/2193 583/2270/2189
f 583/2270/2189 1100/2255/2193 2313/2240/2194 1101/2254/2195
f 1100/2255/2193 286/2241/2155 1086/2227/2164 2313/2240/2194
f 2313/2240/2194 1086/2227/2164 137/2214/471 1709/2226/1049
f 1101/2254/2195 2313/2240/2194 1709/2226/1049 157/2239/1053
f 288/2299/2191 1098/2284/2190 2314/2269/2196 1102/2283/2197
f 1098/2284/2190 583/2270/2189 1101/2254/2195 2314/2269/2196
f 2314/2269/2196 1101/2254/2195 157/2239/1053 1716/2253/1065
f 1102/2283/2197 2314/2269/2196 1716/2253/1065 140/2268/1067
f 75/1706/1039 755/1721/1513 2315/1739/2198 1093/1726/2179
f 755/1721/1513 217/1740/1508 1103/1755/2199 2315/1739/2198
f 2315/2275/2198 1103/2291/2199 584/2276/2200 1104/2262/2201
f 1093/2261/2179 2315/2275/2198 1104/2262/2201 287/2247/2180
f 217/2323/1508 751/2324/1505 2316/2307/2202 1103/2291/2199
f 751/2324/1505 34/2338/1504 1105/2325/2203 2316/2307/2202
f 2316/2307/2202 1105/2325/2203 289/2308/2204 1106/2292/2205
f 1103/2291/2199 2316/2307/2202 1106/2292/2205 584/2276/2200
f 584/2276/2200 1106/2292/2205 2317/2277/2206 1108/2263/2207
f 1106/2292/2205 289/2308/2204 1107/2293/2208 2317/2277/2206
f 2317/2277/2206 1107/2293/2208 141/2278/1284 640/2264/1283
f 1108/2263/2207 2317/2277/2206 640/2264/1283 185/2249/1279
f 287/2247/2180 1104/2262/2201 2318/2248/2209 1095/2234/2184
f 1104/2262/2201 584/2276/2200 1108/2263/2207 2318/2248/2209
f 2318/2248/2209 1108/2263/2207 185/2249/1279 638/2235/1278
f 1095/2234/2184 2318/2248/2209 638/2235/1278 139/2222/1061
f 34/299/1504 827/298/1652 2319/321/2210 1105/322/2203
f 827/298/1652 233/320/1647 1109/345/2211 2319/321/2210
f 2319/2326/2210 1109/2339/2211 585/2327/2212 1110/2309/2213
f 1105/2325/2203 2319/2326/2210 1110/2309/2213 289/2308/2204
f 233/320/1647 823/344/1644 2320/369/2214 1109/345/2211
f 823/2365/1644 36/2366/1304 1111/2359/2215 2320/2351/2214
f 2320/2351/2214 1111/2359/2215 290/2352/2216 1112/2340/2217
f 1109/2339/2211 2320/2351/2214 1112/2340/2217 585/2327/2212
f 585/2327/2212 1112/2340/2217 2321/2328/2218 1114/2310/2219
f 1112/2340/2217 290/2352/2216 1113/2341/2220 2321/2328/2218
f 2321/2328/2218 1113/2341/2220 142/2329/1290 643/2311/1289
f 1114/2310/2219 2321/2328/2218 643/2311/1289 186/2295/1286
f 289/2308/2204 1110/2309/2213 2322/2294/2221 1107/2293/2208
f 1110/2309/2213 585/2327/2212 1114/2310/2219 2322/2294/2221
f 2322/2294/2221 1114/2310/2219 186/2295/1286 641/2279/1285
f 1107/2293/2208 2322/2294/2221 641/2279/1285 141/2278/1284
f 36/2366/1304 650/2360/1303 2323/2353/2222 1111/2359/2215
f 650/2360/1303 188/2354/1299 1115/2343/2223 2323/2353/2222
f 2323/2353/2222 1115/2343/2223 586/2331/2224 1116/2342/2225
f 1111/2359/2215 2323/2353/2222 1116/2342/2225 290/2352/2216
f 188/2354/1299 648/2344/1298 2324/2332/2226 1115/2343/2223
f 648/2344/1298 76/2333/1081 1099/2315/2187 2324/2332/2226
f 2324/2332/2226 1099/2315/2187 288/2299/2191 1117/2314/2227
f 1115/2343/2223 2324/2332/2226 1117/2314/2227 586/2331/2224
f 586/2331/2224 1117/2314/2227 2325/2298/2228 1118/2313/2229
f 1117/2314/2227 288/2299/2191 1102/2283/2197 2325/2298/2228
f 2325/2298/2228 1102/2283/2197 140/2268/1067 637/2282/1272
f 1118/2313/2229 2325/2298/2228 637/2282/1272 187/2297/1276
f 290/2352/2216 1116/2342/2225 2326/2330/2230 1113/2341/2220
f 1116/2342/2225 586/2331/2224 1118/2313/2229 2326/2330/2230
f 2326/2330/2230 1118/2313/2229 187/2297/1276 644/2312/1288
f 1113/2341/2220 2326/2330/2230 644/2312/1288 142/2329/1290
f 37/2532/659 1513/2533/657 2327/2521/2231 1121/2520/2232
f 1513/2533/657 390/2547/652 1119/2534/2233 2327/2521/2231
f 2327/2521/2231 1119/2534/2233 587/2522/2234 1120/2511/2235
f 1121/2520/2232 2327/2521/2231 1120/2511/2235 292/2510/2236
f 390/2547/652 1509/2560/649 2328/2548/2237 1119/2534/2233
f 1509/2560/649 72/2576/648 1122/2561/2238 2328/2548/2237
f 2328/2548/2237 1122/2561/2238 291/2549/2239 1123/2535/2240
f 1119/2534/2233 2328/2548/2237 1123/2535/2240 587/2522/2234
f 587/2522/2234 1123/2535/2240 2329/2523/2241 1125/2512/2242
f 1123/2535/2240 291/2549/2239 1124/2536/2243 2329/2523/2241
f 2329/2523/2241 1124/2536/2243 144/2524/514 1443/2513/512
f 1125/2512/2242 2329/2523/2241 1443/2513/512 367/2505/507
f 292/2510/2236 1120/2511/2235 2330/2504/2244 1126/2503/2245
f 1120/2511/2235 587/2522/2234 1125/2512/2242 2330/2504/2244
f 2330/2504/2244 1125/2512/2242 367/2505/507 1439/2500/504
f 1126/2503/2245 2330/2504/2244 1439/2500/504 143/2499/503
f 73/1731/949 1657/1743/947 2331/1758/2246 1129/1748/2247
f 1657/1743/947 434/1759/942 1127/1768/2248 2331/1758/2246
f 2331/2605/2246 1127/2587/2248 588/2570/2249 1128/2586/2250
f 1129/2624/2247 2331/2605/2246 1128/2586/2250 294/2604/2251
f 434/1759/942 1653/1769/939 2332/1775/2252 1127/1768/2248
f 1653/2588/939 39/2589/938 1130/2572/2253 2332/2571/2252
f 2332/2571/2252 1130/2572/2253 293/2558/2254 1131/2557/2255
f 1127/2587/2248 2332/2571/2252 1131/2557/2255 588/2570/2249
f 588/2570/2249 1131/2557/2255 2333/2542/2256 1133/2556/2257
f 1131/2557/2255 293/2558/2254 1132/2543/2258 2333/2542/2256
f 2333/2542/2256 1132/2543/2258 146/2529/527 1449/2528/526
f 1133/2556/2257 2333/2542/2256 1449/2528/526 369/2541/523
f 294/2604/2251 1128/2586/2250 2334/2569/2259 1134/2585/2260
f 1128/2586/2250 588/2570/2249 1133/2556/2257 2334/2569/2259
f 2334/2569/2259 1133/2556/2257 369/2541/523 1447/2555/522
f 1134/2585/2260 2334/2569/2259 1447/2555/522 145/2568/521
f 39/711/938 881/710/1757 2335/733/2261 1130/734/2253
f 881/710/1757 244/732/1752 1135/757/2262 2335/733/2261
f 2335/733/2261 1135/757/2262 589/784/2263 1136/758/2264
f 1130/734/2253 2335/733/2261 1136/758/2264 293/759/2254
f 244/732/1752 877/756/1749 2336/783/2265 1135/757/2262
f 877/756/1749 37/782/659 1121/807/2232 2336/783/2265
f 2336/783/2265 1121/807/2232 292/828/2236 1137/808/2266
f 1135/757/2262 2336/783/2265 1137/808/2266 589/784/2263
f 589/2531/2263 1137/2519/2266 2337/2509/2267 1138/2518/2268
f 1137/2519/2266 292/2510/2236 1126/2503/2245 2337/2509/2267
f 2337/2509/2267 1126/2503/2245 143/2499/503 1442/2502/506
f 1138/2518/2268 2337/2509/2267 1442/2502/506 370/2508/511
f 293/2558/2254 1136/2544/2264 2338/2530/2269 1132/2543/2258
f 1136/2544/2264 589/2531/2263 1138/2518/2268 2338/2530/2269
f 2338/2530/2269 1138/2518/2268 370/2508/511 1450/2517/525
f 1132/2543/2258 2338/2530/2269 1450/2517/525 146/2529/527
f 72/2576/648 603/2594/1209 2339/2577/2270 1122/2561/2238
f 603/2594/1209 175/2613/1204 1139/2595/2271 2339/2577/2270
f 2339/2577/2270 1139/2595/2271 590/2578/2272 1140/2562/2273
f 1122/2561/2238 2339/2577/2270 1140/2562/2273 291/2549/2239
f 175/2613/1204 599/2631/1201 2340/2614/2274 1139/2595/2271
f 599/2631/1201 85/2648/1200 1141/2632/2275 2340/2614/2274
f 2340/2614/2274 1141/2632/2275 295/2615/2276 1142/2596/2277
f 1139/2595/2271 2340/2614/2274 1142/2596/2277 590/2578/2272
f 590/2578/2272 1142/2596/2277 2341/2579/2278 1144/2563/2279
f 1142/2596/2277 295/2615/2276 1143/2597/2280 2341/2579/2278
f 2341/2579/2278 1143/2597/2280 147/2580/1229 612/2564/1228
f 1144/2563/2279 2341/2579/2278 612/2564/1228 177/2551/1224
f 291/2549/2239 1140/2562/2273 2342/2550/2281 1124/2536/2243
f 1140/2562/2273 590/2578/2272 1144/2563/2279 2342/2550/2281
f 2342/2550/2281 1144/2563/2279 177/2551/1224 610/2537/1223
f 1124/2536/2243 2342/2550/2281 610/2537/1223 144/2524/514
f 86/1750/1249 622/1734/1248 2343/1749/2282 1147/1762/2283
f 622/1734/1248 180/1716/1244 1145/1733/2284 2343/1749/2282
f 2343/2677/2282 1145/2659/2284 591/2641/2285 1146/2658/2286
f 1147/2693/2283 2343/2677/2282 1146/2658/2286 296/2676/2287
f 180/1716/1244 620/1715/1243 2344/1732/2288 1145/1733/2284
f 620/1715/1243 73/1731/949 1129/1748/2247 2344/1732/2288
f 2344/2642/2288 1129/2624/2247 294/2604/2251 1148/2623/2289
f 1145/2659/2284 2344/2642/2288 1148/2623/2289 591/2641/2285
f 591/2641/2285 1148/2623/2289 2345/2603/2290 1149/2622/2291
f 1148/2623/2289 294/2604/2251 1134/2585/2260 2345/2603/2290
f 2345/2603/2290 1134/2585/2260 145/2568/521 609/2584/1217
f 1149/2622/2291 2345/2603/2290 609/2584/1217 179/2602/1221
f 296/2676/2287 1146/2658/2286 2346/2640/2292 1150/2657/2293
f 1146/2658/2286 591/2641/2285 1149/2622/2291 2346/2640/2292
f 2346/2640/2292 1149/2622/2291 179/2602/1221 616/2621/1233
f 1150/2657/2293 2346/2640/2292 616/2621/1233 148/2639/1235
f 85/2648/1200 715/2667/1432 2347/2649/2294 1141/2632/2275
f 715/2667/1432 205/2684/1427 1151/2668/2295 2347/2649/2294
f 2347/2649/2294 1151/2668/2295 592/2650/2296 1152/2633/2297
f 1141/2632/2275 2347/2649/2294 1152/2633/2297 295/2615/2276
f 205/2684/1427 711/2702/1424 2348/2685/2298 1151/2668/2295
f 711/2702/1424 38/2720/1423 1153/2703/2299 2348/2685/2298
f 2348/2685/2298 1153/2703/2299 297/2686/2300 1154/2669/2301
f 1151/2668/2295 2348/2685/2298 1154/2669/2301 592/2650/2296
f 592/2650/2296 1154/2669/2301 2349/2651/2302 1156/2634/2303
f 1154/2669/2301 297/2686/2300 1155/2670/2304 2349/2651/2302
f 2349/2651/2302 1155/2670/2304 149/2652/1452 724/2635/1451
f 1156/2634/2303 2349/2651/2302 724/2635/1451 207/2617/1447
f 295/2615/2276 1152/2633/2297 2350/2616/2305 1143/2597/2280
f 1152/2633/2297 592/2650/2296 1156/2634/2303 2350/2616/2305
f 2350/2616/2305 1156/2634/2303 207/2617/1447 722/2598/1446
f 1143/2597/2280 2350/2616/2305 722/2598/1446 147/2580/1229
f 38/420/1423 817/400/1634 2351/419/2306 1153/436/2299
f 817/400/1634 230/380/1629 1157/399/2307 2351/419/2306
f 2351/419/2306 1157/399/2307 593/418/2308 1158/435/2309
f 1153/2703/2299 2351/2704/2306 1158/2687/2309 297/2686/2300
f 230/380/1629 813/356/1626 2352/379/2310 1157/399/2307
f 813/356/1626 40/355/1472 1159/378/2311 2352/379/2310
f 2352/2750/2310 1159/2751/2311 298/2737/2312 1160/2721/2313
f 1157/399/2307 2352/379/2310 1160/417/2313 593/418/2308
f 593/2705/2308 1160/2721/2313 2353/2706/2314 1162/2688/2315
f 1160/2721/2313 298/2737/2312 1161/2722/2316 2353/2706/2314
f 2353/2706/2314 1161/2722/2316 150/2707/1458 727/2689/1457
f 1162/2688/2315 2353/2706/2314 727/2689/1457 208/2672/1454
f 297/2686/2300 1158/2687/2309 2354/2671/2317 1155/2670/2304
f 1158/2687/2309 593/2705/2308 1162/2688/2315 2354/2671/2317
f 2354/2671/2317 1162/2688/2315 208/2672/1454 725/2653/1453
f 1155/2670/2304 2354/2671/2317 725/2653/1453 149/2652/1452
f 40/2765/1472 734/2766/1471 2355/2738/2318 1159/2751/2311
f 734/1777/1471 210/1772/1467 1163/1776/2319 2355/1779/2318
f 2355/2738/2318 1163/2724/2319 594/2709/2320 1164/2723/2321
f 1159/2751/2311 2355/2738/2318 1164/2723/2321 298/2737/2312
f 210/1772/1467 732/1763/1466 2356/1771/2322 1163/1776/2319
f 732/1763/1466 86/1750/1249 1147/1762/2283 2356/1771/2322
f 2356/2710/2322 1147/2693/2283 296/2676/2287 1165/2692/2323
f 1163/2724/2319 2356/2710/2322 1165/2692/2323 594/2709/2320
f 594/2709/2320 1165/2692/2323 2357/2675/2324 1166/2691/2325
f 1165/2692/2323 296/2676/2287 1150/2657/2293 2357/2675/2324
f 2357/2675/2324 1150/2657/2293 148/2639/1235 721/2656/1440
f 1166/2691/2325 2357/2675/2324 721/2656/1440 209/2674/1444
f 298/2737/2312 1164/2723/2321 2358/2708/2326 1161/2722/2316
f 1164/2723/2321 594/2709/2320 1166/2691/2325 2358/2708/2326
f 2358/2708/2326 1166/2691/2325 209/2674/1444 728/2690/1456
f 1161/2722/2316 2358/2708/2326 728/2690/1456 150/2707/1458
f 131/607/2090 1047/606/2089 2359/614/2327 1169/615/2328
f 1047/606/2089 276/613/2086 1167/620/2329 2359/614/2327
f 2359/614/2327 1167/620/2329 595/627/2330 1168/621/2331
f 1169/615/2328 2359/614/2327 1168/621/2331 300/622/2332
f 276/613/2086 1045/619/2085 2360/626/2333 1167/620/2329
f 1045/619/2085 132/625/2084 1170/632/2334 2360/626/2333
f 2360/626/2333 1170/632/2334 299/639/2335 1171/633/2336
f 1167/620/2329 2360/626/2333 1171/633/2336 595/627/2330
f 595/627/2330 1171/633/2336 2361/640/2337 1173/634/2338
f 1171/633/2336 299/639/2335 1172/645/2339 2361/640/2337
f 2361/640/2337 1172/645/2339 152/649/884 1625/646/882
f 1173/634/2338 2361/640/2337 1625/646/882 424/641/877
f 300/622/2332 1168/621/2331 2362/628/2340 1174/629/2341
f 1168/621/2331 595/627/2330 1173/634/2338 2362/628/2340
f 2362/628/2340 1173/634/2338 424/641/877 1621/635/874
f 1174/629/2341 2362/628/2340 1621/635/874 151/636/873
f 132/625/2084 1056/631/2106 2363/638/2342 1170/632/2334
f 1056/1452/2106 279/1453/2104 1175/1444/2343 2363/1443/2342
f 2363/1443/2342 1175/1444/2343 596/1433/2344 1176/1432/2345
f 1170/632/2334 2363/638/2342 1176/644/2345 299/639/2335
f 279/1453/2104 1054/1463/2103 2364/1454/2346 1175/1444/2343
f 1054/1463/2103 133/1473/2102 1177/1464/2347 2364/1454/2346
f 2364/1454/2346 1177/1464/2347 301/1455/2348 1178/1445/2349
f 1175/1444/2343 2364/1454/2346 1178/1445/2349 596/1433/2344
f 596/1433/2344 1178/1445/2349 2365/1434/2350 1180/1423/2351
f 1178/1445/2349 301/1455/2348 1179/1446/2352 2365/1434/2350
f 2365/1434/2350 1179/1446/2352 153/1435/891 1628/1424/890
f 1180/1423/2351 2365/1434/2350 1628/1424/890 425/1415/886
f 299/639/2335 1176/644/2345 2366/648/2353 1172/645/2339
f 1176/1432/2345 596/1433/2344 1180/1423/2351 2366/1422/2353
f 2366/1422/2353 1180/1423/2351 425/1415/886 1626/1414/885
f 1172/645/2339 2366/648/2353 1626/651/885 152/649/884
f 133/1174/2102 1064/1162/2122 2367/1173/2354 1177/1180/2347
f 1064/1162/2122 281/1161/2120 1181/1172/2355 2367/1173/2354
f 2367/1173/2354 1181/1172/2355 597/1178/2356 1182/1179/2357
f 1177/1464/2347 2367/1465/2354 1182/1447/2357 301/1455/2348
f 281/1161/2120 1062/1171/2119 2368/1177/2358 1181/1172/2355
f 1062/1171/2119 134/1176/2118 1183/1181/2359 2368/1177/2358
f 2368/1456/2358 1183/1457/2359 302/1448/2360 1184/1438/2361
f 1181/1172/2355 2368/1177/2358 1184/1182/2361 597/1178/2356
f 597/1437/2356 1184/1438/2361 2369/1427/2362 1186/1426/2363
f 1184/1438/2361 302/1448/2360 1185/1439/2364 2369/1427/2362
f 2369/1427/2362 1185/1439/2364 154/1428/897 1631/1418/896
f 1186/1426/2363 2369/1427/2362 1631/1418/896 426/1417/893
f 301/1455/2348 1182/1447/2357 2370/1436/2365 1179/1446/2352
f 1182/1447/2357 597/1437/2356 1186/1426/2363 2370/1436/2365
f 2370/1436/2365 1186/1426/2363 426/1417/893 1629/1425/892
f 1179/1446/2352 2370/1436/2365 1629/1425/892 153/1435/891
f 134/1466/2118 1070/1458/2134 2371/1449/2366 1183/1457/2359
f 1070/1458/2134 282/1450/2132 1187/1441/2367 2371/1449/2366
f 2371/1449/2366 1187/1441/2367 598/1430/2368 1188/1440/2369
f 1183/1457/2359 2371/1449/2366 1188/1440/2369 302/1448/2360
f 282/1450/2132 1068/1451/2131 2372/1442/2370 1187/1441/2367
f 1068/616/2131 131/607/2090 1169/615/2328 2372/623/2370
f 2372/623/2370 1169/615/2328 300/622/2332 1189/630/2371
f 1187/1441/2367 2372/1442/2370 1189/1431/2371 598/1430/2368
f 598/1430/2368 1189/1431/2371 2373/1421/2372 1190/1420/2373
f 1189/630/2371 300/622/2332 1174/629/2341 2373/637/2372
f 2373/637/2372 1174/629/2341 151/636/873 1624/643/876
f 1190/1420/2373 2373/1421/2372 1624/1412/876 427/1413/881
f 302/1448/2360 1188/1440/2369 2374/1429/2374 1185/1439/2364
f 1188/1440/2369 598/1430/2368 1190/1420/2373 2374/1429/2374
f 2374/1429/2374 1190/1420/2373 427/1413/881 1632/1419/895
f 1185/1439/2364 2374/1429/2374 1632/1419/895 154/1428/897
